hotel,is_canceled,lead_time,arrival_date_year,arrival_date_month,arrival_date_week_number,arrival_date_day_of_month,stays_in_weekend_nights,stays_in_week_nights,adults,children,babies,meal,country,market_segment,distribution_channel,is_repeated_guest,previous_cancellations,previous_bookings_not_canceled,reserved_room_type,assigned_room_type,booking_changes,deposit_type,agent,company,days_in_waiting_list,customer_type,adr,required_car_parking_spaces,total_of_special_requests
1,0,342,2015,5,27,1,0,0,2,0.0,0,0,135,3,1,0,0,0,2,2,3,0,,,0,2,0.0,0,0
1,0,737,2015,5,27,1,0,0,2,0.0,0,0,135,3,1,0,0,0,2,2,4,0,,,0,2,0.0,0,0
1,0,7,2015,5,27,1,0,1,1,0.0,0,0,59,3,1,0,0,0,0,2,0,0,,,0,2,75.0,0,0
1,0,13,2015,5,27,1,0,1,1,0.0,0,0,59,2,0,0,0,0,0,0,0,0,304.0,,0,2,75.0,0,0
1,0,14,2015,5,27,1,0,2,2,0.0,0,0,59,6,3,0,0,0,0,0,0,0,240.0,,0,2,98.0,0,1
1,0,14,2015,5,27,1,0,2,2,0.0,0,0,59,6,3,0,0,0,0,0,0,0,240.0,,0,2,98.0,0,1
1,0,0,2015,5,27,1,0,2,2,0.0,0,0,135,3,1,0,0,0,2,2,0,0,,,0,2,107.0,0,0
1,0,9,2015,5,27,1,0,2,2,0.0,0,1,135,3,1,0,0,0,2,2,0,0,303.0,,0,2,103.0,0,1
1,1,85,2015,5,27,1,0,3,2,0.0,0,0,135,6,3,0,0,0,0,0,0,0,240.0,,0,2,82.0,0,1
1,1,75,2015,5,27,1,0,3,2,0.0,0,2,135,5,3,0,0,0,3,3,0,0,15.0,,0,2,105.5,0,0
1,1,23,2015,5,27,1,0,4,2,0.0,0,0,135,6,3,0,0,0,4,4,0,0,240.0,,0,2,123.0,0,0
1,0,35,2015,5,27,1,0,4,2,0.0,0,2,135,6,3,0,0,0,3,3,0,0,240.0,,0,2,145.0,0,0
1,0,68,2015,5,27,1,0,4,2,0.0,0,0,169,6,3,0,0,0,3,4,0,0,240.0,,0,2,97.0,0,3
1,0,18,2015,5,27,1,0,4,2,1.0,0,2,51,6,3,0,0,0,6,6,1,0,241.0,,0,2,154.77,0,1
1,0,37,2015,5,27,1,0,4,2,0.0,0,0,135,6,3,0,0,0,4,4,0,0,241.0,,0,2,94.71,0,0
1,0,68,2015,5,27,1,0,4,2,0.0,0,0,76,6,3,0,0,0,3,4,0,0,240.0,,0,2,97.0,0,3
1,0,37,2015,5,27,1,0,4,2,0.0,0,0,135,5,3,0,0,0,4,4,0,0,8.0,,0,0,97.5,0,0
1,0,12,2015,5,27,1,0,1,2,0.0,0,0,76,6,3,0,0,0,0,4,0,0,240.0,,0,2,88.2,0,0
1,0,0,2015,5,27,1,0,1,2,0.0,0,0,56,2,0,0,0,0,0,6,0,0,,110.0,0,2,107.42,0,0
1,0,7,2015,5,27,1,0,4,2,0.0,0,0,59,3,1,0,0,0,6,6,0,0,250.0,,0,2,153.0,0,1
1,0,37,2015,5,27,1,1,4,1,0.0,0,0,59,6,3,0,0,0,5,5,0,0,241.0,,0,2,97.29,0,1
1,0,72,2015,5,27,1,2,4,2,0.0,0,0,135,3,1,0,0,0,0,0,1,0,250.0,,0,2,84.67,0,1
1,0,72,2015,5,27,1,2,4,2,0.0,0,0,135,3,1,0,0,0,0,0,1,0,250.0,,0,2,84.67,0,1
1,0,72,2015,5,27,1,2,4,2,0.0,0,0,135,3,1,0,0,0,3,3,1,0,250.0,,0,2,99.67,0,1
1,0,127,2015,5,27,1,2,5,2,0.0,0,2,59,5,3,0,0,0,3,8,0,0,115.0,,0,0,94.95,0,1
1,0,78,2015,5,27,1,2,5,2,0.0,0,0,135,5,3,0,0,0,3,3,0,0,5.0,,0,2,63.6,1,0
1,0,48,2015,5,27,1,2,5,2,0.0,0,0,76,5,3,0,0,0,3,3,0,0,8.0,,0,0,79.5,0,0
1,1,60,2015,5,27,1,2,5,2,0.0,0,0,135,6,3,0,0,0,4,4,0,0,240.0,,0,2,107.0,0,2
1,0,77,2015,5,27,1,2,5,2,0.0,0,0,135,6,3,0,0,0,0,0,0,0,240.0,,0,2,94.0,0,0
1,0,99,2015,5,27,1,2,5,2,0.0,0,0,135,6,3,0,0,0,3,3,0,0,240.0,,0,2,87.3,1,1
1,0,118,2015,5,27,1,4,10,1,0.0,0,0,177,3,1,0,0,0,0,0,2,0,,,0,2,62.0,0,2
1,0,95,2015,5,27,1,4,11,2,0.0,0,0,59,5,3,0,0,0,3,3,0,0,241.0,,0,2,63.86,0,0
1,1,96,2015,5,27,1,2,8,2,0.0,0,0,135,3,1,0,0,0,4,4,0,0,,,0,2,108.3,0,2
1,0,69,2015,5,27,2,2,4,2,0.0,0,0,76,5,3,0,0,0,0,2,0,0,175.0,,0,2,65.5,0,0
1,1,45,2015,5,27,2,1,3,3,0.0,0,0,135,6,3,0,0,0,3,3,0,0,241.0,,0,2,108.8,0,1
1,1,40,2015,5,27,2,1,3,3,0.0,0,0,135,6,3,0,0,0,3,3,0,0,241.0,,0,2,108.8,0,1
1,0,15,2015,5,27,2,1,3,2,0.0,0,0,51,6,3,0,0,0,0,2,0,0,240.0,,0,2,98.0,0,0
1,0,36,2015,5,27,2,1,3,3,0.0,0,0,135,6,3,0,0,0,3,3,0,0,241.0,,0,2,108.8,0,1
1,1,43,2015,5,27,2,1,3,3,0.0,0,0,135,6,3,0,0,0,3,3,0,0,241.0,,0,2,108.8,0,0
1,0,70,2015,5,27,2,2,3,2,0.0,0,2,139,3,1,0,0,0,4,4,0,0,250.0,,0,2,137.0,0,1
1,1,45,2015,5,27,2,2,3,2,0.0,0,0,135,6,3,0,0,0,6,6,0,0,241.0,,0,2,117.81,0,0
1,0,45,2015,5,27,2,2,3,2,0.0,0,0,76,5,3,0,0,0,3,3,0,0,8.0,,0,0,79.5,0,0
1,0,16,2015,5,27,2,2,3,2,0.0,0,0,51,3,1,0,0,0,5,5,0,0,,,0,2,123.0,0,0
1,0,70,2015,5,27,2,2,3,2,0.0,0,2,139,3,1,0,0,0,4,4,0,0,250.0,,0,2,137.0,0,1
1,0,107,2015,5,27,2,2,5,2,0.0,0,0,135,6,3,0,0,0,0,0,0,0,240.0,,0,2,110.7,0,2
1,1,47,2015,5,27,2,2,5,2,2.0,0,0,135,6,3,0,0,0,6,6,0,0,240.0,,0,2,153.0,0,0
1,0,96,2015,5,27,2,2,5,2,0.0,0,0,51,5,3,0,0,0,0,0,0,0,134.0,,0,2,58.95,0,1
1,0,113,2015,5,27,2,2,5,2,0.0,0,0,124,5,3,0,0,0,4,4,0,0,156.0,,0,3,82.88,0,2
1,0,90,2015,5,27,2,2,5,2,0.0,0,2,59,5,3,0,0,0,0,1,1,0,243.0,,0,0,82.35,0,0
1,0,50,2015,5,27,2,2,5,2,0.0,0,2,76,6,3,0,0,0,4,5,1,0,241.0,,0,2,119.35,0,1
1,0,113,2015,5,27,2,2,5,2,0.0,0,0,124,5,3,0,0,0,3,3,0,0,156.0,,0,3,67.58,0,2
1,0,93,2015,5,27,2,3,8,2,0.0,0,0,76,5,3,0,0,0,0,0,0,0,156.0,,0,0,56.01,0,0
1,0,76,2015,5,27,2,4,10,2,0.0,0,0,127,5,3,0,0,0,3,3,0,0,243.0,,0,0,110.7,0,0
1,0,3,2015,5,27,2,0,1,2,0.0,0,0,51,6,3,0,0,0,0,2,0,0,240.0,,0,2,88.2,1,0
1,0,1,2015,5,27,2,0,1,2,0.0,0,0,6,6,3,0,0,0,7,7,0,0,240.0,,0,2,147.0,1,0
1,0,1,2015,5,27,2,0,1,2,2.0,0,0,51,3,1,0,0,0,2,2,0,0,,,0,2,107.0,1,2
1,0,0,2015,5,27,2,0,1,2,0.0,0,0,135,3,1,0,0,0,7,7,0,0,,,0,2,147.0,0,0
1,0,0,2015,5,27,2,0,1,2,0.0,0,0,135,6,3,0,0,0,0,3,0,0,240.0,,0,2,117.9,0,2
1,0,0,2015,5,27,2,0,1,2,0.0,0,0,135,3,1,0,0,0,6,6,0,0,,,0,2,123.0,0,0
1,0,14,2015,5,27,2,0,2,2,0.0,0,0,169,6,3,0,0,0,0,2,0,0,242.0,,0,2,98.0,0,1
1,0,10,2015,5,27,2,0,2,2,0.0,0,0,135,6,3,0,0,0,6,6,0,0,241.0,,0,2,117.81,0,0
1,0,5,2015,5,27,2,0,2,2,0.0,0,0,76,6,3,0,0,0,4,4,0,0,240.0,,0,2,135.0,1,2
1,0,17,2015,5,27,2,0,3,2,0.0,0,0,51,3,1,0,0,0,5,5,0,0,250.0,,0,2,133.0,0,1
1,0,93,2015,5,27,2,0,3,2,0.0,0,0,76,5,3,0,0,0,0,2,0,0,115.0,,0,0,58.95,0,0
1,1,3,2015,5,27,2,0,3,2,0.0,0,2,135,6,3,0,0,0,0,0,0,0,240.0,,0,2,136.33,0,2
1,0,10,2015,5,27,3,0,2,2,2.0,0,0,169,6,3,0,0,0,6,7,0,0,240.0,,0,2,153.0,1,0
1,0,3,2015,5,27,3,0,2,2,0.0,0,0,51,6,3,0,0,0,0,2,0,0,240.0,,0,2,110.5,0,0
1,0,51,2015,5,27,3,0,2,2,0.0,0,0,133,6,3,0,0,0,3,3,0,0,242.0,,0,2,97.0,0,0
1,1,71,2015,5,27,3,0,2,3,0.0,0,0,135,5,3,0,0,0,0,0,0,0,242.0,,0,2,110.3,0,2
1,1,63,2015,5,27,3,0,2,2,0.0,0,0,135,6,3,0,0,0,0,0,0,0,240.0,,0,2,82.0,0,2
1,1,62,2015,5,27,3,0,2,2,0.0,0,0,135,6,3,0,0,0,3,3,0,0,240.0,,0,2,97.0,0,1
1,1,101,2015,5,27,3,0,2,2,0.0,0,0,135,6,3,0,0,0,0,0,0,0,240.0,,0,2,73.8,0,1
1,0,2,2015,5,27,3,0,2,2,0.0,0,2,135,5,3,0,0,0,0,0,0,0,3.0,,0,2,91.5,0,0
1,0,15,2015,5,27,3,0,2,2,0.0,0,0,51,6,3,0,0,0,0,0,0,0,240.0,,0,2,114.5,0,0
1,1,51,2015,5,27,3,0,2,3,0.0,0,0,135,6,3,0,0,0,0,0,0,0,242.0,,0,2,110.3,0,0
1,0,3,2015,5,27,3,1,2,2,0.0,0,0,51,6,3,0,0,0,0,0,0,0,240.0,,0,2,90.9,1,0
1,1,48,2015,5,27,3,1,2,2,0.0,0,0,135,6,3,0,0,0,4,4,0,0,240.0,,0,2,123.0,0,0
1,0,2,2015,5,27,3,2,2,1,0.0,0,0,135,6,3,0,0,0,0,0,0,0,240.0,,0,2,122.0,0,0
1,0,72,2015,5,27,3,2,2,2,0.0,0,0,43,5,3,0,0,0,0,0,0,0,105.0,,0,2,110.7,1,0
1,0,81,2015,5,27,3,2,6,3,0.0,0,0,135,5,3,0,0,0,3,3,0,0,5.0,,0,2,85.86,0,0
1,0,99,2015,5,27,3,2,7,2,0.0,0,0,56,5,3,0,0,0,0,0,0,0,40.0,,0,0,58.95,0,0
1,1,368,2015,5,27,3,3,7,2,0.0,0,0,135,5,3,0,0,0,0,0,0,0,40.0,,0,0,55.68,0,0
1,0,364,2015,5,27,3,3,7,2,0.0,0,0,59,5,3,0,0,0,0,0,0,0,40.0,,0,0,55.68,0,0
1,1,81,2015,5,27,3,3,7,2,0.0,0,2,135,3,1,0,0,0,0,0,2,0,250.0,,0,2,124.0,0,1
1,0,99,2015,5,27,3,3,7,2,0.0,0,2,59,5,3,0,0,0,4,4,0,0,115.0,,0,0,111.15,0,0
1,0,324,2015,5,27,3,4,10,2,0.0,0,2,59,5,3,0,0,0,4,4,0,0,40.0,,0,0,134.73,0,0
1,0,69,2015,5,27,3,4,10,2,0.0,0,0,59,6,3,0,0,0,5,5,1,0,241.0,,0,2,92.45,0,1
1,1,79,2015,5,27,3,6,15,2,1.0,0,0,135,5,3,0,0,0,0,0,0,0,242.0,,0,2,108.73,0,2
1,0,12,2015,5,27,3,0,1,2,0.0,0,0,59,6,3,0,0,0,0,2,0,0,240.0,,0,2,73.8,0,0
1,0,9,2015,5,27,3,0,1,2,0.0,0,0,135,6,3,0,0,0,0,2,0,0,240.0,,0,2,98.0,1,2
1,0,1,2015,5,27,3,0,1,2,0.0,0,0,51,6,3,0,0,0,0,2,0,0,240.0,,0,2,131.0,0,1
1,0,21,2015,5,27,3,0,1,2,0.0,0,0,135,6,3,0,0,0,4,4,0,0,240.0,,0,2,123.0,0,0
1,0,9,2015,5,27,3,0,1,2,0.0,0,0,169,6,3,0,0,0,2,2,0,0,241.0,,0,2,94.71,0,0
1,0,109,2015,5,27,3,0,1,2,0.0,0,0,15,6,3,0,0,0,0,0,0,0,240.0,,0,2,123.0,0,2
1,1,109,2015,5,27,3,0,2,2,0.0,0,0,135,6,3,0,0,0,0,0,0,0,240.0,,0,2,123.0,0,1
1,1,72,2015,5,27,3,0,2,2,0.0,0,0,135,6,3,0,0,0,0,0,0,0,240.0,,0,2,73.8,0,1
1,1,63,2015,5,27,3,2,5,2,0.0,0,0,135,6,3,0,0,0,5,5,0,0,242.0,,0,2,117.0,0,1
1,0,63,2015,5,27,3,2,5,3,0.0,0,2,51,5,3,0,0,0,4,4,0,0,105.0,,0,2,196.54,0,1
1,0,101,2015,5,27,3,2,5,2,1.0,0,0,135,6,3,0,0,0,3,3,0,0,240.0,,0,2,99.3,1,2
1,0,102,2015,5,27,3,2,5,2,0.0,0,0,43,3,1,0,0,0,4,4,0,0,250.0,,0,2,90.95,0,0
1,0,4,2015,5,27,4,2,1,2,0.0,0,0,51,3,1,0,0,0,0,2,0,0,250.0,,0,2,92.67,0,1
1,0,98,2015,5,27,4,2,1,2,0.0,0,0,56,5,3,0,0,0,3,3,0,0,8.0,,0,2,71.55,1,0
1,0,92,2015,5,27,4,2,4,1,2.0,0,0,56,5,3,0,0,0,5,5,0,0,241.0,,0,2,96.49,0,2
1,0,95,2015,5,27,4,2,4,2,0.0,0,0,135,6,3,0,0,0,0,2,0,0,240.0,,0,2,85.8,1,2
1,0,102,2015,5,27,4,2,5,2,0.0,0,0,135,6,3,0,0,0,4,4,0,0,240.0,,0,2,96.3,0,1
1,1,26,2015,5,27,4,2,5,2,2.0,0,0,135,6,3,0,0,0,7,7,0,0,240.0,,0,2,163.0,0,0
1,1,73,2015,5,27,4,2,5,3,0.0,0,2,135,3,1,0,0,0,3,3,0,0,250.0,,0,2,172.0,0,1
1,1,102,2015,5,27,4,2,5,2,0.0,0,0,135,6,3,0,0,0,0,0,0,0,240.0,,0,2,110.7,0,1
1,0,115,2015,5,27,4,2,5,2,0.0,0,0,135,5,3,0,0,0,0,0,0,0,134.0,,0,2,58.95,0,1
1,0,102,2015,5,27,4,2,5,2,0.0,1,0,135,6,3,0,0,0,0,0,0,0,240.0,,0,2,73.8,0,2
1,0,86,2015,5,27,4,2,5,2,0.0,0,0,29,6,3,0,0,0,3,3,0,0,240.0,,0,2,97.0,0,2
1,0,78,2015,5,27,4,2,5,2,0.0,1,2,135,6,3,0,0,0,4,5,0,0,240.0,,0,2,139.0,0,2
1,0,52,2015,5,27,4,2,5,2,0.0,0,0,59,6,3,0,0,0,0,0,0,0,147.0,,0,2,67.24,0,0
1,0,29,2015,5,27,4,2,6,3,0.0,0,0,135,6,3,0,0,0,4,4,0,0,241.0,,0,2,116.5,0,1
1,1,101,2015,5,27,4,2,6,2,0.0,0,0,135,6,3,0,0,0,4,4,0,0,240.0,,0,2,96.3,0,1
1,0,109,2015,5,27,4,2,6,2,0.0,0,0,135,6,3,0,0,0,0,0,0,0,240.0,,0,2,123.0,0,1
1,0,92,2015,5,27,4,4,6,2,0.0,0,0,59,5,3,0,0,0,3,3,0,0,40.0,,0,0,71.55,0,1
1,0,92,2015,5,27,4,4,6,2,0.0,0,0,135,5,3,0,0,0,3,3,0,0,40.0,,0,0,71.55,0,1
1,0,79,2015,5,27,4,4,6,2,1.0,0,2,135,3,1,0,0,0,3,3,1,0,250.0,,0,2,149.0,0,1
1,0,2,2015,5,27,4,0,1,2,2.0,0,0,135,6,3,0,0,0,7,6,1,0,240.0,,0,2,163.0,1,0
1,0,30,2015,5,27,4,0,1,2,0.0,0,0,135,5,3,0,0,0,3,2,0,0,8.0,,0,0,79.5,0,0
1,1,51,2015,5,27,4,0,1,1,0.0,0,2,135,6,3,0,0,0,0,0,0,0,240.0,,0,2,105.0,0,0
1,1,36,2015,5,27,4,0,1,1,0.0,0,0,135,3,1,0,0,0,4,6,1,0,250.0,,0,2,123.0,0,0
1,1,73,2015,5,27,4,0,1,2,0.0,0,0,135,6,3,0,0,0,0,0,0,0,240.0,,0,2,73.8,0,2
1,1,33,2015,5,27,4,0,1,2,0.0,0,0,135,6,3,0,0,0,3,3,0,0,240.0,,0,2,113.0,0,0
1,0,32,2015,5,27,4,0,1,4,0.0,0,1,135,1,1,0,0,0,7,7,2,0,,,0,2,0.0,0,1
1,0,8,2015,5,27,4,0,1,2,0.0,0,0,51,6,3,0,0,0,4,4,0,0,240.0,,0,2,123.0,0,0
1,0,100,2015,5,27,4,1,1,2,0.0,0,0,56,6,3,0,0,0,0,2,0,0,240.0,,0,3,73.8,1,1
1,0,1,2015,5,27,4,1,1,2,0.0,0,0,135,6,3,0,0,0,0,0,0,0,240.0,,0,2,114.5,0,0
1,0,100,2015,5,27,4,1,1,2,0.0,0,0,56,6,3,0,0,0,0,0,0,0,240.0,,0,3,73.8,0,2
1,0,100,2015,5,27,4,1,1,2,0.0,0,0,56,6,3,0,0,0,0,2,0,0,240.0,,0,3,73.8,0,1
1,0,9,2015,5,28,5,1,0,2,0.0,0,0,51,6,3,0,0,0,0,2,0,0,240.0,,0,2,88.2,0,1
1,1,5,2015,5,28,5,1,0,2,0.0,0,0,135,6,3,0,0,0,3,3,0,0,240.0,,0,2,97.0,0,0
1,0,0,2015,5,28,5,1,0,2,0.0,0,0,51,6,3,0,0,0,0,2,1,0,306.0,,0,2,85.1,0,0
1,0,9,2015,5,28,5,1,0,1,0.0,0,0,43,6,3,0,0,0,0,0,0,0,184.0,,0,2,89.0,0,0
1,0,2,2015,5,28,5,1,0,1,0.0,0,0,135,6,3,0,0,0,0,3,0,0,240.0,,0,2,80.1,0,0
1,0,2,2015,5,28,5,1,0,2,0.0,0,0,135,6,3,0,0,0,0,4,0,0,240.0,,0,2,98.0,0,0
1,0,9,2015,5,28,5,1,0,1,0.0,0,0,43,6,3,0,0,0,0,0,0,0,184.0,,0,2,101.0,1,0
1,1,5,2015,5,28,5,1,0,2,0.0,0,0,135,6,3,0,0,0,3,3,0,0,240.0,,0,2,97.0,0,0
1,0,2,2015,5,28,5,1,0,2,0.0,0,0,135,3,1,0,0,0,6,6,0,0,,,0,2,167.0,0,1
1,0,44,2015,5,28,5,2,0,3,0.0,0,2,135,6,3,0,0,0,6,6,3,0,240.0,,0,2,225.0,2,0
1,0,80,2015,5,28,5,2,0,2,0.0,0,0,56,6,3,0,0,0,3,4,0,0,240.0,,0,2,97.0,1,0
1,0,97,2015,5,28,5,2,2,2,0.0,0,0,51,6,3,0,0,0,3,3,0,0,240.0,,0,2,87.3,0,2
1,0,109,2015,5,28,5,2,3,2,1.0,0,0,34,5,3,0,0,0,0,3,0,0,241.0,,0,2,85.59,1,2
1,0,30,2015,5,28,5,2,3,2,0.0,0,0,51,6,3,0,0,0,4,4,0,0,240.0,,0,2,123.0,0,0
1,0,64,2015,5,28,5,2,3,2,0.0,0,0,135,6,3,0,0,0,4,4,0,0,240.0,,0,2,107.0,0,0
1,0,39,2015,5,28,5,2,4,2,0.0,0,0,51,6,3,0,0,0,7,7,0,0,240.0,,0,2,163.0,0,0
1,0,90,2015,5,28,5,2,4,2,0.0,0,0,135,6,3,0,0,0,0,0,0,0,240.0,,0,2,82.0,0,0
1,1,34,2015,5,28,5,2,4,2,2.0,0,0,135,6,3,0,0,0,7,7,0,0,240.0,,0,2,163.0,0,0
1,1,93,2015,5,28,5,2,5,2,0.0,0,2,135,5,3,0,0,0,3,3,0,0,15.0,,0,2,105.5,0,0
1,0,97,2015,5,28,5,2,5,2,2.0,0,2,135,3,1,0,0,0,2,2,1,0,250.0,,0,2,164.2,1,1
1,0,29,2015,5,28,5,2,5,2,0.0,0,0,76,6,3,0,0,0,5,5,0,0,241.0,,0,2,97.29,0,1
1,1,101,2015,5,28,5,2,5,2,0.0,0,2,135,6,3,0,0,0,0,0,0,0,240.0,,0,2,114.0,0,1
1,0,27,2015,5,28,5,2,5,2,0.0,0,0,51,5,3,0,0,0,4,4,0,0,175.0,,0,2,98.4,0,0
1,0,8,2015,5,28,5,4,5,2,2.0,0,0,29,6,3,0,0,0,7,7,1,0,240.0,,0,2,175.0,1,1
1,0,82,2015,5,28,5,4,6,2,0.0,0,0,135,5,3,0,0,0,3,3,0,0,5.0,,0,2,63.6,1,2
1,0,94,2015,5,28,5,4,6,3,0.0,0,0,135,3,1,0,0,0,3,2,3,0,,,0,2,124.45,1,1
1,0,110,2015,5,28,5,4,7,2,0.0,0,0,59,5,3,0,0,0,3,3,0,0,40.0,,0,0,110.7,0,0
1,0,96,2015,5,28,5,4,10,1,0.0,0,2,59,5,3,0,0,0,0,0,0,0,40.0,,0,0,74.07,0,0
1,0,79,2015,5,28,5,4,10,2,0.0,0,2,59,5,3,0,0,0,3,3,0,0,243.0,,0,0,134.1,0,0
1,0,115,2015,5,28,6,1,4,2,2.0,0,0,135,6,3,0,0,0,6,6,1,0,240.0,,0,2,167.0,0,0
1,0,111,2015,5,28,6,1,3,2,0.0,0,0,135,6,3,0,0,0,0,2,0,0,240.0,,0,2,123.0,0,2
1,0,51,2015,5,28,6,1,3,2,0.0,0,0,169,6,3,0,0,0,6,6,0,0,241.0,,0,2,117.81,1,2
1,0,94,2015,5,28,6,1,3,3,0.0,0,0,34,5,3,0,0,0,3,3,0,0,96.0,,0,2,171.32,0,1
1,0,81,2015,5,28,6,1,3,2,2.0,0,2,29,3,1,0,0,0,6,6,0,0,250.0,,0,2,210.0,1,0
1,0,84,2015,5,28,6,1,3,2,0.0,1,0,135,6,3,0,0,0,3,4,1,0,240.0,,0,2,97.0,0,2
1,0,51,2015,5,28,6,1,3,3,0.0,0,0,169,6,3,0,0,0,6,6,0,0,241.0,,0,2,117.81,0,2
1,0,111,2015,5,28,6,0,0,2,0.0,0,0,135,6,3,0,0,0,0,7,0,0,240.0,,0,2,0.0,0,2
1,0,0,2015,5,28,6,0,0,1,0.0,0,0,135,3,1,0,0,0,4,7,0,0,250.0,,0,2,0.0,0,0
1,0,2,2015,5,28,6,1,0,2,1.0,0,0,135,3,1,0,0,0,0,4,0,0,,,0,2,131.0,0,0
1,0,7,2015,5,28,6,1,1,2,0.0,0,0,135,6,3,0,0,0,0,4,0,0,240.0,,0,2,98.0,0,2
1,0,98,2015,5,28,6,1,1,2,0.0,0,0,169,6,3,0,0,0,3,5,0,0,240.0,,0,2,87.3,1,1
1,0,95,2015,5,28,6,1,2,2,0.0,0,0,66,6,3,0,0,0,3,3,0,0,240.0,,0,2,97.0,0,1
1,1,48,2015,5,28,6,1,3,2,0.0,0,2,135,6,3,0,0,0,4,4,0,0,240.0,,0,2,167.0,0,0
1,0,66,2015,5,28,6,1,3,2,0.0,0,2,135,5,3,0,0,0,0,4,0,0,175.0,,0,2,91.5,0,0
1,0,104,2015,5,28,6,1,3,2,0.0,0,0,135,6,3,0,0,0,0,2,1,0,240.0,,0,2,73.8,0,1
1,0,28,2015,5,28,6,1,4,2,0.0,0,0,135,6,3,0,0,0,4,4,0,0,240.0,,0,2,123.0,0,0
1,0,34,2015,5,28,6,1,4,2,0.0,0,2,135,3,1,0,0,0,5,5,0,0,250.0,,0,2,175.0,1,0
1,0,98,2015,5,28,6,1,5,2,0.0,0,2,51,6,3,0,0,0,0,2,0,0,240.0,,0,2,117.8,1,1
1,0,104,2015,5,28,6,1,5,2,0.0,0,0,135,6,3,0,0,0,4,4,1,0,240.0,,0,2,117.63,0,0
1,0,68,2015,5,28,6,2,5,2,2.0,0,2,135,6,3,0,0,0,6,6,0,0,240.0,,0,2,185.0,0,0
1,1,86,2015,5,28,6,2,5,1,0.0,0,2,135,5,3,0,0,0,0,0,0,0,175.0,,0,2,71.0,0,1
1,0,258,2015,5,28,6,2,5,2,0.0,0,0,59,5,3,0,0,0,0,0,0,0,2.0,,0,0,47.25,0,0
1,0,111,2015,5,28,6,3,5,2,0.0,0,2,135,6,3,0,0,0,0,2,0,0,240.0,,0,2,151.0,0,1
1,1,94,2015,5,28,6,3,7,2,0.0,0,0,135,6,3,0,0,0,3,3,0,0,240.0,,0,2,87.3,0,0
1,0,112,2015,5,28,6,3,7,2,0.0,0,0,59,5,3,0,0,0,0,0,0,0,242.0,,0,2,120.6,0,1
1,0,100,2015,5,28,6,3,7,2,0.0,0,0,59,5,3,0,0,0,3,3,1,0,241.0,,0,2,63.86,0,1
1,0,33,2015,5,28,6,3,7,2,0.0,0,2,135,3,1,0,0,0,5,5,5,0,250.0,,0,2,157.1,0,1
1,0,97,2015,5,28,6,3,7,2,0.0,0,2,59,5,3,0,0,0,3,3,0,0,156.0,,0,0,91.37,0,2
1,0,80,2015,5,28,6,3,8,1,0.0,0,0,56,3,1,0,0,0,0,0,1,0,,,0,2,73.0,0,0
1,0,90,2015,5,28,6,4,10,2,0.0,0,0,81,5,3,0,0,0,3,3,0,0,8.0,,0,0,110.7,0,0
1,0,111,2015,5,28,6,4,10,2,0.0,0,0,59,5,3,0,0,0,0,0,0,0,40.0,,0,0,93.6,0,0
1,0,65,2015,5,28,6,2,5,2,0.0,0,0,135,5,3,0,0,0,3,3,0,0,127.0,,0,2,83.5,0,0
1,1,67,2015,5,28,7,0,2,2,0.0,0,0,135,6,3,0,0,0,0,0,0,0,240.0,,0,2,73.8,0,1
1,0,55,2015,5,28,7,0,3,2,0.0,0,0,51,6,3,0,0,0,0,0,0,0,240.0,,0,2,82.0,1,2
1,0,21,2015,5,28,7,0,3,2,1.0,0,2,135,3,1,0,0,0,5,5,0,0,250.0,,0,2,185.5,0,1
1,0,8,2015,5,28,7,0,0,2,0.0,0,0,135,3,1,0,0,0,0,0,0,0,,,0,2,0.0,0,1
1,0,8,2015,5,28,7,0,0,2,0.0,0,0,135,6,3,0,0,0,0,4,0,0,240.0,,0,2,0.0,0,1
1,0,0,2015,5,28,7,0,1,1,0.0,0,0,59,6,3,0,0,0,0,0,0,0,240.0,,0,2,109.8,0,3
1,0,0,2015,5,28,7,0,1,3,0.0,0,2,135,3,1,0,0,0,2,2,0,0,,,0,2,195.0,1,0
1,0,0,2015,5,28,7,0,1,1,0.0,0,0,59,6,3,0,0,0,0,0,0,0,240.0,,0,2,109.8,0,3
1,0,8,2015,5,28,7,0,4,3,2.0,0,0,51,6,3,0,0,0,7,7,2,0,240.0,,0,2,193.0,0,1
1,0,66,2015,5,28,7,0,4,2,0.0,0,0,135,6,3,0,0,0,3,3,0,0,240.0,,0,2,97.0,0,2
1,0,88,2015,5,28,7,0,4,3,0.0,0,2,169,5,3,0,0,0,3,4,0,0,95.0,,0,2,150.0,0,1
1,0,0,2015,5,28,7,0,4,2,0.0,0,0,123,3,1,0,0,0,0,0,2,0,,,0,2,98.0,0,0
1,1,43,2015,5,28,7,0,5,2,0.0,0,2,135,5,3,0,0,0,0,0,0,0,134.0,,0,2,91.5,0,0
1,1,88,2015,5,28,7,2,5,2,0.0,0,2,135,6,3,0,0,0,4,4,0,0,240.0,,0,2,139.0,0,2
1,0,54,2015,5,28,7,2,5,2,0.0,0,0,76,5,3,0,0,0,3,3,0,0,8.0,,0,2,79.5,0,0
1,1,292,2015,5,28,7,2,5,2,0.0,0,0,135,5,3,0,0,0,0,0,0,0,2.0,,0,0,47.25,0,0
1,0,112,2015,5,28,7,4,10,2,0.0,0,2,76,5,3,0,0,0,3,3,0,0,156.0,,0,0,126.65,0,1
1,0,68,2015,5,28,8,0,3,2,0.0,0,0,59,6,3,0,0,0,4,4,0,0,240.0,,0,2,107.0,0,1
1,0,7,2015,5,28,8,0,4,2,0.0,0,0,135,6,3,0,0,0,0,0,0,0,240.0,,0,2,131.0,1,2
1,0,1,2015,5,28,8,0,4,2,0.0,0,0,51,6,3,0,0,0,0,0,0,0,240.0,,0,2,131.0,1,1
1,1,113,2015,5,28,8,0,4,2,0.0,0,0,135,6,3,0,0,0,0,0,0,0,240.0,,0,2,123.0,0,1
1,0,5,2015,5,28,8,0,4,2,0.0,0,0,51,6,3,0,0,0,3,3,0,0,240.0,,0,2,146.0,0,1
1,0,83,2015,5,28,8,0,4,2,0.0,0,0,135,5,3,0,0,0,0,0,0,0,105.0,,0,2,110.7,0,1
1,1,105,2015,5,28,8,0,4,2,0.0,0,0,135,6,3,0,0,0,0,0,0,0,240.0,,0,2,73.8,0,1
1,0,0,2015,5,28,8,0,1,1,0.0,0,0,135,5,3,0,0,0,0,0,0,0,146.0,,0,2,61.0,0,0
1,1,1,2015,5,28,8,0,1,2,0.0,0,0,135,2,0,0,0,0,0,0,0,0,,110.0,0,2,104.72,0,1
1,1,1,2015,5,28,8,0,1,2,0.0,0,0,135,2,0,0,0,0,0,0,0,0,,110.0,0,2,104.72,0,1
1,0,1,2015,5,28,8,0,2,2,0.0,0,0,29,2,0,0,0,0,0,5,0,0,,110.0,0,2,104.72,1,1
1,1,102,2015,5,28,8,1,4,2,0.0,0,0,135,3,1,0,0,0,0,0,0,0,9.0,,0,2,66.42,0,1
1,0,113,2015,5,28,8,2,4,2,0.0,0,0,135,3,1,0,0,0,4,4,1,0,250.0,,0,2,77.96,1,1
1,1,280,2015,5,28,8,2,5,2,1.0,0,2,135,5,3,0,0,0,3,3,0,0,40.0,,0,0,112.0,0,1
1,0,96,2015,5,28,8,2,5,2,0.0,0,0,59,6,3,0,0,0,4,5,0,0,240.0,,0,2,107.0,0,1
1,0,394,2015,5,28,8,2,5,2,0.0,0,2,59,5,3,0,0,0,3,3,0,0,40.0,,0,0,89.68,0,0
1,0,33,2015,5,28,8,2,5,2,0.0,0,2,135,6,3,0,0,0,4,4,0,0,240.0,,0,2,155.0,0,0
1,0,82,2015,5,28,8,2,6,3,0.0,0,0,76,3,1,0,0,0,0,0,0,0,250.0,,0,2,112.0,0,1
1,0,100,2015,5,28,8,2,7,3,0.0,0,0,46,6,3,0,0,0,4,4,1,0,240.0,,0,3,130.1,0,3
1,0,100,2015,5,28,8,2,7,2,0.0,0,0,46,6,3,0,0,0,4,4,0,0,240.0,,0,3,100.1,0,2
1,0,17,2015,5,28,9,0,1,2,2.0,0,0,135,6,3,0,0,0,2,2,0,0,242.0,,0,2,123.0,0,3
1,0,68,2015,5,28,9,0,2,3,0.0,0,0,6,3,1,0,0,0,0,2,0,0,250.0,,0,2,124.0,1,1
1,0,12,2015,5,28,9,0,2,2,2.0,0,0,135,3,1,0,0,0,7,6,2,0,,,0,2,146.0,1,0
1,1,77,2015,5,28,9,0,3,2,0.0,0,0,135,3,1,0,0,0,3,3,0,0,250.0,,0,2,97.0,0,0
1,1,24,2015,5,28,9,0,3,2,2.0,0,0,135,6,3,0,0,0,2,2,0,0,242.0,,0,2,123.0,0,1
1,1,44,2015,5,28,9,0,3,2,2.0,0,0,135,6,3,0,0,0,6,6,0,0,240.0,,0,2,153.0,0,0
1,0,78,2015,5,28,9,0,3,2,0.0,1,0,135,6,3,0,0,0,0,0,0,0,240.0,,0,2,82.0,0,2
1,1,17,2015,5,28,9,1,3,2,0.0,0,0,135,6,3,0,0,0,0,0,0,0,240.0,,0,2,105.08,0,0
1,1,103,2015,5,28,9,1,3,2,0.0,0,0,135,6,3,0,0,0,0,0,0,0,240.0,,0,2,65.42,0,0
1,0,16,2015,5,28,9,1,3,1,0.0,0,0,140,3,1,0,0,0,0,0,0,0,250.0,,0,2,98.0,0,1
1,0,14,2015,5,28,9,2,3,2,0.0,0,0,154,6,3,0,0,0,0,0,0,0,241.0,,0,2,75.46,1,1
1,0,77,2015,5,28,9,2,3,2,0.0,0,0,133,5,3,0,0,0,0,0,0,0,177.0,,0,2,65.5,0,0
1,0,90,2015,5,28,9,2,5,2,0.0,0,0,56,5,3,0,0,0,0,3,0,0,6.0,,0,2,90.95,0,0
1,0,90,2015,5,28,9,2,5,2,0.0,0,0,59,5,3,0,0,0,0,0,0,0,40.0,,0,0,93.6,0,0
1,0,90,2015,5,28,9,2,5,2,0.0,0,0,59,5,3,0,0,0,4,4,0,0,143.0,,0,0,119.25,0,0
1,0,366,2015,5,28,9,2,5,2,0.0,0,2,59,5,3,0,0,0,4,4,0,0,40.0,,0,0,134.73,0,0
1,0,249,2015,5,28,9,2,5,2,0.0,0,2,135,6,3,0,0,0,0,0,0,0,240.0,,0,2,112.0,0,1
1,1,69,2015,5,28,9,2,6,2,0.0,0,2,135,6,3,0,0,0,0,0,0,0,240.0,,0,2,118.13,0,2
1,0,10,2015,5,28,10,0,1,2,0.0,0,0,169,3,1,0,0,0,0,0,0,0,250.0,,0,2,131.0,0,0
1,0,22,2015,5,28,10,0,2,2,0.0,0,0,135,6,3,0,0,0,0,0,0,0,240.0,,0,2,88.2,0,0
1,0,91,2015,5,28,10,0,2,2,0.0,0,0,135,6,3,0,0,0,0,0,0,0,240.0,,0,2,73.8,0,1
1,0,23,2015,5,28,10,0,2,2,0.0,0,0,135,6,3,0,0,0,0,0,0,0,240.0,,0,2,98.0,0,0
1,0,11,2015,5,28,10,0,2,2,0.0,0,0,135,6,3,0,0,0,0,0,0,0,240.0,,0,2,110.5,0,1
1,0,3,2015,5,28,10,0,2,2,0.0,0,0,135,6,3,0,0,0,0,0,0,0,240.0,,0,2,131.0,0,1
1,0,13,2015,5,28,10,0,2,2,1.0,0,2,135,6,3,0,0,0,6,6,2,0,240.0,,0,2,185.0,1,1
1,0,108,2015,5,28,10,0,2,2,0.0,0,0,135,6,3,0,0,0,3,3,1,0,240.0,,0,2,87.3,0,2
1,0,91,2015,5,28,10,0,2,2,0.0,0,0,135,6,3,0,0,0,0,0,0,0,240.0,,0,2,73.8,0,1
1,0,37,2015,5,28,10,1,2,2,0.0,0,0,59,6,3,0,0,0,2,2,0,0,105.0,,0,2,120.0,0,1
1,0,21,2015,5,28,10,1,2,2,0.0,0,0,11,3,1,0,0,0,0,2,0,0,250.0,,0,2,98.0,0,1
1,0,106,2015,5,28,10,1,2,2,0.0,0,0,59,6,3,0,0,0,4,4,0,0,240.0,,0,2,96.3,0,2
1,0,30,2015,5,28,10,2,2,2,0.0,0,1,135,3,1,0,0,0,5,5,0,0,,,0,3,197.0,0,1
1,0,30,2015,5,28,10,2,2,2,0.0,0,1,135,3,1,0,0,0,5,5,0,0,,,0,3,197.0,0,1
1,1,51,2015,5,28,10,2,3,2,0.0,0,0,135,6,3,0,0,0,4,4,0,0,240.0,,0,2,123.0,0,0
1,0,79,2015,5,28,10,2,3,2,0.0,0,0,133,6,3,0,0,0,0,0,0,0,240.0,,0,2,82.0,0,2
1,0,21,2015,5,28,10,2,3,2,0.0,2,2,135,3,1,0,0,0,2,2,1,0,250.0,,0,2,165.0,1,3
1,0,35,2015,5,28,10,2,3,2,2.0,0,0,52,6,3,0,0,0,6,6,0,0,240.0,,0,2,149.4,0,0
1,0,78,2015,5,28,10,2,5,2,0.0,0,2,135,6,3,0,0,0,0,0,1,0,240.0,,0,2,106.84,1,2
1,0,31,2015,5,28,10,2,5,2,0.0,0,2,135,3,1,0,0,0,3,3,1,0,250.0,,0,2,161.0,1,1
1,0,78,2015,5,28,10,2,5,2,0.0,0,2,135,6,3,0,0,0,3,3,1,0,240.0,,0,2,134.43,0,2
1,0,78,2015,5,28,10,2,5,2,0.0,0,2,135,6,3,0,0,0,4,4,1,0,240.0,,0,2,144.43,1,2
1,0,44,2015,5,28,10,2,5,1,0.0,0,2,140,5,3,0,0,0,4,4,2,0,244.0,,0,2,152.0,0,0
1,0,34,2015,5,28,10,2,5,2,1.0,0,2,59,6,3,0,0,0,5,5,0,0,241.0,,0,2,125.54,0,3
1,0,87,2015,5,28,10,2,5,2,1.0,1,1,135,5,3,0,0,0,2,2,0,0,5.0,,0,2,133.83,0,2
1,0,11,2015,5,28,10,2,6,3,1.0,0,0,135,3,1,0,0,0,2,2,0,0,250.0,,0,2,159.75,1,0
1,0,115,2015,5,28,10,2,7,2,0.0,0,0,76,6,3,0,0,0,0,0,0,0,240.0,,0,2,120.6,0,2
1,0,86,2015,5,28,10,3,7,2,0.0,0,0,135,6,3,0,0,0,3,3,0,0,240.0,,0,2,112.2,0,0
1,0,41,2015,5,28,10,4,7,2,0.0,1,0,59,6,3,0,0,0,5,5,0,0,241.0,,0,2,110.6,0,0
1,0,32,2015,5,28,10,4,9,2,0.0,0,0,46,6,3,0,0,0,2,2,0,0,241.0,,0,2,105.9,0,0
1,0,34,2015,5,28,10,2,5,2,1.0,0,2,59,6,3,0,0,0,3,3,0,0,241.0,,0,2,95.27,0,3
1,0,34,2015,5,28,10,2,5,2,0.0,0,2,59,6,3,0,0,0,5,5,0,0,241.0,,0,2,108.83,0,1
1,1,100,2015,5,28,11,2,3,2,1.0,0,2,135,5,3,0,0,0,0,0,0,0,149.0,,0,2,153.96,0,0
1,0,44,2015,5,28,11,2,3,2,0.0,0,0,51,6,3,0,0,0,0,0,0,0,240.0,,0,2,120.6,0,0
1,0,304,2015,5,28,11,2,4,2,0.0,1,0,135,3,3,0,0,0,0,0,1,0,240.0,,0,2,90.67,0,1
1,1,36,2015,5,28,11,2,4,2,0.0,0,0,135,6,3,0,0,0,4,4,0,0,240.0,,0,2,126.67,0,0
1,0,117,2015,5,28,11,2,4,3,0.0,0,2,135,5,3,0,0,0,3,3,0,0,15.0,,0,2,144.4,0,1
1,0,70,2015,5,28,11,2,4,2,0.0,0,0,51,6,3,0,0,0,0,0,0,0,240.0,,0,2,99.5,1,2
1,0,110,2015,5,28,11,2,5,2,0.0,0,0,135,3,1,0,0,0,4,4,0,0,250.0,,0,2,139.4,0,1
1,1,109,2015,5,28,11,2,5,2,0.0,0,0,135,6,3,0,0,0,0,0,0,0,240.0,,0,2,73.8,0,1
1,0,33,2015,5,28,11,2,2,2,0.0,0,0,59,6,3,0,0,0,4,4,0,0,241.0,,0,2,89.97,0,1
1,0,33,2015,5,28,11,2,2,2,0.0,0,0,135,6,3,0,0,0,4,4,0,0,240.0,,0,2,123.0,0,0
1,0,33,2015,5,28,11,2,2,2,0.0,0,0,42,6,3,0,0,0,4,4,1,0,240.0,,0,2,123.0,0,0
1,0,0,2015,5,28,11,0,1,1,0.0,0,0,59,3,1,0,0,0,0,0,0,0,,,0,2,123.0,0,0
1,0,0,2015,5,28,11,0,1,2,0.0,0,2,43,6,3,0,0,0,0,0,1,0,240.0,,0,2,144.9,0,1
1,0,0,2015,5,28,11,0,1,2,0.0,0,0,51,3,1,0,0,0,6,6,0,0,,,0,2,153.0,0,0
1,0,0,2015,5,28,11,0,1,2,0.0,0,0,51,6,3,0,0,0,0,0,0,0,240.0,,0,2,131.0,0,1
1,0,84,2015,5,28,11,1,1,2,0.0,0,2,135,2,0,0,0,0,0,0,0,0,,113.0,0,2,100.0,1,0
1,0,71,2015,5,28,11,1,1,2,0.0,0,0,51,5,3,0,0,0,0,0,0,0,175.0,,0,2,65.5,0,0
1,0,16,2015,5,28,11,1,1,2,0.0,0,0,139,6,3,0,0,0,2,2,0,0,242.0,,0,2,123.0,0,1
1,0,54,2015,5,28,11,2,1,2,0.0,0,0,135,6,3,0,0,0,4,5,0,0,240.0,,0,2,123.0,0,0
1,0,8,2015,5,28,11,2,1,2,0.0,0,0,51,6,3,0,0,0,0,0,0,0,240.0,,0,2,131.0,0,0
1,0,36,2015,5,28,11,2,5,2,0.0,0,0,135,5,3,0,0,0,3,3,0,0,5.0,,0,2,104.68,1,0
1,0,40,2015,5,28,11,2,5,2,0.0,0,2,135,6,3,0,0,0,0,0,0,0,242.0,,0,2,166.0,0,0
1,1,59,2015,5,28,11,2,6,2,0.0,0,0,135,6,3,0,0,0,3,3,0,0,240.0,,0,2,111.25,0,2
1,0,79,2015,5,28,11,2,6,2,2.0,0,2,135,3,1,0,0,0,6,6,1,0,250.0,,0,2,213.75,0,0
1,0,32,2015,5,28,11,4,6,2,0.0,0,2,135,6,3,0,0,0,4,4,1,0,240.0,,0,2,178.0,1,0
1,0,110,2015,5,28,11,2,5,2,0.0,0,0,135,3,1,0,0,0,0,0,0,0,250.0,,0,2,113.9,0,1
1,0,33,2015,5,28,11,2,5,2,0.0,0,0,135,6,3,0,0,0,4,4,0,0,240.0,,0,2,129.29,1,0
1,0,53,2015,5,29,12,1,0,2,2.0,0,0,34,6,3,0,0,0,6,6,0,0,240.0,,0,2,153.0,1,0
1,0,2,2015,5,29,12,1,0,2,0.0,0,0,135,6,3,0,0,0,0,0,0,0,240.0,,0,2,98.0,1,2
1,0,8,2015,5,29,12,2,4,2,1.0,0,0,135,6,3,0,0,0,0,0,0,0,240.0,,0,2,169.0,1,2
1,1,72,2015,5,29,12,2,4,2,0.0,0,0,135,6,3,0,0,0,0,0,0,0,240.0,,0,2,93.0,0,2
1,0,12,2015,5,29,12,2,5,2,0.0,0,0,59,6,3,0,0,0,0,0,0,0,240.0,,0,2,132.29,0,0
1,0,48,2015,5,29,12,2,5,2,0.0,0,0,25,5,3,0,0,0,3,3,0,0,243.0,,0,2,123.0,0,1
1,0,90,2015,5,29,12,2,5,2,0.0,0,1,135,5,3,0,0,0,0,0,0,0,5.0,,0,3,117.22,0,1
1,0,34,2015,5,29,12,2,5,2,0.0,1,2,51,5,3,0,0,0,3,3,1,0,156.0,,0,2,149.0,0,1
1,1,58,2015,5,29,12,2,5,3,1.0,0,0,135,3,1,0,0,0,2,2,0,0,250.0,,0,2,164.57,0,1
1,0,59,2015,5,29,12,2,5,2,0.0,0,0,59,5,3,0,0,0,0,0,0,0,115.0,,0,0,107.0,0,0
1,0,90,2015,5,29,12,2,5,2,0.0,1,1,135,5,3,0,0,0,0,0,0,0,5.0,,0,3,117.22,1,2
1,0,116,2015,5,29,12,2,5,2,0.0,0,0,135,5,3,0,0,0,4,4,0,0,40.0,,0,0,119.25,0,0
1,0,31,2015,5,29,12,2,5,2,0.0,0,0,59,5,3,0,0,0,3,3,0,0,243.0,,0,2,123.0,0,0
1,1,51,2015,5,29,12,2,5,2,0.0,0,2,135,6,3,0,0,0,0,0,0,0,241.0,,0,2,105.71,0,0
1,0,48,2015,5,29,12,2,5,2,0.0,0,0,59,5,3,0,0,0,3,3,0,0,243.0,,0,2,123.0,0,1
1,0,59,2015,5,29,12,2,5,2,0.0,0,0,51,6,3,0,0,0,4,4,0,0,240.0,,0,2,144.43,1,2
1,1,97,2015,5,29,12,3,5,2,0.0,0,0,135,6,3,0,0,0,4,4,0,0,240.0,,0,2,126.0,0,1
1,0,12,2015,5,29,12,4,5,2,0.0,0,2,56,6,3,0,0,0,0,0,0,0,240.0,,0,2,148.3,1,2
1,0,64,2015,5,29,12,4,5,2,0.0,0,0,135,6,3,0,0,0,0,0,0,0,240.0,,0,2,125.22,0,1
1,0,31,2015,5,29,12,4,7,2,0.0,0,0,59,5,3,0,0,0,3,3,0,0,243.0,,0,2,123.0,0,0
1,0,59,2015,5,29,12,4,7,2,0.0,0,2,59,5,3,0,0,0,0,0,0,0,243.0,,0,0,130.0,1,1
1,1,55,2015,5,29,12,4,10,2,10.0,0,0,135,5,3,0,0,0,3,3,2,0,8.0,,0,0,133.16,0,1
1,0,81,2015,5,29,12,2,5,2,0.0,0,0,59,5,3,0,0,0,0,0,0,0,147.0,,0,2,78.84,0,0
1,0,1,2015,5,29,12,1,0,2,0.0,0,0,135,6,3,0,0,0,0,0,0,0,240.0,,0,2,80.1,0,0
1,0,34,2015,5,29,12,2,0,2,2.0,0,0,15,6,3,0,0,0,6,6,0,0,240.0,,0,2,193.0,0,1
1,0,13,2015,5,29,12,2,0,2,0.0,0,0,51,6,3,0,0,0,0,0,0,0,240.0,,0,2,88.2,0,0
1,0,40,2015,5,29,12,2,0,2,0.0,0,0,56,6,3,0,0,0,5,4,0,0,241.0,,0,2,90.71,0,0
1,0,1,2015,5,29,12,2,0,2,0.0,0,0,51,6,3,0,0,0,0,1,0,0,240.0,,0,2,114.5,0,1
1,0,34,2015,5,29,12,2,0,2,0.0,0,0,15,6,3,0,0,0,0,0,0,0,240.0,,0,2,120.2,0,1
1,0,88,2015,5,29,12,2,1,2,0.0,0,0,81,5,3,0,0,0,3,3,1,0,8.0,,0,0,79.5,0,0
1,0,9,2015,5,29,12,2,1,2,0.0,0,0,51,6,3,0,0,0,0,0,0,0,240.0,,0,2,117.9,0,3
1,1,24,2015,5,29,12,2,1,2,0.0,0,2,135,6,3,0,0,0,0,0,0,0,240.0,,0,2,128.0,0,0
1,0,97,2015,5,29,12,2,2,2,0.0,0,0,56,5,3,0,0,0,0,3,0,0,6.0,,0,2,90.95,0,0
1,0,60,2015,5,29,12,2,2,2,0.0,1,0,54,6,3,0,0,0,4,4,2,0,240.0,,0,2,107.0,0,2
1,0,100,2015,5,29,12,2,2,2,2.0,0,0,34,3,1,0,0,0,6,6,0,0,250.0,,0,2,130.05,1,1
1,0,50,2015,5,29,12,2,3,2,0.0,0,0,51,5,3,0,0,0,3,3,0,0,156.0,,0,0,123.0,0,0
1,1,47,2015,5,29,12,2,3,2,0.0,0,0,135,6,3,0,0,0,5,5,0,0,241.0,,0,2,103.8,0,0
1,0,8,2015,5,29,12,2,3,2,2.0,0,0,76,6,3,0,0,0,7,7,0,0,240.0,,0,2,196.0,0,1
1,0,34,2015,5,29,12,2,3,2,0.0,0,2,51,6,3,0,0,0,3,3,0,0,240.0,,0,2,149.4,1,0
1,0,47,2015,5,29,13,2,5,2,0.0,0,0,51,6,3,0,0,0,6,6,0,0,240.0,,0,2,175.71,0,0
1,0,115,2015,5,29,13,2,5,2,0.0,1,2,135,5,3,0,0,0,0,0,1,0,134.0,,0,3,119.7,0,2
1,1,79,2015,5,29,13,2,5,2,0.0,0,0,135,6,3,0,0,0,0,0,0,0,240.0,,0,2,100.86,0,1
1,0,91,2015,5,29,13,2,5,2,0.0,0,0,59,6,3,0,0,0,0,0,0,0,240.0,,0,2,100.86,0,0
1,0,98,2015,5,29,13,1,1,2,0.0,0,0,51,6,3,0,0,0,0,0,0,0,240.0,,0,3,82.0,0,3
1,0,109,2015,5,29,13,1,1,2,0.0,0,0,51,6,3,0,0,0,0,2,0,0,240.0,,0,2,73.8,0,1
1,0,0,2015,5,29,13,1,1,2,0.0,0,0,11,6,3,0,0,0,0,2,0,0,240.0,,0,2,117.9,1,0
1,0,98,2015,5,29,13,1,1,2,0.0,0,0,51,6,3,0,0,0,0,0,0,0,240.0,,0,3,82.0,0,3
1,0,0,2015,5,29,13,1,1,4,0.0,0,0,135,3,1,0,0,0,8,7,0,0,,,0,2,150.0,0,0
1,0,9,2015,5,29,13,1,1,2,0.0,0,2,51,6,3,0,0,0,0,0,0,0,240.0,,0,2,161.0,1,2
1,0,62,2015,5,29,13,1,1,2,0.0,0,0,51,6,3,0,0,0,0,0,0,0,147.0,,0,2,64.0,0,2
1,1,45,2015,5,29,13,1,1,2,0.0,0,0,135,6,3,0,0,0,4,4,0,0,240.0,,0,2,123.0,0,0
1,0,42,2015,5,29,13,1,2,2,0.0,0,0,169,6,3,0,0,0,3,4,0,0,240.0,,0,2,110.0,1,0
1,0,54,2015,5,29,13,1,2,2,0.0,0,0,135,6,3,0,0,0,0,0,0,0,240.0,,0,2,88.2,1,1
1,0,51,2015,5,29,13,1,2,2,0.0,0,2,51,6,3,0,0,0,0,0,0,0,240.0,,0,2,130.0,1,0
1,0,54,2015,5,29,13,1,2,2,0.0,0,0,135,6,3,0,0,0,0,0,0,0,240.0,,0,2,88.2,0,1
1,0,58,2015,5,29,13,1,2,2,0.0,0,2,51,3,1,0,0,0,4,5,2,0,250.0,,0,2,165.0,1,1
1,0,0,2015,5,29,13,1,3,1,0.0,0,0,135,2,0,0,0,0,0,0,0,0,167.0,,0,2,114.0,0,0
1,1,60,2015,5,29,13,1,4,2,0.0,0,0,135,5,3,0,0,0,3,3,0,0,15.0,,0,2,79.5,0,0
1,1,321,2015,5,29,13,1,4,2,0.0,0,2,135,3,3,0,0,0,0,0,0,0,240.0,,0,2,132.8,0,1
1,0,40,2015,5,29,13,1,4,2,0.0,0,0,51,3,1,0,0,0,3,3,0,0,250.0,,0,2,120.0,0,2
1,1,51,2015,5,29,13,1,4,2,0.0,0,0,135,5,3,0,0,0,3,3,0,0,156.0,,0,0,79.5,0,0
1,0,38,2015,5,29,13,1,4,2,0.0,0,0,135,3,1,0,0,0,3,4,0,0,,,0,2,120.0,0,0
1,1,75,2015,5,29,13,1,4,2,0.0,0,2,135,6,3,0,0,0,3,3,0,0,240.0,,0,2,144.2,0,1
1,0,101,2015,5,29,13,1,4,2,0.0,0,0,135,6,3,0,0,0,0,0,0,0,240.0,,0,2,107.2,0,0
1,1,42,2015,5,29,13,1,4,2,0.0,0,0,135,6,3,0,0,0,3,3,0,0,240.0,,0,2,120.0,0,0
1,0,40,2015,5,29,13,1,4,2,0.0,0,0,51,3,1,0,0,0,3,3,0,0,250.0,,0,2,120.0,0,2
1,0,109,2015,5,29,13,1,4,3,0.0,0,2,135,3,1,0,0,0,4,4,0,0,,,0,2,163.8,0,1
1,1,81,2015,5,29,13,1,5,2,0.0,0,0,135,6,3,0,0,0,0,0,0,0,240.0,,0,2,98.5,0,2
1,1,98,2015,5,29,13,1,5,2,0.0,0,2,135,6,3,0,0,0,0,0,0,0,240.0,,0,2,130.5,0,0
1,0,32,2015,5,29,13,1,5,1,0.0,0,2,135,5,3,0,0,0,3,2,2,0,300.0,,0,2,153.0,0,0
1,0,72,2015,5,29,13,1,5,2,0.0,0,0,56,6,3,0,0,0,0,0,0,0,240.0,,0,2,98.5,0,2
1,0,115,2015,5,29,13,2,5,2,0.0,0,2,135,5,3,0,0,0,0,0,0,0,134.0,,0,3,119.7,0,2
1,0,118,2015,5,29,13,2,5,2,0.0,0,1,135,3,1,0,0,0,3,3,0,0,250.0,,0,2,184.6,0,1
1,0,81,2015,5,29,13,2,5,2,1.0,0,2,51,3,1,0,0,0,4,4,0,0,250.0,,0,2,181.22,0,2
1,1,95,2015,5,29,13,2,5,2,0.0,0,0,135,6,3,0,0,0,0,0,0,0,240.0,,0,2,100.86,0,1
1,0,16,2015,5,29,13,1,0,2,0.0,0,0,139,6,3,0,0,0,0,0,0,0,240.0,,0,2,100.2,1,3
1,0,56,2015,5,29,13,1,3,2,0.0,0,2,51,6,3,0,0,0,0,0,1,0,240.0,,0,2,134.25,1,0
1,0,88,2015,5,29,13,3,5,2,0.0,0,0,54,5,3,0,0,0,0,0,0,0,8.0,,0,0,96.3,0,0
1,0,41,2015,5,29,13,3,6,2,0.0,0,0,59,6,3,0,0,0,3,3,0,0,147.0,,0,2,83.09,0,2
1,1,40,2015,5,29,14,0,1,2,0.0,0,0,135,5,3,0,0,0,3,3,0,0,171.0,,0,2,105.5,0,0
1,0,1,2015,5,29,14,0,1,1,0.0,0,0,135,2,0,0,0,0,0,0,0,0,,270.0,0,2,134.0,0,0
1,0,1,2015,5,29,14,0,1,2,0.0,0,0,135,6,3,0,0,0,0,0,2,0,240.0,,0,2,8.0,0,1
1,0,1,2015,5,29,14,0,2,2,0.0,0,0,135,6,3,0,0,0,3,3,1,0,240.0,,0,2,146.0,1,1
1,1,76,2015,5,29,14,0,4,2,0.0,0,0,135,6,3,0,0,0,4,4,0,0,240.0,,0,2,126.0,0,2
1,0,0,2015,5,29,14,0,4,2,0.0,0,0,51,6,3,0,0,0,0,2,0,0,240.0,,0,2,111.15,0,1
1,0,49,2015,5,29,14,0,5,2,0.0,0,0,133,6,3,0,0,0,4,5,1,0,240.0,,0,2,136.2,0,2
1,0,76,2015,5,29,14,0,5,2,0.0,0,0,135,3,1,0,0,0,0,0,0,0,250.0,,0,2,101.8,0,0
1,0,73,2015,5,29,14,1,5,2,0.0,0,2,135,3,1,0,0,0,0,0,0,0,,,0,3,127.0,0,1
1,0,73,2015,5,29,14,1,5,2,1.0,0,2,135,3,1,0,0,0,4,4,0,0,,,0,3,161.5,0,2
1,0,317,2015,5,29,14,1,5,2,2.0,0,2,135,3,3,0,0,0,7,6,1,0,240.0,,0,2,230.67,1,2
1,1,112,2015,5,29,14,2,5,1,0.0,0,0,135,6,3,0,0,0,0,0,0,0,240.0,,0,2,65.7,0,1
1,0,6,2015,5,29,14,2,5,2,0.0,0,2,51,6,3,0,0,0,0,0,0,0,240.0,,0,2,180.0,1,2
1,0,8,2015,5,29,14,2,5,2,0.0,0,2,51,6,3,0,0,0,0,0,1,0,240.0,,0,2,168.57,0,1
1,1,96,2015,5,29,14,2,7,2,0.0,0,0,135,5,3,0,0,0,0,0,0,0,242.0,,0,2,107.67,0,1
1,1,96,2015,5,29,14,2,7,2,0.0,0,0,135,6,3,0,0,0,0,0,0,0,240.0,,0,2,96.9,0,1
1,0,99,2015,5,29,14,2,7,2,0.0,0,0,76,3,1,0,0,0,0,0,0,0,,,0,2,107.0,0,1
1,0,66,2015,5,29,14,2,9,2,0.0,0,0,76,6,3,0,0,0,0,1,0,0,147.0,,0,2,73.41,0,0
1,0,38,2015,5,29,14,4,10,2,0.0,0,2,154,6,3,0,0,0,3,3,0,0,241.0,,0,2,109.9,0,2
1,0,38,2015,5,29,14,4,10,2,0.0,0,2,154,6,3,0,0,0,3,3,1,0,241.0,,0,2,109.9,0,2
1,0,113,2015,5,29,14,4,11,3,0.0,0,0,135,3,1,0,0,0,7,7,1,0,,,0,2,187.5,1,3
1,0,0,2015,5,29,14,0,1,1,0.0,0,0,135,2,0,0,0,0,0,2,0,0,,,0,2,134.0,0,0
1,1,62,2015,5,29,15,0,3,2,0.0,0,2,135,5,3,0,0,0,0,0,0,0,171.0,,0,2,91.5,0,0
1,1,39,2015,5,29,15,0,3,2,0.0,0,0,135,6,3,0,0,0,3,3,0,0,240.0,,0,2,132.44,0,0
1,0,37,2015,5,29,15,2,4,2,0.0,0,2,133,6,3,0,0,0,3,3,0,0,241.0,,0,2,106.9,0,0
1,1,58,2015,5,29,15,2,5,2,0.0,0,0,135,6,3,0,0,0,3,3,0,0,240.0,,0,2,131.86,0,0
1,0,37,2015,5,29,15,2,6,2,2.0,0,0,59,6,3,0,0,0,7,7,0,0,240.0,,0,2,216.13,1,0
1,0,57,2015,5,29,15,0,2,2,0.0,0,1,135,4,1,0,0,0,0,2,0,0,305.0,,0,3,107.0,0,0
1,0,57,2015,5,29,15,0,2,2,0.0,0,1,135,4,1,0,0,0,0,0,0,0,305.0,,0,3,107.0,0,0
1,0,57,2015,5,29,15,0,2,2,0.0,0,1,135,4,1,0,0,0,0,0,0,0,305.0,,0,3,107.0,0,0
1,0,57,2015,5,29,15,0,2,2,0.0,0,1,135,4,1,0,0,0,0,2,0,0,305.0,,0,3,107.0,0,0
1,0,57,2015,5,29,15,0,2,2,0.0,0,1,135,4,1,0,0,0,0,3,0,0,305.0,,0,2,107.0,0,0
1,0,83,2015,5,29,15,2,7,2,2.0,0,0,59,6,3,0,0,0,6,6,0,0,240.0,,0,2,190.33,0,1
1,0,57,2015,5,29,15,0,2,2,0.0,0,1,135,4,1,0,0,0,0,0,0,0,305.0,,0,2,107.0,0,0
1,0,57,2015,5,29,15,0,2,1,0.0,0,1,135,4,1,0,0,0,0,5,1,0,305.0,,0,3,94.0,0,0
1,1,57,2015,5,29,15,0,2,2,0.0,0,1,135,4,1,0,0,0,0,0,0,0,305.0,,0,3,0.0,0,0
1,0,57,2015,5,29,15,0,2,2,0.0,0,1,135,4,1,0,0,0,0,2,0,0,305.0,,0,3,98.75,0,0
1,0,57,2015,5,29,15,0,2,3,0.0,0,1,135,4,1,0,0,0,0,2,1,0,305.0,,0,3,148.23,0,0
1,0,57,2015,5,29,15,0,2,1,0.0,0,1,135,4,1,0,0,0,0,4,1,0,305.0,,0,3,94.0,0,0
1,0,57,2015,5,29,15,0,2,2,0.0,0,1,135,4,1,0,0,0,0,3,0,0,305.0,,0,2,107.0,0,0
1,0,57,2015,5,29,15,0,2,2,0.0,0,1,135,4,1,0,0,0,0,3,0,0,305.0,,0,2,107.0,0,0
1,0,57,2015,5,29,15,0,2,3,0.0,0,1,135,4,1,0,0,0,0,2,1,0,305.0,,0,3,148.23,0,0
1,0,57,2015,5,29,15,0,2,1,0.0,0,1,135,4,1,0,0,0,0,0,1,0,305.0,,0,3,0.0,0,0
1,0,57,2015,5,29,15,0,2,2,0.0,0,1,135,4,1,0,0,0,0,0,0,0,305.0,,0,3,107.0,0,0
1,0,57,2015,5,29,15,0,2,2,0.0,0,1,135,4,1,0,0,0,0,0,0,0,305.0,,0,2,107.0,0,0
1,0,57,2015,5,29,15,0,2,2,0.0,0,1,135,4,1,0,0,0,0,0,0,0,305.0,,0,2,107.0,0,0
1,0,57,2015,5,29,15,0,2,2,0.0,0,1,135,4,1,0,0,0,0,0,0,0,305.0,,0,3,107.0,0,0
1,0,57,2015,5,29,15,0,2,2,0.0,0,1,135,4,1,0,0,0,0,2,0,0,305.0,,0,3,98.75,0,0
1,1,66,2015,5,29,16,0,2,2,2.0,0,0,135,6,3,0,0,0,6,6,0,0,240.0,,0,2,195.0,0,1
1,0,13,2015,5,29,16,0,2,2,0.0,0,0,46,6,3,0,0,0,0,3,0,0,240.0,,0,2,120.6,0,1
1,0,50,2015,5,29,16,0,1,2,0.0,0,0,54,6,3,0,0,0,5,5,0,0,241.0,,0,2,123.2,0,0
1,1,48,2015,5,29,16,0,1,1,0.0,0,0,135,3,1,0,0,0,0,0,0,0,146.0,,0,2,112.0,0,0
1,1,0,2015,5,29,16,0,1,2,0.0,0,0,135,6,3,0,0,0,5,5,0,0,241.0,,0,2,123.2,0,0
1,0,7,2015,5,29,16,0,1,2,2.0,0,0,169,6,3,0,0,0,2,2,1,0,242.0,,0,2,169.0,1,1
1,0,0,2015,5,29,16,0,2,2,2.0,0,0,135,3,1,0,0,0,7,6,1,0,,,0,2,198.0,1,0
1,1,66,2015,5,29,16,0,2,2,0.0,0,0,135,6,3,0,0,0,0,0,0,0,240.0,,0,2,103.5,0,1
1,0,13,2015,5,29,16,0,2,2,1.0,0,0,135,6,3,0,0,0,0,3,0,0,240.0,,0,2,135.6,0,1
1,0,66,2015,5,29,16,0,2,2,0.0,0,0,46,6,3,0,0,0,0,0,0,0,240.0,,0,2,103.5,0,1
1,0,10,2015,5,29,16,0,3,2,0.0,0,0,51,3,1,0,0,0,3,3,0,0,250.0,,0,2,184.0,1,0
1,1,10,2015,5,29,16,0,3,2,0.0,0,0,135,3,1,0,0,0,0,0,0,0,250.0,,0,2,134.0,0,0
1,1,58,2015,5,29,16,0,3,2,0.0,0,2,135,6,3,0,0,0,0,0,0,0,240.0,,0,2,147.0,0,0
1,1,17,2015,5,29,16,0,3,2,0.0,0,2,135,6,3,0,0,0,0,0,0,0,240.0,,0,2,151.33,0,0
1,0,19,2015,5,29,16,0,3,2,0.0,0,0,51,6,3,0,0,0,0,3,0,0,240.0,,0,2,121.33,0,1
1,0,10,2015,5,29,16,2,3,2,0.0,0,0,76,3,1,0,0,0,3,3,0,0,250.0,,0,3,150.2,0,1
1,1,12,2015,5,29,16,2,3,2,0.0,0,0,135,3,1,0,0,0,4,4,0,0,,178.0,0,2,139.0,0,0
1,0,10,2015,5,29,16,2,3,1,0.0,0,0,76,3,1,0,0,0,3,3,1,0,250.0,,0,3,150.2,0,1
1,0,63,2015,5,29,16,1,3,2,0.0,0,0,135,6,3,0,0,0,0,5,0,0,147.0,,0,2,75.44,0,1
1,1,35,2015,5,29,16,1,3,2,0.0,0,0,135,6,3,0,0,0,3,3,0,0,240.0,,0,2,135.0,0,0
1,0,113,2015,5,29,16,2,4,2,0.0,0,2,135,6,3,0,0,0,0,0,0,0,240.0,,0,2,166.0,0,1
1,1,35,2015,5,29,16,2,4,2,0.0,0,0,135,6,3,0,0,0,3,3,0,0,240.0,,0,2,135.0,0,0
1,0,68,2015,5,29,16,2,5,2,0.0,0,2,59,5,3,0,0,0,0,0,0,0,243.0,,0,0,130.0,0,0
1,0,113,2015,5,29,16,2,6,2,0.0,0,0,135,5,3,0,0,0,0,0,1,0,67.0,,0,2,96.3,0,0
1,0,21,2015,5,29,16,4,10,1,0.0,0,2,135,3,1,0,0,0,4,4,1,0,,,0,2,160.0,0,0
1,0,6,2015,5,29,17,0,0,2,0.0,0,0,135,6,3,0,0,0,0,0,0,0,240.0,,0,2,0.0,0,1
1,0,7,2015,5,29,17,0,2,2,0.0,0,0,135,3,1,0,0,0,0,5,0,0,,,0,2,127.25,0,1
1,0,17,2015,5,29,17,0,2,2,0.0,0,0,135,6,3,0,0,0,4,5,0,0,240.0,,0,2,164.0,0,2
1,0,1,2015,5,29,17,0,2,2,0.0,0,0,135,6,3,0,0,0,3,4,0,0,240.0,,0,2,144.5,0,0
1,0,2,2015,5,29,17,0,2,2,0.0,0,0,135,5,3,0,0,0,0,0,0,0,196.0,,0,2,112.0,0,0
1,1,15,2015,5,29,17,0,2,2,0.0,0,0,135,6,3,0,0,0,0,0,0,0,240.0,,0,2,134.0,0,1
1,1,7,2015,5,29,17,0,2,2,0.0,0,0,135,3,1,0,0,0,0,0,0,0,,,0,2,127.25,0,1
1,0,11,2015,5,29,17,0,2,2,0.0,0,0,51,6,3,0,0,0,0,3,0,0,240.0,,0,2,155.5,1,0
1,1,6,2015,5,29,17,0,2,2,0.0,0,0,135,6,3,0,0,0,0,2,0,0,241.0,,0,2,110.5,0,1
1,0,1,2015,5,29,17,0,2,2,0.0,0,0,135,3,1,0,0,0,3,3,0,0,,,0,2,144.5,0,0
1,0,1,2015,5,29,17,0,2,2,0.0,0,0,51,3,1,0,0,0,3,4,0,0,250.0,,0,2,144.5,0,0
1,0,48,2015,5,29,17,0,2,2,0.0,0,0,135,5,3,0,0,0,3,5,0,0,196.0,,0,2,123.0,0,0
1,0,15,2015,5,29,17,0,2,2,0.0,0,0,135,6,3,0,0,0,0,4,0,0,240.0,,0,2,120.6,0,1
1,1,3,2015,5,29,17,0,2,1,0.0,0,0,135,5,3,0,0,0,0,0,0,0,5.0,,0,2,107.6,0,0
1,1,23,2015,5,29,17,1,2,2,0.0,0,0,135,6,3,0,0,0,0,0,0,0,240.0,,0,2,120.6,0,1
1,0,53,2015,5,29,17,2,3,2,0.0,0,0,135,5,3,0,0,0,0,0,0,0,152.0,,0,3,107.0,0,0
1,0,53,2015,5,29,17,2,3,2,1.0,0,0,135,5,3,0,0,0,0,0,0,0,152.0,,0,3,133.75,1,0
1,0,94,2015,5,29,17,2,3,2,0.0,0,0,51,3,1,0,0,0,0,3,0,0,250.0,,0,2,103.5,0,0
1,0,64,2015,5,29,17,2,3,1,0.0,0,0,135,5,3,0,0,0,0,0,0,0,175.0,,0,3,84.8,0,1
1,0,53,2015,5,29,17,2,3,2,0.0,0,0,135,5,3,0,0,0,0,0,0,0,152.0,,0,3,107.0,0,0
1,0,53,2015,5,29,17,2,3,1,0.0,0,0,135,5,3,0,0,0,0,0,0,0,152.0,,0,3,107.0,1,0
1,0,64,2015,5,29,17,2,3,1,0.0,0,0,135,5,3,0,0,0,0,0,0,0,175.0,,0,3,84.8,0,1
1,0,53,2015,5,29,17,2,3,2,0.0,0,0,135,5,3,0,0,0,0,0,0,0,152.0,,0,3,107.0,1,0
1,0,24,2015,5,29,17,2,3,3,1.0,0,0,135,3,1,0,0,0,6,6,1,0,,,0,2,195.0,0,1
1,0,24,2015,5,29,17,2,4,2,0.0,0,0,135,6,3,0,0,0,4,4,0,0,240.0,,0,2,164.0,0,0
1,0,23,2015,5,29,17,2,5,2,2.0,0,0,51,3,1,0,0,0,6,6,0,0,250.0,,0,2,195.0,0,0
1,0,53,2015,5,29,17,2,5,2,0.0,0,0,76,6,3,0,0,0,0,3,1,0,240.0,,0,2,125.0,0,2
1,1,23,2015,5,29,17,2,5,2,2.0,0,0,135,3,1,0,0,0,6,6,0,0,250.0,,0,2,195.0,0,0
1,0,90,2015,5,29,17,2,5,2,0.0,0,2,135,6,3,0,0,0,0,0,1,0,240.0,,0,2,132.3,0,3
1,0,79,2015,5,29,17,2,5,2,0.0,0,0,135,6,3,0,0,0,4,4,0,0,240.0,,0,2,145.0,0,2
1,0,43,2015,5,29,17,2,5,2,0.0,0,0,59,5,3,0,0,0,0,0,0,0,142.0,,0,2,92.0,0,0
1,0,90,2015,5,29,17,2,5,2,0.0,0,2,135,6,3,0,0,0,0,0,1,0,240.0,,0,2,132.3,0,3
1,0,65,2015,5,29,17,2,6,2,0.0,0,2,51,6,3,0,0,0,0,0,0,0,240.0,,0,2,147.0,0,2
1,0,65,2015,5,29,17,2,6,2,0.0,0,2,51,6,3,0,0,0,3,3,0,0,240.0,,0,2,167.0,1,2
1,0,99,2015,5,29,17,2,6,3,0.0,0,0,56,3,1,0,0,0,7,7,0,0,250.0,,0,2,210.0,0,1
1,0,25,2015,5,29,17,3,7,2,0.0,0,2,51,3,1,0,0,0,5,5,1,0,,,0,2,194.9,0,2
1,0,92,2015,5,29,17,1,2,2,0.0,0,0,113,6,3,0,0,0,0,0,3,0,240.0,,0,2,103.5,1,3
1,0,91,2015,5,29,17,1,2,2,1.0,0,0,27,6,3,0,0,0,0,0,3,0,240.0,,0,2,118.5,0,3
1,0,38,2015,5,29,17,1,2,2,1.0,0,2,135,6,3,0,0,0,4,4,1,0,240.0,,0,2,192.0,0,1
1,0,6,2015,5,29,17,1,2,2,0.0,0,0,59,5,3,0,0,0,3,3,0,0,142.0,,0,0,128.27,0,0
1,0,38,2015,5,29,17,1,2,2,0.0,0,0,51,6,3,0,0,0,3,3,0,0,240.0,,0,2,135.0,0,0
1,0,13,2015,5,29,17,1,2,2,0.0,0,0,43,6,3,0,0,0,0,0,0,0,240.0,,0,2,126.3,0,2
1,1,32,2015,5,29,17,1,2,2,0.0,0,0,135,6,3,0,0,0,3,3,0,0,240.0,,0,2,154.0,0,0
1,0,315,2015,5,29,17,1,2,2,0.0,0,0,76,5,3,0,0,0,0,3,0,0,171.0,,0,2,96.3,0,0
1,0,8,2015,5,29,17,1,2,2,0.0,0,0,59,6,3,0,0,0,0,3,0,0,240.0,,0,2,126.3,0,2
1,1,0,2015,5,29,17,0,1,2,0.0,0,0,135,3,1,0,0,0,8,2,0,0,,,0,2,136.0,0,0
1,0,91,2015,5,29,17,1,2,2,1.0,0,0,113,6,3,0,0,0,0,0,4,0,240.0,,0,2,118.5,0,3
1,0,3,2015,5,29,17,1,2,2,0.0,0,0,51,6,3,0,0,0,0,2,0,0,240.0,,0,2,116.33,1,1
1,0,9,2015,5,29,17,2,2,3,0.0,0,0,135,3,1,0,0,0,0,0,0,0,,,0,2,164.0,0,1
1,0,19,2015,5,29,18,2,1,2,0.0,0,0,51,6,3,0,0,0,3,5,0,0,240.0,,0,2,147.67,0,2
1,0,25,2015,5,29,18,2,4,2,0.0,0,0,135,3,1,0,0,0,4,4,0,0,250.0,,0,2,145.0,0,0
1,0,108,2015,5,29,18,2,4,2,1.0,0,2,100,6,3,0,0,0,0,0,1,0,240.0,,0,2,147.0,1,2
1,1,37,2015,5,29,18,2,4,2,2.0,0,2,135,6,3,0,0,0,2,2,0,0,242.0,,0,2,168.3,0,0
1,0,45,2015,5,29,18,2,5,2,0.0,0,2,135,6,3,0,0,0,3,3,0,0,240.0,,0,2,167.0,0,0
1,0,64,2015,5,29,18,2,5,2,0.0,0,0,135,3,1,0,0,0,4,4,0,0,,,0,2,137.75,1,1
1,0,44,2015,5,29,18,2,2,2,0.0,0,0,135,3,1,0,0,0,4,4,1,0,250.0,,0,2,145.0,0,0
1,0,26,2015,5,29,18,2,2,2,0.0,0,0,135,6,3,0,0,0,0,0,0,0,240.0,,0,2,132.6,1,0
1,1,96,2015,5,29,18,2,2,2,0.0,0,2,135,6,3,0,0,0,0,0,0,0,240.0,,0,2,147.0,0,0
1,1,123,2015,5,29,18,2,2,2,0.0,1,0,135,6,3,0,0,0,4,4,1,0,240.0,,0,2,157.0,0,2
1,1,42,2015,5,29,18,2,3,2,2.0,0,0,135,6,3,0,0,0,7,7,0,0,240.0,,0,2,210.0,0,0
1,0,59,2015,5,29,18,2,3,2,0.0,0,0,135,5,3,0,0,0,4,4,0,0,8.0,,0,0,132.5,0,0
1,0,28,2015,5,29,18,2,3,2,0.0,0,0,59,6,3,0,0,0,0,0,0,0,241.0,,0,2,98.02,0,1
1,0,106,2015,5,29,18,2,3,2,1.0,1,0,135,3,1,0,0,0,2,2,0,0,,,0,2,126.0,0,2
1,0,1,2015,5,29,18,0,1,2,0.0,0,0,135,3,1,0,0,0,3,3,0,0,,,0,2,173.0,0,1
1,0,0,2015,5,29,18,0,1,2,2.0,0,1,135,3,1,0,0,0,2,2,0,0,,,0,2,249.0,0,0
1,0,4,2015,5,29,18,1,1,1,2.0,0,0,135,6,3,0,0,0,6,6,0,0,240.0,,0,2,186.5,0,0
1,0,3,2015,5,29,18,2,1,1,0.0,0,0,34,3,1,0,0,0,3,4,0,0,,,0,2,95.0,0,1
1,0,73,2015,5,29,18,2,5,2,1.0,0,1,135,3,1,0,0,0,3,3,0,0,,,0,2,241.5,0,2
1,0,44,2015,5,29,18,2,5,2,0.0,0,2,51,6,3,0,0,0,4,4,0,0,240.0,,0,2,177.0,1,0
1,0,95,2015,5,29,18,2,5,2,0.0,0,1,135,5,3,0,0,0,0,0,0,0,5.0,,0,2,153.73,1,0
1,0,94,2015,5,29,18,2,5,2,0.0,0,0,135,3,1,0,0,0,0,3,0,0,250.0,,0,2,115.0,0,1
1,1,40,2015,5,29,18,2,5,2,0.0,0,2,135,5,3,0,0,0,3,3,0,0,196.0,,0,2,127.03,0,2
1,0,64,2015,5,29,18,2,5,2,0.0,0,0,135,3,1,0,0,0,3,3,0,0,,,0,2,128.25,0,1
1,0,64,2015,5,29,18,2,5,2,0.0,0,0,135,3,1,0,0,0,3,3,0,0,,,0,2,128.25,0,1
1,0,94,2015,5,29,18,2,5,2,0.0,0,0,135,3,1,0,0,0,0,3,0,0,250.0,,0,2,115.0,0,1
1,0,57,2015,5,29,18,2,6,2,0.0,0,2,51,5,3,0,0,0,0,0,0,0,196.0,,0,2,135.0,0,1
1,1,60,2015,5,29,18,2,6,2,0.0,0,2,135,6,3,0,0,0,3,3,0,0,240.0,,0,2,167.0,0,0
1,0,57,2015,5,29,18,2,6,2,0.0,0,2,51,5,3,0,0,0,0,0,0,0,196.0,,0,2,135.0,0,1
1,0,87,2015,5,29,18,4,10,2,0.0,0,0,76,6,3,0,0,0,0,0,0,0,240.0,,0,2,124.5,0,0
1,0,0,2015,5,30,19,1,0,2,0.0,0,0,135,3,1,0,0,0,0,0,0,0,,,0,2,98.0,0,0
1,0,0,2015,5,30,19,1,0,2,0.0,0,0,135,6,3,0,0,0,0,0,0,0,240.0,,0,1,98.0,1,0
1,0,6,2015,5,30,19,1,0,2,0.0,0,0,123,3,1,0,0,0,3,3,0,0,250.0,,0,2,135.0,0,0
1,0,0,2015,5,30,19,1,0,2,0.0,0,0,135,6,3,0,0,0,0,0,0,0,,240.0,0,1,88.2,0,0
1,0,19,2015,5,30,19,1,0,2,0.0,0,0,135,6,3,0,0,0,0,0,0,0,240.0,,0,2,120.6,1,1
1,0,4,2015,5,30,19,2,0,2,0.0,0,0,135,6,3,0,0,0,4,4,0,0,240.0,,0,2,154.5,1,2
1,1,59,2015,5,30,19,2,1,2,0.0,0,0,135,6,3,0,0,0,4,4,0,0,240.0,,0,2,145.0,0,0
1,0,44,2015,5,30,19,2,2,2,0.0,0,0,135,3,1,0,0,0,0,0,0,0,,,0,2,92.0,0,0
1,1,37,2015,5,30,19,2,2,2,0.0,0,0,135,6,3,0,0,0,3,3,0,0,240.0,,0,2,154.0,0,0
1,0,66,2015,5,30,19,2,3,2,0.0,0,0,135,3,1,0,0,0,0,0,0,0,,,0,2,115.0,0,1
1,1,38,2015,5,30,19,2,4,1,0.0,0,0,135,5,3,0,0,0,3,3,0,0,5.0,,0,2,110.53,0,0
1,1,62,2015,5,30,19,2,5,2,0.0,0,2,135,5,3,0,0,0,4,4,0,0,261.0,,0,2,158.5,0,1
1,0,41,2015,5,30,19,2,5,2,2.0,0,2,51,6,3,0,0,0,2,2,0,0,241.0,,0,2,131.37,0,1
1,1,60,2015,5,30,19,2,5,2,0.0,0,0,135,6,3,0,0,0,0,0,0,0,240.0,,0,2,117.71,0,0
1,0,104,2015,5,30,19,2,5,2,0.0,0,0,59,5,3,0,0,0,3,3,0,0,115.0,,0,0,123.0,0,1
1,1,62,2015,5,30,19,2,5,2,0.0,0,2,135,5,3,0,0,0,4,4,0,0,261.0,,0,2,158.5,0,1
1,0,117,2015,5,30,19,2,5,2,0.0,0,0,140,6,3,0,0,0,0,0,1,0,240.0,,0,2,117.84,0,2
1,1,31,2015,5,30,19,2,5,2,0.0,0,0,135,6,3,0,0,0,3,3,0,0,240.0,,0,2,154.0,0,0
1,0,34,2015,5,30,19,2,5,2,0.0,0,0,76,5,3,0,0,0,3,3,0,0,156.0,,0,2,116.85,0,0
1,0,47,2015,5,30,19,2,4,2,1.0,0,0,135,6,3,0,0,0,0,0,0,0,241.0,,0,2,129.16,0,1
1,1,24,2015,5,30,19,2,4,2,2.0,0,0,135,6,3,0,0,0,6,6,0,0,240.0,,0,2,214.0,0,0
1,1,104,2015,5,30,19,2,4,2,0.0,0,0,135,6,3,0,0,0,0,0,0,0,240.0,,0,2,115.0,0,2
1,0,104,2015,5,30,19,2,5,2,0.0,0,0,59,5,3,0,0,0,3,3,0,0,115.0,,0,0,123.0,0,1
1,0,32,2015,5,30,19,2,5,2,0.0,0,0,76,5,3,0,0,0,3,3,0,0,156.0,,0,2,123.0,0,0
1,1,47,2015,5,30,19,3,5,2,2.0,0,0,135,6,3,0,0,0,6,6,0,0,240.0,,0,2,195.0,0,0
1,0,29,2015,5,30,19,4,6,2,0.0,0,0,59,5,3,0,0,0,2,2,0,0,142.0,,0,0,135.2,0,0
1,0,30,2015,5,30,19,4,10,2,0.0,0,0,59,5,3,0,0,0,3,3,0,0,243.0,,0,2,123.0,0,2
1,0,123,2015,5,30,19,2,4,2,0.0,1,0,51,6,3,0,0,0,4,4,2,0,240.0,,0,2,130.5,0,1
1,0,14,2015,5,30,20,1,0,1,0.0,0,0,135,5,3,0,0,0,0,2,0,0,104.0,,0,2,123.0,0,0
1,1,118,2015,5,30,20,1,2,2,2.0,0,0,135,6,3,0,0,0,6,6,0,0,240.0,,0,2,179.1,0,2
1,0,0,2015,5,30,20,0,0,1,0.0,0,0,135,5,3,0,0,0,0,8,0,0,5.0,,0,2,0.0,0,0
1,0,0,2015,5,30,20,0,0,2,0.0,0,0,135,6,3,0,0,0,0,8,0,0,241.0,,0,2,0.0,0,1
1,0,79,2015,5,30,20,1,3,2,0.0,1,0,135,6,3,0,0,0,0,2,0,0,240.0,,0,2,115.0,0,3
1,0,63,2015,5,30,20,1,3,2,0.0,0,0,135,6,3,0,0,0,0,3,0,0,240.0,,0,2,115.0,0,0
1,0,68,2015,5,30,20,1,3,2,0.0,0,0,133,6,3,0,0,0,0,2,3,0,240.0,,0,2,103.5,1,2
1,0,96,2015,5,30,20,1,3,2,0.0,0,2,135,3,1,0,0,0,0,0,0,0,250.0,,0,2,157.0,1,0
1,1,41,2015,5,30,20,1,3,2,0.0,0,0,135,6,3,0,0,0,3,3,0,0,240.0,,0,2,135.0,0,1
1,0,46,2015,5,30,20,1,3,2,0.0,0,0,124,6,3,0,0,0,4,4,0,0,241.0,,0,2,111.65,0,0
1,1,41,2015,5,30,20,1,3,2,0.0,0,0,135,6,3,0,0,0,3,3,0,0,240.0,,0,2,135.0,0,1
1,1,60,2015,5,30,20,1,4,2,2.0,0,0,135,6,3,0,0,0,6,6,0,0,240.0,,0,2,195.0,0,0
1,0,41,2015,5,30,20,1,4,2,0.0,0,0,51,5,3,0,0,0,0,0,0,0,175.0,,0,2,104.0,0,0
1,1,69,2015,5,30,20,1,4,2,0.0,0,0,135,6,3,0,0,0,3,3,0,0,240.0,,0,2,135.0,0,0
1,1,41,2015,5,30,20,1,5,2,2.0,0,0,135,6,3,0,0,0,6,6,0,0,240.0,,0,2,214.0,0,1
1,0,52,2015,5,30,20,1,5,2,0.0,0,2,135,3,1,0,0,0,0,3,0,0,250.0,,0,2,133.17,0,0
1,1,41,2015,5,30,20,1,5,2,0.0,0,0,135,6,3,0,0,0,3,3,1,0,240.0,,0,2,141.33,0,1
1,0,89,2015,5,30,20,2,5,2,0.0,0,0,59,5,3,0,0,0,4,4,0,0,241.0,,0,2,121.01,0,1
1,1,28,2015,5,30,20,2,5,2,1.0,0,1,135,3,1,0,0,0,5,5,0,0,,,0,2,240.64,0,0
1,0,65,2015,5,30,20,2,5,2,2.0,0,0,59,6,3,0,0,0,2,2,0,0,105.0,,0,2,167.5,0,0
1,0,82,2015,5,30,20,2,5,2,0.0,1,2,135,6,3,0,0,0,0,0,0,0,240.0,,0,2,152.43,0,3
1,0,42,2015,5,30,20,2,5,2,0.0,0,1,51,5,3,0,0,0,0,0,0,0,175.0,,0,2,148.34,0,0
1,0,62,2015,5,30,20,2,5,2,0.0,0,2,51,6,3,0,0,0,3,3,1,0,240.0,,0,2,167.0,0,1
1,1,86,2015,5,30,20,2,5,2,1.0,0,2,135,3,1,0,0,0,0,0,1,0,250.0,,0,2,172.93,0,1
1,1,118,2015,5,30,20,2,5,2,0.0,0,0,135,6,3,0,0,0,6,6,0,0,240.0,,0,2,179.1,0,1
1,0,28,2015,5,30,20,2,5,2,1.0,0,1,135,5,3,0,0,0,5,5,0,0,15.0,,0,2,192.5,0,1
1,1,52,2015,5,30,20,3,6,2,0.0,0,2,135,5,3,0,0,0,0,0,0,0,142.0,,0,2,92.0,0,0
1,1,49,2015,5,30,20,3,6,2,0.0,0,1,135,5,3,0,0,0,3,3,0,0,15.0,,0,2,111.2,0,0
1,0,39,2015,5,30,20,3,7,2,1.0,0,2,135,5,3,0,0,0,3,3,1,0,142.0,,0,2,141.6,0,1
1,0,39,2015,5,30,20,3,7,2,0.0,0,2,135,5,3,0,0,0,3,3,0,0,142.0,,0,2,141.6,0,1
1,0,39,2015,5,30,20,3,7,2,0.0,0,2,135,5,3,0,0,0,3,3,0,0,142.0,,0,2,141.6,0,1
1,1,7,2015,5,30,20,3,8,2,0.0,0,2,135,5,3,0,0,0,0,0,0,0,196.0,,0,2,200.0,0,0
1,1,7,2015,5,30,20,3,8,2,0.0,0,2,135,5,3,0,0,0,0,0,0,0,196.0,,0,2,200.0,0,0
1,1,42,2015,5,30,21,0,2,2,0.0,0,0,135,6,3,0,0,0,4,4,0,0,240.0,,0,2,157.0,0,0
1,0,5,2015,5,30,21,0,2,1,0.0,0,0,135,2,0,0,0,0,0,5,0,0,,154.0,0,2,99.5,0,0
1,1,81,2015,5,30,21,0,3,2,0.0,0,0,135,6,3,0,0,0,0,0,0,0,240.0,,0,2,115.0,0,2
1,1,63,2015,5,30,21,0,4,2,2.0,0,0,135,6,3,0,0,0,6,6,0,0,240.0,,0,2,195.0,0,0
1,0,61,2015,5,30,21,0,4,2,0.0,0,0,135,6,3,0,0,0,0,3,0,0,240.0,,0,2,103.5,0,0
1,0,8,2015,5,30,21,0,5,3,0.0,0,0,135,3,1,0,0,0,6,6,1,0,250.0,,0,2,207.0,1,0
1,0,89,2015,5,30,21,1,5,3,0.0,0,0,135,3,1,0,0,0,0,3,0,0,250.0,,0,2,163.33,1,1
1,0,57,2015,5,30,21,2,5,2,0.0,0,2,76,6,3,0,0,0,4,4,0,0,240.0,,0,2,151.86,0,0
1,0,102,2015,5,30,21,2,5,3,0.0,0,0,29,5,3,0,0,0,0,3,0,0,6.0,,0,2,95.57,0,1
1,0,108,2015,5,30,21,2,6,2,0.0,0,0,135,6,3,0,0,0,0,0,0,0,240.0,,0,2,112.05,0,1
1,0,28,2015,5,30,21,2,7,2,1.0,0,0,76,3,1,0,0,0,4,4,0,0,250.0,,0,2,160.0,0,1
1,0,29,2015,5,30,21,2,8,2,0.0,0,0,59,6,3,0,0,0,0,0,0,0,241.0,,0,2,103.18,0,1
1,0,0,2015,5,30,22,0,1,2,0.0,0,0,51,3,1,0,0,0,4,4,0,0,,,0,2,153.0,1,0
1,1,96,2015,5,30,22,0,4,2,0.0,0,0,135,6,3,0,0,0,0,0,0,0,240.0,,0,2,119.75,0,1
1,1,44,2015,5,30,22,0,4,2,0.0,0,0,135,6,3,0,0,0,3,3,0,0,240.0,,0,2,135.0,0,1
1,0,44,2015,5,30,22,0,4,2,1.0,0,2,56,6,3,0,0,0,3,3,1,0,242.0,,0,2,167.69,0,1
1,1,44,2015,5,30,22,0,4,2,2.0,0,0,135,6,3,0,0,0,6,6,0,0,240.0,,0,2,195.0,0,1
1,1,44,2015,5,30,22,0,4,2,0.0,0,0,135,6,3,0,0,0,3,3,0,0,240.0,,0,2,135.0,0,1
1,1,41,2015,5,30,22,1,4,2,0.0,0,0,135,6,3,0,0,0,3,3,0,0,240.0,,0,2,178.4,0,0
1,0,16,2015,5,30,23,0,0,2,2.0,0,0,135,6,3,0,0,0,2,8,0,0,242.0,,0,2,0.0,0,0
1,0,73,2015,5,30,23,0,0,2,0.0,0,0,135,6,3,0,0,0,3,8,1,0,240.0,,0,2,0.0,0,1
1,0,3,2015,5,30,23,0,1,2,0.0,0,0,135,6,3,0,0,0,3,4,0,0,240.0,,0,2,154.0,1,1
1,0,0,2015,5,30,23,0,1,2,0.0,0,0,135,3,1,0,0,0,2,2,0,0,250.0,,0,2,134.0,0,0
1,1,55,2015,5,30,23,0,1,1,0.0,0,0,135,3,1,0,0,0,0,0,0,0,146.0,,0,2,112.0,0,0
1,0,33,2015,5,30,23,0,3,2,0.0,0,2,51,6,3,0,0,0,4,4,1,0,240.0,,0,3,194.0,1,1
1,1,19,2015,5,30,23,0,3,2,0.0,0,0,135,6,3,0,0,0,0,0,0,0,240.0,,0,2,153.0,0,0
1,1,55,2015,5,30,23,0,3,2,0.0,0,0,135,6,3,0,0,0,3,3,0,0,240.0,,0,2,135.0,0,0
1,0,33,2015,5,30,23,0,3,2,0.0,0,2,51,6,3,0,0,0,3,4,0,0,240.0,,0,2,184.0,0,1
1,1,19,2015,5,30,23,1,3,2,2.0,0,0,135,6,3,0,0,0,7,7,0,0,240.0,,0,2,210.0,0,0
1,1,19,2015,5,30,23,1,3,2,0.0,0,0,135,3,1,0,0,0,4,4,0,0,,178.0,0,2,139.0,0,0
1,0,117,2015,5,30,23,2,3,2,0.0,0,0,34,5,3,0,0,0,3,5,0,0,241.0,,0,2,101.46,1,0
1,1,72,2015,5,30,23,2,4,2,0.0,0,0,135,6,3,0,0,0,4,4,0,0,240.0,,0,2,145.0,0,0
1,1,19,2015,5,30,23,1,3,2,0.0,0,0,135,6,3,0,0,0,3,3,0,0,240.0,,0,2,173.0,0,0
1,0,34,2015,5,30,23,2,6,3,0.0,0,2,139,5,3,0,0,0,3,3,1,0,171.0,,0,2,217.05,1,1
1,0,9,2015,5,30,24,0,2,2,0.0,0,0,51,6,3,0,0,0,4,4,0,0,240.0,,0,3,164.0,0,2
1,0,8,2015,5,30,24,0,2,2,0.0,0,0,25,6,3,0,0,0,3,5,0,0,240.0,,0,3,173.0,0,2
1,1,36,2015,5,30,24,0,1,2,0.0,0,0,135,3,1,0,0,0,0,0,0,0,,,0,2,112.5,0,0
1,0,22,2015,5,30,24,0,2,2,0.0,0,0,51,6,3,0,0,0,0,0,0,0,240.0,,0,3,153.0,0,2
1,0,22,2015,5,30,24,0,2,2,0.0,0,0,51,6,3,0,0,0,3,3,0,0,240.0,,0,3,173.0,0,2
1,0,22,2015,5,30,24,0,2,2,0.0,0,0,51,6,3,0,0,0,0,0,0,0,240.0,,0,3,153.0,0,2
1,0,36,2015,5,30,24,0,2,2,0.0,0,0,135,6,3,0,0,0,0,3,0,0,240.0,,0,2,134.0,0,0
1,0,22,2015,5,30,24,0,2,2,0.0,0,0,51,6,3,0,0,0,0,0,0,0,240.0,,0,3,153.0,0,2
1,1,22,2015,5,30,24,0,2,2,2.0,0,0,135,6,3,0,0,0,6,6,0,0,240.0,,0,2,233.0,0,2
1,0,18,2015,5,30,24,0,2,2,0.0,0,0,51,3,1,0,0,0,3,6,0,0,250.0,,0,2,154.0,0,0
1,0,8,2015,5,30,24,0,2,2,0.0,0,0,25,6,3,0,0,0,3,5,0,0,240.0,,0,3,173.0,0,2
1,1,67,2015,5,30,24,0,2,2,0.0,0,0,135,6,3,0,0,0,3,3,0,0,240.0,,0,2,135.0,0,1
1,1,105,2015,5,30,24,0,2,2,0.0,0,0,135,5,3,0,0,0,4,4,0,0,6.0,,0,2,132.5,0,0
1,0,1,2015,5,30,24,1,2,3,0.0,0,0,140,6,3,0,0,0,7,7,2,0,240.0,,0,2,222.67,0,0
1,1,67,2015,5,30,24,0,2,2,0.0,0,0,135,6,3,0,0,0,3,3,0,0,240.0,,0,2,135.0,0,1
1,0,39,2015,5,30,24,0,2,2,0.0,0,0,51,5,3,0,0,0,0,0,0,0,134.0,,0,2,107.0,0,0
1,1,45,2015,5,30,24,1,2,2,0.0,0,0,135,6,3,0,0,0,0,0,0,0,240.0,,0,2,127.0,0,0
1,1,45,2015,5,30,24,2,2,2,0.0,0,0,135,6,3,0,0,0,3,3,0,0,240.0,,0,2,135.0,0,0
1,0,14,2015,5,30,24,2,2,2,0.0,0,0,153,6,3,0,0,0,0,3,0,0,240.0,,0,2,149.7,1,1
1,1,53,2015,5,30,24,2,2,2,0.0,0,0,135,6,3,0,0,0,0,0,0,0,240.0,,0,2,161.25,0,0
1,0,28,2015,5,30,24,2,2,2,0.0,0,0,3,5,3,0,0,0,0,0,0,0,177.0,,0,2,107.0,0,0
1,0,55,2015,5,30,24,2,3,2,0.0,0,0,59,6,3,0,0,0,0,0,0,0,147.0,,0,3,75.44,0,1
1,0,55,2015,5,30,24,2,3,2,0.0,0,0,59,6,3,0,0,0,0,0,0,0,147.0,,0,3,75.44,0,1
1,0,25,2015,5,30,24,2,5,2,0.0,0,0,135,3,1,0,0,0,0,0,1,0,250.0,,0,2,115.0,0,0
1,1,43,2015,5,30,24,2,5,2,0.0,0,1,135,5,3,0,0,0,0,0,0,0,175.0,,0,2,159.2,0,1
1,1,109,2015,5,30,24,2,5,2,0.0,0,2,135,6,3,0,0,0,0,0,0,0,240.0,,0,2,163.29,0,2
1,1,62,2015,5,30,24,2,6,2,2.0,0,0,135,6,3,0,0,0,7,7,0,0,240.0,,0,2,210.0,0,0
1,0,25,2015,5,30,24,2,6,2,0.0,0,0,135,3,3,0,0,0,3,3,0,0,240.0,,0,2,154.0,0,2
1,0,43,2015,5,30,24,2,7,2,0.0,0,2,51,6,3,0,0,0,0,0,0,0,240.0,,0,2,166.0,0,0
1,0,35,2015,5,30,24,3,7,2,0.0,0,0,59,5,3,0,0,0,4,4,0,0,95.0,,0,2,132.5,0,0
1,1,42,2015,5,30,24,3,7,2,0.0,0,0,135,5,3,0,0,0,0,0,0,0,95.0,,0,2,107.0,0,0
1,1,312,2015,5,30,24,4,10,3,0.0,0,0,135,5,3,0,0,0,0,0,0,0,40.0,,0,0,121.98,0,1
1,0,30,2015,5,30,25,0,0,2,1.0,0,2,135,6,3,0,0,0,3,3,0,0,241.0,,0,2,0.0,0,0
1,0,47,2015,5,30,25,2,1,2,0.0,0,2,135,5,3,0,0,0,0,4,0,0,261.0,,0,2,133.0,0,0
1,0,40,2015,5,30,25,0,1,2,0.0,0,0,51,5,3,0,0,0,0,5,0,0,134.0,,0,2,107.0,0,0
1,0,11,2015,5,30,25,0,1,2,0.0,0,0,51,6,3,0,0,0,0,5,0,0,241.0,,0,2,117.81,0,0
1,0,39,2015,5,30,25,0,1,2,0.0,0,0,51,5,3,0,0,0,0,5,0,0,134.0,,0,2,107.0,0,0
1,1,39,2015,5,30,25,0,1,2,0.0,0,0,135,6,3,0,0,0,0,0,0,0,240.0,,0,2,120.6,0,0
1,0,1,2015,5,30,25,1,1,2,0.0,0,0,135,3,1,0,0,0,3,4,0,0,,,0,2,147.0,0,0
1,1,12,2015,5,30,25,1,1,2,0.0,0,0,135,6,3,0,0,0,0,0,0,0,240.0,,0,2,153.0,0,2
1,1,16,2015,5,30,25,1,1,2,0.0,0,0,135,6,3,0,0,0,0,0,0,0,242.0,,0,2,153.0,0,1
1,1,16,2015,5,30,25,1,1,2,0.0,0,0,135,3,1,0,0,0,0,0,0,0,,,0,2,134.0,0,0
1,0,12,2015,5,30,25,1,1,2,0.0,0,0,51,6,3,0,0,0,0,4,0,0,240.0,,0,2,153.0,0,1
1,0,51,2015,5,30,25,2,1,2,0.0,0,2,135,5,3,0,0,0,0,0,0,0,142.0,,0,2,118.0,0,0
1,0,67,2015,5,30,25,2,2,2,0.0,0,0,59,6,3,0,0,0,0,3,1,0,240.0,,0,2,134.0,0,1
1,0,52,2015,5,30,25,2,3,2,0.0,0,2,135,5,3,0,0,0,0,0,0,0,196.0,,0,2,135.0,0,2
1,0,25,2015,5,30,25,2,3,2,1.0,0,2,51,6,3,0,0,0,3,3,0,0,241.0,,0,2,158.77,0,2
1,0,94,2015,5,30,25,2,3,2,0.0,0,0,51,6,3,0,0,0,0,0,0,0,240.0,,0,2,134.0,1,1
1,1,54,2015,5,30,25,2,3,2,0.0,0,0,135,6,3,0,0,0,0,0,0,0,240.0,,0,2,134.0,0,0
1,0,33,2015,5,30,25,2,3,2,2.0,0,2,135,6,3,0,0,0,2,2,0,0,241.0,,0,2,142.03,0,1
1,0,47,2015,5,30,25,2,3,2,2.0,0,2,135,3,1,0,0,0,6,6,1,0,,,0,2,240.0,0,0
1,0,43,2015,5,30,25,2,4,2,0.0,0,0,76,3,1,0,0,0,0,0,0,0,250.0,,0,2,134.0,0,0
1,1,87,2015,5,30,25,2,4,2,0.0,0,0,135,6,3,0,0,0,0,0,0,0,240.0,,0,2,134.0,0,3
1,0,54,2015,5,30,25,2,5,2,0.0,0,2,135,6,3,0,0,0,0,0,0,0,242.0,,0,2,147.0,0,0
1,0,32,2015,5,30,25,2,5,2,0.0,0,0,135,6,3,0,0,0,4,4,0,0,240.0,,0,2,176.0,1,0
1,1,29,2015,5,30,25,2,5,2,0.0,0,0,135,6,3,0,0,0,0,0,1,0,240.0,,0,2,120.6,0,1
1,1,96,2015,5,30,25,2,5,2,0.0,0,2,135,6,3,0,0,0,0,0,0,0,240.0,,0,2,166.0,0,1
1,1,100,2015,5,30,25,2,5,2,0.0,0,0,135,6,3,0,0,0,0,0,0,0,240.0,,0,2,134.0,0,0
1,0,54,2015,5,30,25,2,5,2,0.0,0,2,135,6,3,0,0,0,0,0,0,0,242.0,,0,2,147.0,0,0
1,0,75,2015,5,30,25,2,5,2,0.0,0,2,135,6,3,0,0,0,3,3,1,0,240.0,,0,2,167.0,0,1
1,0,31,2015,5,30,25,2,5,2,0.0,0,0,135,5,3,0,0,0,0,0,0,0,142.0,,0,2,107.2,1,0
1,1,25,2015,5,30,25,2,6,1,0.0,0,0,135,3,1,0,0,0,0,0,0,0,250.0,,0,2,131.63,0,0
1,0,61,2015,5,30,25,2,6,3,0.0,0,2,59,6,3,0,0,0,4,4,0,0,105.0,,0,2,233.05,1,0
1,0,60,2015,5,30,25,2,6,2,0.0,0,2,59,6,3,0,0,0,0,0,1,0,147.0,,0,2,90.12,0,1
1,1,31,2015,5,30,25,3,6,2,0.0,0,0,135,6,3,0,0,0,0,0,0,0,240.0,,0,2,120.6,0,1
1,1,107,2015,5,30,25,3,6,1,0.0,0,0,135,6,3,0,0,0,0,0,0,0,240.0,,0,2,125.0,0,2
1,1,31,2015,5,30,25,3,6,2,0.0,0,0,135,6,3,0,0,0,3,3,0,0,240.0,,0,2,154.0,0,1
1,0,115,2015,5,30,25,4,6,2,0.0,0,0,135,6,3,0,0,0,0,0,0,0,240.0,,0,2,120.6,0,2
1,0,59,2015,5,30,25,4,8,2,0.0,0,0,76,5,3,0,0,0,3,3,0,0,8.0,,0,0,114.25,0,1
1,1,85,2015,5,30,25,4,10,2,0.0,0,0,135,5,3,0,0,0,0,0,0,0,8.0,,0,0,107.0,0,0
1,0,0,2015,5,30,25,2,5,2,0.0,0,0,135,6,3,0,0,0,0,3,0,0,241.0,,0,2,88.55,0,0
1,1,299,2015,5,30,25,2,5,2,1.0,0,0,135,6,3,0,0,0,0,0,0,0,240.0,,0,2,149.0,0,1
1,0,50,2015,5,30,25,2,5,3,0.0,0,0,135,3,1,0,0,0,6,6,0,0,,,0,2,195.0,1,0
1,1,50,2015,5,30,25,2,5,2,0.0,0,0,135,6,3,0,0,0,4,4,0,0,240.0,,0,2,164.0,0,0
1,1,88,2015,5,31,26,2,2,2,0.0,0,0,135,6,3,0,0,0,3,3,0,0,240.0,,0,2,154.0,0,1
1,1,116,2015,5,31,26,2,3,2,0.0,0,0,135,6,3,0,0,0,0,0,0,0,240.0,,0,2,120.6,0,1
1,0,47,2015,5,31,26,2,1,2,0.0,0,0,51,6,3,0,0,0,0,3,0,0,240.0,,0,2,103.5,0,0
1,0,48,2015,5,31,26,2,1,2,0.0,0,0,34,6,3,0,0,0,0,3,0,0,240.0,,0,3,115.0,0,3
1,1,54,2015,5,31,26,2,4,2,1.0,0,0,135,6,3,0,0,0,0,0,0,0,241.0,,0,2,95.02,0,2
1,1,33,2015,5,31,26,2,4,2,0.0,0,0,135,5,3,0,0,0,4,4,0,0,5.0,,0,2,132.5,0,0
1,0,73,2015,5,31,26,2,3,3,0.0,0,2,135,3,1,0,0,0,4,4,0,0,250.0,,0,2,209.0,0,1
1,1,54,2015,5,31,26,2,4,2,1.0,0,0,135,6,3,0,0,0,0,0,0,0,241.0,,0,2,95.02,0,2
1,1,33,2015,5,31,26,2,4,2,0.0,0,0,135,5,3,0,0,0,4,4,0,0,5.0,,0,2,132.5,0,0
1,0,38,2015,5,31,26,2,5,2,2.0,0,2,51,3,1,0,0,0,2,2,0,0,250.0,,0,2,180.0,0,0
1,0,34,2015,5,31,26,2,0,2,0.0,0,0,140,6,3,0,0,0,0,0,0,0,241.0,,0,2,103.18,0,0
1,0,130,2015,5,31,26,2,5,2,0.0,0,2,135,3,1,0,0,0,4,4,0,0,250.0,,0,2,174.01,0,1
1,1,39,2015,5,31,26,3,5,2,0.0,0,2,135,5,3,0,0,0,0,0,0,0,134.0,,0,2,133.0,0,1
1,1,39,2015,5,31,26,3,5,2,0.0,0,2,135,5,3,0,0,0,0,0,0,0,134.0,,0,2,133.0,0,1
1,0,45,2015,5,31,26,2,5,2,0.0,0,0,59,5,3,0,0,0,0,0,0,0,142.0,,0,2,107.2,0,0
1,0,31,2015,5,31,27,0,0,2,0.0,0,0,135,6,3,0,0,0,0,8,1,0,241.0,,0,2,0.0,0,0
1,1,48,2015,5,31,27,1,1,2,2.0,0,0,135,6,3,0,0,0,7,7,0,0,240.0,,0,2,210.0,0,1
1,0,59,2015,5,31,27,1,1,2,0.0,0,0,135,6,3,0,0,0,4,4,0,0,240.0,,0,2,145.0,1,0
1,1,48,2015,5,31,27,1,1,2,2.0,0,0,135,6,3,0,0,0,6,6,0,0,240.0,,0,2,195.0,0,1
1,1,48,2015,5,31,27,1,1,1,0.0,0,2,135,6,3,0,0,0,0,0,1,0,240.0,,0,2,124.2,0,1
1,1,48,2015,5,31,27,1,1,2,0.0,0,2,135,6,3,0,0,0,3,3,0,0,240.0,,0,2,167.0,0,1
1,0,48,2015,5,31,27,1,2,2,0.0,0,0,135,6,3,0,0,0,4,5,0,0,240.0,,0,2,145.0,1,0
1,0,96,2015,5,31,27,1,2,2,0.0,0,2,135,6,3,0,0,0,0,4,0,0,240.0,,0,2,166.0,0,2
1,0,51,2015,5,31,27,1,2,2,0.0,0,0,51,3,1,0,0,0,0,6,0,0,250.0,,0,2,115.0,0,0
1,0,96,2015,5,31,27,1,2,2,0.0,0,2,135,6,3,0,0,0,0,4,0,0,240.0,,0,2,166.0,1,2
1,1,41,2015,5,31,27,1,3,2,0.0,0,0,135,6,3,0,0,0,0,0,0,0,240.0,,0,2,120.6,0,0
1,0,6,2015,5,31,27,1,3,2,0.0,0,0,51,3,1,0,0,0,5,5,5,0,,,0,2,162.0,0,2
1,0,27,2015,5,31,27,1,3,2,0.0,0,0,135,6,3,0,0,0,0,3,0,0,240.0,,0,2,153.0,0,0
1,0,28,2015,5,31,27,1,3,2,0.0,0,2,51,5,3,0,0,0,0,2,0,0,142.0,,0,2,133.2,0,0
1,0,30,2015,5,31,27,1,3,2,0.0,0,0,135,6,3,0,0,0,0,3,0,0,240.0,,0,2,134.0,0,1
1,0,45,2015,5,31,27,1,3,2,0.0,0,0,51,5,3,0,0,0,0,0,0,0,196.0,,0,2,107.0,1,2
1,0,52,2015,5,31,27,1,3,2,1.0,0,2,135,3,1,0,0,0,3,5,0,0,,,0,2,145.0,0,2
1,0,31,2015,5,31,27,1,3,2,0.0,0,2,51,3,1,0,0,0,0,2,0,0,250.0,,0,2,145.0,0,0
1,1,74,2015,5,31,27,1,3,2,0.0,0,0,135,5,3,0,0,0,0,0,0,0,171.0,,0,2,107.0,0,1
1,0,31,2015,5,31,27,1,3,2,0.0,0,0,135,5,3,0,0,0,5,5,0,0,36.0,,0,2,167.2,0,0
1,1,87,2015,5,31,27,1,3,2,0.0,0,0,135,6,3,0,0,0,0,0,0,0,240.0,,0,2,134.0,0,2
1,0,48,2015,5,31,27,1,3,2,1.0,0,0,135,6,3,0,0,0,0,2,1,0,240.0,,0,2,130.0,0,0
1,1,41,2015,5,31,27,1,3,2,0.0,0,0,135,6,3,0,0,0,4,4,0,0,240.0,,0,2,164.0,0,0
1,0,35,2015,5,31,27,1,3,2,0.0,0,2,135,5,3,0,0,0,3,3,0,0,196.0,,0,2,149.0,0,0
1,0,28,2015,5,31,27,1,4,2,0.0,0,0,135,6,3,0,0,0,3,3,0,0,240.0,,0,2,154.0,1,0
1,0,77,2015,5,31,27,1,4,2,0.0,0,0,135,6,3,0,0,0,6,6,1,0,240.0,,0,2,195.0,0,1
1,1,33,2015,5,31,27,1,4,2,0.0,0,0,135,6,3,0,0,0,0,0,0,0,240.0,,0,2,134.0,0,0
1,0,30,2015,5,31,27,1,4,2,0.0,0,0,135,5,3,0,0,0,0,0,0,0,5.0,,0,2,107.2,0,0
1,1,34,2015,5,31,27,1,4,2,0.0,0,2,135,6,3,0,0,0,0,0,0,0,240.0,,0,2,164.0,0,0
1,1,298,2015,5,31,27,1,5,3,0.0,0,2,135,5,3,0,0,0,0,0,0,0,175.0,,0,2,183.45,0,1
1,0,35,2015,5,31,27,1,5,2,0.0,0,2,51,6,3,0,0,0,0,0,0,0,240.0,,0,2,159.6,1,1
1,0,40,2015,5,31,27,1,5,2,0.0,0,0,135,6,3,0,0,0,0,0,0,0,240.0,,0,2,120.6,0,0
1,1,101,2015,5,31,27,2,5,2,0.0,0,0,135,6,3,0,0,0,4,4,0,0,240.0,,0,2,164.0,0,2
1,1,101,2015,5,31,27,2,5,2,0.0,0,0,135,6,3,0,0,0,6,6,0,0,240.0,,0,2,219.43,0,2
1,1,101,2015,5,31,27,2,5,2,0.0,0,0,135,6,3,0,0,0,0,0,0,0,240.0,,0,2,134.0,0,2
1,1,101,2015,5,31,27,2,5,2,0.0,0,0,135,6,3,0,0,0,4,4,0,0,240.0,,0,2,164.0,0,2
1,0,38,2015,5,31,27,2,5,2,0.0,0,0,59,5,3,0,0,0,0,0,0,0,142.0,,0,2,107.2,0,0
1,0,76,2015,5,31,27,2,5,2,0.0,0,0,59,6,3,0,0,0,3,3,0,0,241.0,,0,2,102.72,0,1
1,0,70,2015,5,31,28,0,1,2,1.0,0,0,59,6,3,0,0,0,3,4,0,0,241.0,,0,2,114.85,0,1
1,0,70,2015,5,31,28,0,1,2,1.0,0,0,169,6,3,0,0,0,3,4,0,0,241.0,,0,2,114.85,0,1
1,0,68,2015,5,31,28,0,2,2,0.0,0,0,135,6,3,0,0,0,3,4,0,0,240.0,,0,2,135.0,1,1
1,1,63,2015,5,31,28,0,3,2,2.0,0,0,135,6,3,0,0,0,6,6,0,0,240.0,,0,2,195.0,0,0
1,1,11,2015,5,31,28,0,3,2,0.0,0,0,135,6,3,0,0,0,3,3,0,0,240.0,,0,2,173.0,0,0
1,0,32,2015,5,31,28,0,4,2,0.0,0,0,51,5,3,0,0,0,0,0,0,0,177.0,,0,2,107.0,0,1
1,0,29,2015,5,31,28,0,4,2,0.0,0,0,140,5,3,0,0,0,0,0,0,0,171.0,,0,2,107.0,0,1
1,0,47,2015,5,31,28,0,4,2,0.0,0,0,135,3,1,0,0,0,5,5,0,0,,,0,2,164.0,0,2
1,0,50,2015,5,31,28,0,5,2,0.0,0,0,135,6,3,0,0,0,3,3,0,0,240.0,,0,2,138.8,0,1
1,1,29,2015,5,31,28,0,5,2,0.0,0,0,135,6,3,0,0,0,3,3,0,0,240.0,,0,2,154.0,0,2
1,0,36,2015,5,31,28,0,5,2,0.0,0,0,51,3,1,0,0,0,3,3,0,0,250.0,,0,2,135.0,0,0
1,0,49,2015,5,31,28,1,5,2,0.0,0,0,124,6,3,0,0,0,0,0,0,0,241.0,,0,2,103.18,0,1
1,1,70,2015,5,31,28,2,6,2,0.0,0,0,135,5,3,0,0,0,3,3,0,0,8.0,,0,0,115.5,0,0
1,0,110,2015,5,31,28,2,8,2,0.0,0,0,169,5,3,0,0,0,0,3,1,0,6.0,,0,2,90.95,0,1
1,0,8,2015,5,31,29,0,0,2,0.0,0,2,135,5,3,0,0,0,3,8,0,0,142.0,,0,0,0.0,0,0
1,1,119,2015,5,31,29,0,4,2,0.0,0,0,135,6,3,0,0,0,0,0,0,0,240.0,,0,2,108.54,0,1
1,0,30,2015,5,31,29,0,4,2,0.0,0,0,135,6,3,0,0,0,0,4,0,0,240.0,,0,2,146.0,1,2
1,1,29,2015,5,31,29,1,4,2,0.0,0,0,135,6,3,0,0,0,3,3,0,0,240.0,,0,2,165.4,0,1
1,0,71,2015,5,31,29,1,4,2,0.0,0,0,59,6,3,0,0,0,0,2,0,0,240.0,,0,2,134.0,0,0
1,1,37,2015,5,31,29,1,4,2,0.0,0,2,135,5,3,0,0,0,0,3,0,0,196.0,,0,2,133.0,0,1
1,1,40,2015,5,31,29,1,4,3,0.0,0,2,135,3,1,0,0,0,7,7,0,0,,,0,2,240.0,0,0
1,0,37,2015,5,31,29,1,4,2,0.0,0,2,135,3,1,0,0,0,0,3,0,0,250.0,,0,2,157.0,0,1
1,0,0,2015,5,31,29,0,1,2,2.0,0,0,135,3,1,0,0,0,7,7,0,0,,,0,2,188.0,0,0
1,1,37,2015,5,31,29,1,4,2,0.0,0,2,135,5,3,0,0,0,0,3,0,0,196.0,,0,2,133.0,0,1
1,0,37,2015,5,31,29,1,4,2,0.0,0,2,135,3,1,0,0,0,0,3,0,0,250.0,,0,2,145.0,0,1
1,0,97,2015,5,31,29,1,4,2,0.0,0,0,59,6,3,0,0,0,0,0,0,0,240.0,,0,2,134.0,0,2
1,1,71,2015,5,31,29,1,4,2,0.0,0,0,135,6,3,0,0,0,0,0,0,0,240.0,,0,2,134.0,0,0
1,1,118,2015,5,31,29,1,4,2,0.0,0,2,135,6,3,0,0,0,3,3,1,0,240.0,,0,2,186.0,0,2
1,0,102,2015,5,31,29,2,5,2,0.0,0,0,59,5,3,0,0,0,0,3,0,0,6.0,,0,2,90.95,0,1
1,1,54,2015,5,31,29,2,5,2,0.0,0,0,135,6,3,0,0,0,5,5,0,0,241.0,,0,2,141.65,0,0
1,1,58,2015,5,31,29,2,5,2,0.0,0,0,135,6,3,0,0,0,3,3,0,0,147.0,,0,2,99.24,0,0
1,0,34,2015,5,31,29,2,4,2,0.0,0,0,59,6,3,0,0,0,0,3,0,0,241.0,,0,2,108.06,0,1
1,1,105,2015,5,31,29,2,5,2,0.0,0,0,135,5,3,0,0,0,0,3,0,0,6.0,,0,2,90.95,0,0
1,1,47,2015,5,31,29,2,6,2,0.0,0,0,135,6,3,0,0,0,0,0,0,0,242.0,,0,2,148.63,0,1
1,1,15,2015,5,31,30,0,1,2,0.0,0,0,135,6,3,0,0,0,3,3,1,0,240.0,,0,2,173.0,0,3
1,0,37,2015,5,31,30,0,1,1,0.0,0,0,51,5,3,0,0,0,0,5,1,0,134.0,,0,2,107.0,0,0
1,1,0,2015,5,31,30,0,1,1,0.0,0,0,135,2,0,0,0,0,0,0,0,0,,270.0,0,2,114.0,0,0
1,1,8,2015,5,31,30,0,1,2,0.0,0,0,135,6,3,0,0,0,0,7,0,0,240.0,,0,2,153.0,0,1
1,0,17,2015,5,31,30,0,2,2,0.0,0,0,59,6,3,0,0,0,0,4,0,0,240.0,,0,2,153.0,0,1
1,0,3,2015,5,31,30,0,3,3,1.0,0,2,135,3,1,0,0,0,6,6,0,0,,,0,2,250.33,0,2
1,1,30,2015,5,31,30,0,3,2,0.0,0,0,135,6,3,0,0,0,0,0,0,0,242.0,,0,2,146.67,0,2
1,1,31,2015,5,31,30,0,3,2,0.0,0,0,135,6,3,0,0,0,3,3,0,0,242.0,,0,2,154.0,0,2
1,1,66,2015,5,31,30,0,3,2,0.0,0,0,135,6,3,0,0,0,0,0,0,0,240.0,,0,2,120.6,0,0
1,0,52,2015,5,31,30,0,3,2,2.0,0,1,51,5,3,0,0,0,2,2,0,0,196.0,,0,2,280.74,1,0
1,0,20,2015,5,31,30,1,3,2,1.0,0,0,25,6,3,0,0,0,0,2,0,0,240.0,,0,2,193.0,0,1
1,1,30,2015,5,31,30,0,3,2,0.0,0,0,135,6,3,0,0,0,0,0,0,0,242.0,,0,2,146.67,0,2
1,1,31,2015,5,31,30,0,3,2,0.0,0,0,135,6,3,0,0,0,3,3,0,0,242.0,,0,2,154.0,0,2
1,1,62,2015,5,31,30,1,3,2,0.0,0,0,135,6,3,0,0,0,4,4,0,0,240.0,,0,2,154.5,0,0
1,1,65,2015,5,31,30,1,3,2,0.0,0,0,135,6,3,0,0,0,0,0,0,0,240.0,,0,2,120.6,0,0
1,1,64,2015,5,31,30,2,3,2,0.0,0,0,135,6,3,0,0,0,0,0,1,0,240.0,,0,2,137.8,0,0
1,0,77,2015,5,31,30,2,7,2,0.0,0,2,135,3,1,0,0,0,4,4,2,0,,,0,2,160.0,1,3
1,0,75,2015,5,31,30,2,7,2,0.0,0,0,29,5,3,0,0,0,3,3,0,0,36.0,,0,3,125.89,0,1
1,0,75,2015,5,31,30,2,7,2,0.0,0,0,29,5,3,0,0,0,3,3,0,0,36.0,,0,3,125.89,0,1
1,1,62,2015,5,31,30,2,5,2,0.0,0,0,135,3,1,0,0,0,3,3,0,0,250.0,,0,2,126.71,0,0
1,0,42,2015,5,31,31,0,0,1,0.0,0,0,135,5,3,0,0,0,0,8,0,0,142.0,,0,0,0.0,0,0
1,0,46,2015,5,31,31,0,0,2,0.0,0,2,135,6,3,0,0,0,4,8,0,0,240.0,,0,2,0.0,1,0
1,0,0,2015,5,31,31,0,1,2,2.0,0,0,135,3,1,0,0,0,5,5,0,0,,,0,2,188.0,0,0
1,1,25,2015,5,31,31,0,1,2,0.0,0,0,135,6,3,0,0,0,0,0,0,0,240.0,,0,2,153.0,0,2
1,1,16,2015,5,31,31,0,1,2,0.0,0,0,135,6,3,0,0,0,3,3,0,0,240.0,,0,2,173.0,0,3
1,1,16,2015,5,31,31,0,1,2,0.0,0,0,135,6,3,0,0,0,3,3,0,0,240.0,,0,2,173.0,0,3
1,0,16,2015,5,31,31,0,2,1,0.0,0,0,135,3,1,0,0,0,0,0,0,0,,,0,3,120.0,0,1
1,1,4,2015,5,31,31,0,2,2,0.0,0,0,135,6,3,0,0,0,0,3,0,0,240.0,,0,2,154.8,0,3
1,0,4,2015,5,31,31,0,2,2,0.0,0,0,135,6,3,0,0,0,3,3,0,0,240.0,,0,3,192.0,0,2
1,1,25,2015,5,31,31,0,2,2,0.0,0,0,135,6,3,0,0,0,0,0,0,0,240.0,,0,2,153.0,0,0
1,1,83,2015,5,31,31,0,2,2,0.0,0,0,135,6,3,0,0,0,0,0,0,0,240.0,,0,2,120.6,0,1
1,0,4,2015,5,31,31,0,2,2,0.0,0,0,135,6,3,0,0,0,3,3,0,0,240.0,,0,3,192.0,1,2
1,1,56,2015,5,31,31,0,2,2,0.0,0,0,135,6,3,0,0,0,0,0,0,0,240.0,,0,2,120.6,0,0
1,1,32,2015,5,31,31,0,2,2,0.0,0,0,135,6,3,0,0,0,4,4,0,0,240.0,,0,2,164.0,0,2
1,0,32,2015,5,31,31,0,2,2,2.0,0,0,135,6,3,0,0,0,7,7,0,0,240.0,,0,2,219.5,0,0
1,0,0,2015,5,31,31,0,2,2,0.0,0,2,135,6,3,0,0,0,0,2,0,0,240.0,,0,2,192.5,0,1
1,1,18,2015,5,31,31,1,2,2,0.0,0,0,135,6,3,0,0,0,0,0,0,0,240.0,,0,2,149.7,0,1
1,1,23,2015,5,31,31,1,2,2,0.0,0,0,135,3,1,0,0,0,0,0,0,0,,,0,2,111.92,0,0
1,1,39,2015,5,31,31,1,2,2,0.0,0,0,135,6,3,0,0,0,0,0,0,0,240.0,,0,2,120.6,0,1
1,1,18,2015,5,31,31,1,2,2,0.0,0,0,135,6,3,0,0,0,0,0,0,0,240.0,,0,2,149.7,0,1
1,1,18,2015,5,31,31,1,2,2,0.0,0,0,135,6,3,0,0,0,3,3,0,0,240.0,,0,2,173.0,0,3
1,1,23,2015,5,31,31,1,2,2,0.0,0,0,135,6,3,0,0,0,0,0,0,0,241.0,,0,2,112.0,0,1
1,0,286,2015,5,31,31,2,2,1,0.0,0,0,76,3,1,0,0,0,0,0,0,0,2.0,,0,2,57.6,0,0
1,0,72,2015,5,31,31,2,2,2,2.0,0,0,135,6,3,0,0,0,6,6,0,0,240.0,,0,2,214.0,1,0
1,1,136,2015,5,31,31,2,2,2,0.0,0,0,135,6,3,0,0,0,0,0,0,0,240.0,,0,2,172.0,0,0
1,0,58,2015,5,31,31,2,3,1,0.0,0,0,123,6,3,0,0,0,3,3,1,0,105.0,,0,2,157.8,0,0
1,0,80,2015,5,31,31,2,4,2,0.0,0,0,15,6,3,0,0,0,4,4,0,0,240.0,,0,2,170.33,1,1
1,0,113,2015,5,31,31,3,7,2,0.0,0,0,76,5,3,0,0,0,4,4,0,0,40.0,,0,0,119.25,0,0
1,0,129,2015,1,31,1,1,1,2,0.0,0,0,135,5,3,0,0,0,0,0,0,0,67.0,,0,2,96.3,0,0
1,1,84,2015,1,31,1,2,1,2,0.0,0,2,135,5,3,0,0,0,0,0,0,0,175.0,,0,3,118.06,0,0
1,1,84,2015,1,31,1,2,1,2,0.0,0,2,135,5,3,0,0,0,0,0,0,0,175.0,,0,3,118.06,0,0
1,1,89,2015,1,31,1,0,1,2,0.0,0,0,135,3,1,0,0,0,3,3,0,0,,,0,2,154.0,0,0
1,1,10,2015,1,31,1,0,1,2,0.0,0,0,135,3,1,0,0,0,5,5,0,0,,,0,3,202.0,0,0
1,1,80,2015,1,31,1,0,1,2,0.0,0,0,135,6,3,0,0,0,0,0,1,0,240.0,,0,2,134.0,0,2
1,1,10,2015,1,31,1,0,1,2,0.0,0,0,135,3,1,0,0,0,5,5,0,0,,,0,3,202.0,0,0
1,1,10,2015,1,31,1,0,1,2,0.0,0,0,135,3,1,0,0,0,6,6,1,0,,,0,3,252.0,0,0
1,1,24,2015,1,31,1,0,1,2,2.0,0,0,135,6,3,0,0,0,6,6,1,0,240.0,,0,2,233.0,0,1
1,0,1,2015,1,31,1,0,1,2,0.0,0,0,135,6,3,0,0,0,3,3,0,0,,,0,2,211.0,0,2
1,1,9,2015,1,31,1,0,1,2,0.0,0,0,135,6,3,0,0,0,3,3,1,0,240.0,,0,2,211.0,0,2
1,1,3,2015,1,31,1,2,3,2,2.0,0,2,135,3,1,0,0,0,2,2,1,0,250.0,,0,2,237.0,0,1
1,0,3,2015,1,31,1,2,5,2,0.0,0,0,51,6,3,0,0,0,0,0,0,0,240.0,,0,2,188.29,0,2
1,1,124,2015,1,31,1,2,4,2,0.0,0,0,135,6,3,0,0,0,0,0,0,0,240.0,,0,2,120.6,0,1
1,1,74,2015,1,31,1,2,5,2,2.0,0,0,135,3,1,0,0,0,2,2,0,0,250.0,,0,2,177.14,0,0
1,1,82,2015,1,31,1,2,5,2,2.0,0,0,135,6,3,0,0,0,6,6,0,0,240.0,,0,2,222.14,0,0
1,1,91,2015,1,31,1,2,5,2,0.0,0,2,135,6,3,0,0,0,0,0,1,0,241.0,,0,2,127.82,0,2
1,1,77,2015,1,31,1,2,5,2,0.0,0,2,135,6,3,0,0,0,3,3,0,0,240.0,,0,2,194.14,0,0
1,1,130,2015,1,31,1,2,5,2,0.0,0,0,135,6,3,0,0,0,0,0,0,0,240.0,,0,2,120.6,0,2
1,1,91,2015,1,31,1,2,5,2,1.0,0,2,135,6,3,0,0,0,0,0,1,0,241.0,,0,2,144.53,0,3
1,0,79,2015,1,31,1,2,5,3,0.0,0,2,135,3,1,0,0,0,4,4,1,0,,,0,2,185.0,1,4
1,1,130,2015,1,31,1,2,6,2,0.0,0,0,135,5,3,0,0,0,0,0,0,0,149.0,,0,2,96.3,0,0
1,0,66,2015,1,31,1,2,6,2,0.0,0,2,135,6,3,0,0,0,3,3,2,0,240.0,,0,2,193.13,0,0
1,1,53,2015,1,31,1,3,6,2,0.0,0,2,135,6,3,0,0,0,4,4,0,0,240.0,,0,2,210.78,0,0
1,1,80,2015,1,31,1,4,6,2,2.0,0,0,135,6,3,0,0,0,2,2,0,0,242.0,,0,2,169.0,0,1
1,1,77,2015,1,31,1,4,6,2,1.0,0,0,135,6,3,0,0,0,3,3,0,0,240.0,,0,2,174.7,0,3
1,1,57,2015,1,31,1,4,10,2,2.0,0,0,135,6,3,0,0,0,2,2,1,0,241.0,,0,2,135.53,0,0
1,0,11,2015,1,31,1,4,10,1,0.0,0,0,135,5,3,0,0,0,0,0,0,0,104.0,,0,2,172.0,0,0
1,1,25,2015,1,32,2,1,0,2,0.0,0,0,135,6,3,0,0,0,0,0,0,0,240.0,,0,2,144.0,0,2
1,1,2,2015,1,32,2,2,0,2,0.0,0,0,135,6,3,0,0,0,0,2,0,0,240.0,,0,2,162.5,0,1
1,1,36,2015,1,32,2,2,3,2,0.0,0,0,135,6,3,0,0,0,4,4,0,0,240.0,,0,2,209.6,0,2
1,1,36,2015,1,32,2,2,3,2,0.0,0,0,135,6,3,0,0,0,4,4,0,0,240.0,,0,2,209.6,0,2
1,0,115,2015,1,32,2,2,5,3,0.0,0,2,135,5,3,0,0,0,4,4,0,0,5.0,,0,2,195.5,1,1
1,0,95,2015,1,32,2,2,4,2,1.0,0,2,135,3,1,0,0,0,0,0,4,0,,,0,2,186.0,1,4
1,0,67,2015,1,32,2,2,4,2,0.0,0,0,135,3,1,0,0,0,3,3,0,0,,,0,2,163.5,0,1
1,0,60,2015,1,32,2,2,5,2,0.0,0,2,135,3,1,0,0,0,0,0,0,0,,,0,2,180.28,0,0
1,0,34,2015,1,32,2,2,5,2,0.0,0,0,51,3,1,0,0,0,2,2,3,0,250.0,,0,2,174.76,1,1
1,0,78,2015,1,32,2,4,5,2,0.0,0,0,76,5,3,0,0,0,3,3,0,0,171.0,,0,2,116.85,0,0
1,0,93,2015,1,32,2,2,5,2,0.0,0,1,135,5,3,0,0,0,0,0,0,0,175.0,,0,2,159.0,0,0
1,1,327,2015,1,32,2,4,10,2,0.0,0,0,135,5,3,0,0,0,3,3,0,0,40.0,,0,0,104.55,0,0
1,0,21,2015,1,32,3,0,0,2,2.0,0,0,135,3,1,0,0,0,2,5,0,0,250.0,,0,2,0.0,0,0
1,0,0,2015,1,32,3,1,0,2,0.0,0,0,135,6,3,0,0,0,2,2,0,0,241.0,,0,2,144.76,0,0
1,1,47,2015,1,32,3,1,1,2,0.0,0,2,135,6,3,0,0,0,3,3,0,0,240.0,,0,2,205.0,0,0
1,1,81,2015,1,32,3,1,3,2,0.0,0,0,135,5,3,0,0,0,3,3,0,0,8.0,,0,0,123.0,0,0
1,1,52,2015,1,32,3,1,4,2,0.0,0,0,135,6,3,0,0,0,3,3,0,0,240.0,,0,2,173.0,0,0
1,1,13,2015,1,32,3,1,4,2,2.0,0,0,135,5,3,0,0,0,2,2,1,0,142.0,,0,0,220.55,0,0
1,0,83,2015,1,32,3,2,5,2,0.0,0,0,76,6,3,0,0,0,3,3,0,0,240.0,,0,2,162.14,0,1
1,1,131,2015,1,32,3,2,5,2,0.0,1,2,135,5,3,0,0,0,0,0,1,0,177.0,,0,2,119.7,0,1
1,0,460,2015,1,32,3,2,5,1,0.0,0,2,59,5,3,0,0,0,4,4,0,0,40.0,,0,0,77.54,0,0
1,1,82,2015,1,32,3,2,5,2,0.0,0,0,135,6,3,0,0,0,0,0,0,0,240.0,,0,2,120.6,0,0
1,1,61,2015,1,32,3,2,5,2,0.0,0,0,135,6,3,0,0,0,0,0,0,0,240.0,,0,2,153.0,0,0
1,0,94,2015,1,32,4,0,0,2,0.0,0,0,135,6,3,0,0,0,0,5,0,0,240.0,,0,2,0.0,0,1
1,0,1,2015,1,32,4,0,0,2,0.0,0,0,135,6,3,0,0,0,3,5,0,0,240.0,,0,2,0.0,0,2
1,0,0,2015,1,32,4,0,1,2,0.0,0,0,135,3,1,0,0,0,0,2,0,0,250.0,,0,2,172.0,0,0
1,1,36,2015,1,32,4,0,3,1,0.0,0,0,135,3,1,0,0,0,5,5,0,0,250.0,,0,2,221.0,0,0
1,1,61,2015,1,32,4,0,3,2,0.0,0,0,135,6,3,0,0,0,0,0,0,0,240.0,,0,2,153.0,0,0
1,0,13,2015,1,32,4,0,4,2,0.0,1,2,135,3,1,0,0,0,2,2,1,0,,,0,3,230.5,0,2
1,0,13,2015,1,32,4,0,4,2,0.0,0,2,135,3,1,0,0,0,2,2,1,0,,,0,3,230.5,1,2
1,1,15,2015,1,32,4,0,4,2,0.0,0,0,135,6,3,0,0,0,3,3,0,0,240.0,,0,2,211.0,0,1
1,0,14,2015,1,32,4,0,5,2,0.0,0,2,51,6,3,0,0,0,3,3,1,0,240.0,,0,2,241.0,0,2
1,1,13,2015,1,32,4,1,5,2,0.0,0,0,135,6,3,0,0,0,3,3,0,0,240.0,,0,2,211.0,0,1
1,0,140,2015,1,32,4,2,5,2,0.0,0,0,51,5,3,0,0,0,0,3,0,0,6.0,,0,3,90.95,1,0
1,0,6,2015,1,32,4,2,5,2,0.0,0,0,51,6,3,0,0,0,0,0,0,0,240.0,,0,2,188.29,0,2
1,0,140,2015,1,32,4,2,5,2,0.0,0,0,135,5,3,0,0,0,0,3,0,0,6.0,,0,3,90.95,0,0
1,0,81,2015,1,32,4,2,8,2,0.0,0,2,140,3,1,0,0,0,3,3,1,0,250.0,,0,2,187.8,0,1
1,0,1,2015,1,32,5,0,0,3,0.0,0,0,135,6,3,0,0,0,3,8,0,0,240.0,,0,2,0.0,0,2
1,0,65,2015,1,32,5,0,0,2,0.0,0,2,135,5,3,0,0,0,3,8,0,0,261.0,,0,2,0.0,0,0
1,1,0,2015,1,32,5,0,1,2,0.0,0,0,135,3,1,0,0,0,3,5,0,0,,,0,2,172.0,0,1
1,0,2,2015,1,32,5,0,1,2,0.0,0,0,51,6,3,0,0,0,0,3,0,0,240.0,,0,2,171.9,0,0
1,0,0,2015,1,32,5,0,1,2,0.0,0,0,135,3,1,0,0,0,8,5,0,0,,,0,2,200.0,0,0
1,1,114,2015,1,32,5,0,3,2,0.0,0,2,135,6,3,0,0,0,0,0,0,0,240.0,,0,2,149.4,0,0
1,1,111,2015,1,32,5,0,4,2,0.0,0,0,135,6,3,0,0,0,3,3,1,0,240.0,,0,2,154.0,0,1
1,0,44,2015,1,32,5,0,4,2,0.0,0,0,51,6,3,0,0,0,0,0,0,0,240.0,,0,2,148.25,1,0
1,0,139,2015,1,32,5,0,4,2,0.0,0,0,135,6,3,0,0,0,0,0,0,0,240.0,,0,2,172.0,0,1
1,1,57,2015,1,32,5,1,4,2,0.0,0,0,135,6,3,0,0,0,4,4,0,0,240.0,,0,2,183.0,0,0
1,1,16,2015,1,32,5,1,4,2,0.0,0,2,135,6,3,0,0,0,3,3,0,0,240.0,,0,2,242.6,0,1
1,0,139,2015,1,32,5,0,4,3,0.0,0,0,135,6,3,0,0,0,0,0,1,0,240.0,,0,2,172.0,0,2
1,0,84,2015,1,32,5,2,5,2,0.0,1,2,135,6,3,0,0,0,0,0,1,0,240.0,,0,2,168.71,0,3
1,1,117,2015,1,32,5,2,6,2,0.0,0,2,135,6,3,0,0,0,0,0,0,0,240.0,,0,2,166.0,0,0
1,1,69,2015,1,32,6,0,1,1,0.0,0,0,135,3,1,0,0,0,0,0,1,0,146.0,,0,2,112.0,0,0
1,0,2,2015,1,32,6,0,1,2,0.0,0,0,56,6,3,0,0,0,0,0,0,0,240.0,,0,2,172.0,0,0
1,1,118,2015,1,32,6,0,3,2,0.0,0,0,135,6,3,0,0,0,0,0,0,0,240.0,,0,2,120.6,0,0
1,0,129,2015,1,32,6,0,3,2,0.0,0,0,135,3,1,0,0,0,4,5,0,0,,,0,3,126.0,0,1
1,0,9,2015,1,32,6,0,3,2,2.0,0,2,51,6,3,0,0,0,6,2,2,0,240.0,,0,2,268.0,1,1
1,0,52,2015,1,32,6,1,3,2,0.0,0,0,135,3,1,0,0,0,4,4,1,0,250.0,,0,2,173.0,0,0
1,0,65,2015,1,32,6,2,3,2,0.0,0,2,59,5,3,0,0,0,3,3,1,0,142.0,,0,2,149.2,0,0
1,0,7,2015,1,32,6,2,3,2,0.0,0,2,135,6,3,0,0,0,0,0,1,0,240.0,,0,2,217.2,1,4
1,1,28,2015,1,32,6,1,3,3,0.0,0,0,135,6,3,0,0,0,3,3,0,0,242.0,,0,2,239.3,0,1
1,0,3,2015,1,32,6,2,4,2,0.0,0,0,139,6,3,0,0,0,0,0,0,0,240.0,,0,2,181.5,0,3
1,0,87,2015,1,32,6,2,6,2,0.0,0,0,140,6,3,0,0,0,3,3,2,0,240.0,,0,2,154.0,0,2
1,0,51,2015,1,32,6,2,6,2,0.0,0,0,51,6,3,0,0,0,3,3,0,0,240.0,,0,2,173.0,0,0
1,0,136,2015,1,32,6,2,8,3,1.0,0,0,76,3,1,0,0,0,6,6,1,0,250.0,,0,2,181.9,0,3
1,0,4,2015,1,32,7,0,0,2,0.0,0,0,135,6,3,0,0,0,4,8,0,0,240.0,,0,2,0.0,0,2
1,0,1,2015,1,32,7,0,1,2,0.0,0,0,135,2,0,0,0,0,0,5,0,0,,144.0,0,2,114.0,0,0
1,1,49,2015,1,32,7,0,2,2,2.0,0,0,135,6,3,0,0,0,7,7,0,0,240.0,,0,2,267.0,0,0
1,0,4,2015,1,32,7,0,2,2,1.0,0,0,75,6,3,0,0,0,3,3,1,0,240.0,,0,2,226.0,0,4
1,1,45,2015,1,32,7,0,2,2,0.0,0,0,135,6,3,0,0,0,3,3,0,0,240.0,,0,2,173.0,0,0
1,0,6,2015,1,32,7,0,2,2,0.0,0,0,135,6,3,0,0,0,3,5,0,0,240.0,,0,2,211.0,0,1
1,0,4,2015,1,32,7,0,2,2,0.0,0,0,59,6,3,0,0,0,0,7,0,0,240.0,,0,2,191.0,0,3
1,1,53,2015,1,32,7,1,2,2,0.0,0,0,135,6,3,0,0,0,3,3,0,0,240.0,,0,2,173.0,0,0
1,0,52,2015,1,32,7,1,2,2,0.0,0,0,135,3,1,0,0,0,4,5,0,0,250.0,,0,2,173.0,0,1
1,1,4,2015,1,32,7,2,2,2,2.0,0,0,135,6,3,0,0,0,6,6,1,0,240.0,,0,2,277.5,0,2
1,0,98,2015,1,32,7,2,2,2,0.0,0,0,135,6,3,0,0,0,0,3,0,0,240.0,,0,2,134.0,0,2
1,1,46,2015,1,32,7,2,2,2,0.0,0,0,135,6,3,0,0,0,0,0,0,0,240.0,,0,2,153.0,0,0
1,1,122,2015,1,32,7,2,2,2,0.0,0,2,135,6,3,0,0,0,3,3,0,0,240.0,,0,2,186.0,0,1
1,0,83,2015,1,32,7,2,2,2,0.0,0,0,51,5,3,0,0,0,0,0,0,0,175.0,,0,3,107.2,0,2
1,0,16,2015,1,32,7,2,3,2,0.0,0,0,76,6,3,0,0,0,4,4,0,0,240.0,,0,2,221.0,0,2
1,1,43,2015,1,32,7,2,4,2,0.0,0,2,135,6,3,0,0,0,0,0,0,0,240.0,,0,2,202.0,0,0
1,1,73,2015,1,32,7,2,5,2,2.0,0,0,135,6,3,0,0,0,2,2,0,0,105.0,,0,2,169.0,0,0
1,0,116,2015,1,32,7,2,5,2,1.0,1,0,135,5,3,0,0,0,2,2,0,0,5.0,,0,2,133.5,1,2
1,1,113,2015,1,32,7,2,5,2,0.0,0,2,135,5,3,0,0,0,0,0,0,0,105.0,,0,3,154.38,0,1
1,1,113,2015,1,32,7,2,5,2,0.0,0,2,135,5,3,0,0,0,0,0,0,0,105.0,,0,3,154.38,0,1
1,0,51,2015,1,32,7,2,5,2,0.0,0,2,135,6,3,0,0,0,3,3,0,0,240.0,,0,2,205.0,0,2
1,0,65,2015,1,32,7,2,7,2,0.0,0,0,123,6,3,0,0,0,0,0,1,0,240.0,,0,2,121.39,1,1
1,0,0,2015,1,32,8,0,1,2,0.0,0,0,31,6,3,0,0,0,0,0,0,0,240.0,,0,2,171.9,1,0
1,1,87,2015,1,32,8,0,1,2,0.0,0,0,135,6,3,0,0,0,4,4,0,0,240.0,,0,2,164.0,0,1
1,1,106,2015,1,32,8,1,1,2,0.0,0,0,135,6,3,0,0,0,0,0,0,0,240.0,,0,2,134.0,0,1
1,0,5,2015,1,32,8,1,1,2,0.0,0,0,29,6,3,0,0,0,6,7,0,0,240.0,,0,2,250.0,0,1
1,0,98,2015,1,32,8,1,1,2,0.0,0,2,51,6,3,0,0,0,4,5,0,0,240.0,,0,2,208.0,1,1
1,1,78,2015,1,32,8,1,1,2,2.0,0,0,135,3,1,0,0,0,2,2,0,0,250.0,,0,2,181.0,0,0
1,0,4,2015,1,32,8,2,1,2,0.0,0,0,135,6,3,0,0,0,0,0,0,0,240.0,,0,2,172.0,0,3
1,0,5,2015,1,32,8,2,1,2,0.0,0,0,169,6,3,0,0,0,3,3,0,0,241.0,,0,2,157.59,0,1
1,0,3,2015,1,32,8,2,2,2,0.0,0,2,51,6,3,0,0,0,0,3,0,0,240.0,,0,2,211.75,1,3
1,0,85,2015,1,32,8,2,2,2,0.0,0,2,56,6,3,0,0,0,6,6,0,0,240.0,,0,2,246.0,0,1
1,1,137,2015,1,32,8,2,2,2,0.0,0,0,135,6,3,0,0,0,0,0,0,0,240.0,,0,2,108.54,0,1
1,1,67,2015,1,32,8,2,4,2,0.0,0,2,135,6,3,0,0,0,3,3,0,0,240.0,,0,2,186.0,0,0
1,1,54,2015,1,32,8,2,5,2,0.0,0,2,135,6,3,0,0,0,3,3,0,0,240.0,,0,2,205.0,0,1
1,1,87,2015,1,32,8,2,5,2,0.0,0,0,135,6,3,0,0,0,3,3,0,0,240.0,,0,2,154.0,0,1
1,1,54,2015,1,32,8,2,5,2,0.0,0,2,135,3,1,0,0,0,0,0,0,0,250.0,,0,2,200.71,0,0
1,0,12,2015,1,32,8,2,5,2,2.0,0,0,135,5,3,0,0,0,6,6,0,0,,,0,2,252.0,1,1
1,1,60,2015,1,32,8,2,5,2,2.0,0,0,135,5,3,0,0,0,2,2,0,0,196.0,,0,2,135.2,0,0
1,0,75,2015,1,32,8,2,5,2,2.0,0,1,135,3,1,0,0,0,2,2,0,0,250.0,,0,2,276.43,1,3
1,1,54,2015,1,32,8,2,5,2,0.0,0,2,135,3,1,0,0,0,5,5,0,0,250.0,,0,2,228.0,0,0
1,0,126,2015,1,32,8,2,5,2,0.0,1,2,135,5,3,0,0,0,0,0,0,0,261.0,,0,2,133.0,1,2
1,1,54,2015,1,32,8,2,5,2,0.0,0,2,135,6,3,0,0,0,3,3,0,0,240.0,,0,2,205.0,0,1
1,1,84,2015,1,32,8,2,5,2,0.0,0,0,135,6,3,0,0,0,0,0,0,0,240.0,,0,2,134.0,0,2
1,1,106,2015,1,32,8,2,5,2,0.0,0,2,135,5,3,0,0,0,0,0,0,0,171.0,,0,2,119.7,0,1
1,0,136,2015,1,32,8,2,5,2,0.0,0,0,76,5,3,0,0,0,0,0,0,0,156.0,,0,0,90.95,0,1
1,0,98,2015,1,32,8,2,5,2,0.0,0,2,135,5,3,0,0,0,0,0,0,0,127.0,,0,2,138.0,0,0
1,1,91,2015,1,32,8,2,5,2,0.0,0,0,135,6,3,0,0,0,0,0,0,0,240.0,,0,2,134.0,0,1
1,1,58,2015,1,32,8,2,6,1,0.0,0,0,135,3,1,0,0,0,4,4,1,0,250.0,,0,2,173.0,0,0
1,0,61,2015,1,32,8,4,9,2,0.0,0,0,56,6,3,0,0,0,3,3,0,0,240.0,,0,2,165.69,1,0
1,0,0,2015,1,33,9,1,0,2,0.0,0,0,135,3,1,0,0,0,6,6,0,0,,,0,2,195.0,0,0
1,0,5,2015,1,33,9,1,0,2,0.0,0,0,135,6,3,0,0,0,0,4,0,0,306.0,,0,2,127.31,0,0
1,0,2,2015,1,33,9,1,0,2,0.0,0,0,135,6,3,0,0,0,3,3,0,0,240.0,,0,2,134.0,0,1
1,1,9,2015,1,33,9,2,0,2,1.0,0,0,135,3,1,0,0,0,3,3,0,0,250.0,,0,2,207.0,0,2
1,1,10,2015,1,33,9,2,0,2,0.0,0,0,135,6,3,0,0,0,4,4,0,0,240.0,,0,2,211.5,0,1
1,0,62,2015,1,33,9,2,1,2,0.0,0,0,56,6,3,0,0,0,4,5,1,0,240.0,,0,2,210.33,1,2
1,0,34,2015,1,33,9,2,2,2,0.0,0,0,169,6,3,0,0,0,3,3,0,0,240.0,,0,2,211.0,0,1
1,0,82,2015,1,33,9,2,2,2,0.0,0,0,34,6,3,0,0,0,3,3,0,0,240.0,,0,2,154.0,0,0
1,1,65,2015,1,33,9,2,3,2,0.0,0,0,135,6,3,0,0,0,0,0,0,0,240.0,,0,2,145.4,0,0
1,1,129,2015,1,33,9,2,3,1,0.0,0,0,135,6,3,0,0,0,0,0,0,0,240.0,,0,2,101.25,0,0
1,0,55,2015,1,33,9,2,4,2,0.0,0,2,107,6,3,0,0,0,3,3,0,0,242.0,,0,2,179.38,0,0
1,1,122,2015,1,33,9,2,4,2,0.0,0,2,135,6,3,0,0,0,0,0,0,0,240.0,,0,2,166.0,0,2
1,1,41,2015,1,33,9,2,4,2,0.0,0,0,135,6,3,0,0,0,4,4,0,0,240.0,,0,2,202.0,0,2
1,1,41,2015,1,33,9,2,4,2,0.0,0,0,135,6,3,0,0,0,0,0,0,0,240.0,,0,2,172.0,0,2
1,0,81,2015,1,33,9,2,4,2,1.0,1,1,51,3,1,0,0,0,2,2,0,0,250.0,,0,2,277.0,1,1
1,0,59,2015,1,33,9,2,5,2,0.0,0,0,59,5,3,0,0,0,0,0,0,0,243.0,,0,2,104.0,0,0
1,0,72,2015,1,33,9,2,5,2,0.0,0,2,135,5,3,0,0,0,0,0,0,0,149.0,,0,2,133.0,0,1
1,1,68,2015,1,33,9,2,5,2,2.0,0,0,135,6,3,0,0,0,6,6,0,0,240.0,,0,2,214.0,0,0
1,0,81,2015,1,33,9,2,5,2,0.0,0,2,59,5,3,0,0,0,0,0,0,0,243.0,,0,2,130.0,0,0
1,1,72,2015,1,33,9,2,5,2,0.0,0,0,135,6,3,0,0,0,3,3,0,0,240.0,,0,2,154.0,0,0
1,0,68,2015,1,33,9,2,5,2,0.0,0,0,59,5,3,0,0,0,0,0,0,0,26.0,,0,2,106.4,0,0
1,1,127,2015,1,33,9,4,10,2,0.0,0,2,135,5,3,0,0,0,0,0,0,0,29.0,,0,3,133.0,0,1
1,1,127,2015,1,33,9,4,10,1,0.0,0,2,135,5,3,0,0,0,0,0,1,0,29.0,,0,3,120.0,0,1
1,0,5,2015,1,33,10,0,0,2,0.0,0,2,135,6,3,0,0,0,3,5,0,0,240.0,,0,2,0.0,0,2
1,0,68,2015,1,33,10,1,2,2,1.0,0,2,135,5,3,0,0,0,4,4,0,0,96.0,,0,2,254.0,1,1
1,1,47,2015,1,33,10,1,2,2,0.0,0,0,135,6,3,0,0,0,3,3,0,0,240.0,,0,2,192.0,0,1
1,0,19,2015,1,33,10,1,2,2,0.0,0,0,140,6,3,0,0,0,4,5,0,0,240.0,,0,2,221.0,0,2
1,1,72,2015,1,33,10,1,1,2,0.0,0,0,135,6,3,0,0,0,0,0,0,0,240.0,,0,2,120.6,0,0
1,0,30,2015,1,33,10,1,2,2,0.0,0,0,169,6,3,0,0,0,0,2,0,0,240.0,,0,2,211.0,0,0
1,1,139,2015,1,33,10,1,4,2,0.0,0,0,135,6,3,0,0,0,4,4,0,0,240.0,,0,2,147.6,0,1
1,0,112,2015,1,33,10,1,4,2,0.0,0,0,51,5,3,0,0,0,3,3,0,0,258.0,,0,2,129.0,0,0
1,1,63,2015,1,33,10,1,4,2,0.0,0,2,135,6,3,0,0,0,3,3,0,0,240.0,,0,2,205.0,0,0
1,0,35,2015,1,33,10,1,5,2,0.0,0,0,51,6,3,0,0,0,0,0,0,0,241.0,,0,2,147.07,0,1
1,1,75,2015,1,33,10,1,5,2,0.0,0,2,135,5,3,0,0,0,0,0,0,0,142.0,,0,2,107.2,0,0
1,0,136,2015,1,33,10,1,5,2,0.0,0,0,135,6,3,0,0,0,6,6,0,0,240.0,,0,2,179.1,1,1
1,0,35,2015,1,33,10,1,5,2,0.0,0,0,135,6,3,0,0,0,5,5,0,0,241.0,,0,2,164.65,0,1
1,1,63,2015,1,33,10,1,5,2,1.0,0,0,135,3,1,0,0,0,3,3,0,0,250.0,,0,2,200.0,0,1
1,1,77,2015,1,33,10,1,5,2,0.0,0,0,135,6,3,0,0,0,0,0,0,0,240.0,,0,2,134.0,0,0
1,0,62,2015,1,33,10,2,5,2,2.0,0,0,135,6,3,0,0,0,6,6,0,0,240.0,,0,2,233.0,0,0
1,1,95,2015,1,33,10,2,5,4,0.0,0,0,135,3,1,0,0,0,7,7,0,0,,,0,2,190.0,0,0
1,1,101,2015,1,33,10,2,5,2,0.0,1,2,135,6,3,0,0,0,4,4,0,0,240.0,,0,2,196.0,0,2
1,1,38,2015,1,33,10,2,5,2,0.0,0,0,135,6,3,0,0,0,0,0,0,0,240.0,,0,2,185.57,0,2
1,1,60,2015,1,33,10,3,5,2,0.0,0,0,135,3,1,0,0,0,5,5,0,0,,,0,2,175.0,0,1
1,1,60,2015,1,33,10,3,5,2,0.0,0,0,135,3,1,0,0,0,5,5,0,0,,,0,2,175.0,0,1
1,0,76,2015,1,33,10,3,8,2,0.0,0,2,76,3,1,0,0,0,3,3,0,0,,,0,2,169.0,0,1
1,0,90,2015,1,33,11,0,0,2,0.0,0,0,135,6,3,0,0,0,4,4,0,0,240.0,,0,2,0.0,0,2
1,0,90,2015,1,33,11,0,0,2,0.0,0,0,135,6,3,0,0,0,0,3,0,0,240.0,,0,2,0.0,0,2
1,1,87,2015,1,33,11,0,2,2,0.0,0,0,135,3,1,0,0,0,0,0,1,0,250.0,,0,2,134.0,0,0
1,1,31,2015,1,33,11,0,2,2,0.0,0,0,135,6,3,0,0,0,3,3,0,0,240.0,,0,2,211.0,0,2
1,1,74,2015,1,33,11,0,2,2,0.0,0,0,135,3,1,0,0,0,0,0,1,0,250.0,,0,2,134.0,0,1
1,1,120,2015,1,33,11,0,3,2,0.0,0,0,135,6,3,0,0,0,0,0,0,0,240.0,,0,2,120.6,0,1
1,1,120,2015,1,33,11,0,3,2,0.0,0,0,135,6,3,0,0,0,0,0,0,0,240.0,,0,2,120.6,0,1
1,1,120,2015,1,33,11,0,3,1,0.0,0,0,135,6,3,0,0,0,0,0,0,0,240.0,,0,2,112.5,0,1
1,1,116,2015,1,33,11,0,4,2,0.0,0,0,135,6,3,0,0,0,4,4,0,0,240.0,,0,2,164.0,0,0
1,1,83,2015,1,33,11,0,4,2,0.0,0,0,135,6,3,0,0,0,0,0,0,0,240.0,,0,2,120.6,0,0
1,0,80,2015,1,33,11,0,4,2,0.0,0,0,76,6,3,0,0,0,3,3,0,0,240.0,,0,2,154.0,0,0
1,1,27,2015,1,33,11,0,4,1,1.0,0,0,135,3,1,0,0,0,2,2,0,0,250.0,,0,2,207.0,0,2
1,1,78,2015,1,33,11,0,5,2,0.0,0,0,135,6,3,0,0,0,6,6,0,0,240.0,,0,2,214.0,0,0
1,1,117,2015,1,33,11,0,5,2,0.0,0,2,135,5,3,0,0,0,3,3,0,0,242.0,,0,3,186.0,0,1
1,0,70,2015,1,33,11,0,5,2,0.0,0,0,135,6,3,0,0,0,3,3,0,0,240.0,,0,2,154.0,0,0
1,1,85,2015,1,33,11,0,5,3,0.0,0,0,135,6,3,0,0,0,0,0,0,0,242.0,,0,2,162.3,0,3
1,1,117,2015,1,33,11,0,5,2,0.0,0,2,135,5,3,0,0,0,3,3,0,0,242.0,,0,3,186.0,0,1
1,1,22,2015,1,33,11,1,5,2,0.0,0,2,135,6,3,0,0,0,3,3,0,0,240.0,,0,2,241.0,0,0
1,1,34,2015,1,33,11,2,5,2,0.0,0,2,135,6,3,0,0,0,3,3,0,0,240.0,,0,2,274.93,0,2
1,0,68,2015,1,33,11,2,5,2,0.0,0,2,140,6,3,0,0,0,0,0,0,0,240.0,,0,2,156.73,0,0
1,1,69,2015,1,33,11,2,5,2,0.0,0,2,135,6,3,0,0,0,0,0,0,0,240.0,,0,2,156.73,0,0
1,1,85,2015,1,33,11,0,5,2,0.0,0,0,135,6,3,0,0,0,0,0,1,0,242.0,,0,2,134.0,0,2
1,1,102,2015,1,33,11,0,5,2,0.0,0,0,135,6,3,0,0,0,0,0,0,0,240.0,,0,2,134.0,0,1
1,0,31,2015,1,33,11,2,5,2,0.0,0,0,135,6,3,0,0,0,3,3,0,0,240.0,,0,2,211.0,0,1
1,0,49,2015,1,33,11,2,8,2,1.0,0,1,135,5,3,0,0,0,4,4,1,0,5.0,,0,2,200.7,1,2
1,0,84,2015,1,33,11,2,8,2,1.0,0,0,76,5,3,0,0,0,3,3,1,0,171.0,,0,2,142.26,0,1
1,1,102,2015,1,33,11,2,10,2,0.0,0,2,135,6,3,0,0,0,4,4,0,0,240.0,,0,2,196.0,0,2
1,0,66,2015,1,33,11,2,10,2,2.0,0,0,59,6,3,0,0,0,2,2,1,0,241.0,,0,2,129.41,0,1
1,1,80,2015,1,33,11,2,5,2,0.0,0,0,135,6,3,0,0,0,0,0,0,0,241.0,,0,2,98.02,0,0
1,1,85,2015,1,33,11,2,5,2,0.0,0,0,135,6,3,0,0,0,0,0,0,0,240.0,,0,2,120.6,0,0
1,1,33,2015,1,33,12,0,1,1,0.0,0,0,135,4,0,0,0,0,0,0,0,0,,307.0,0,3,191.0,0,0
1,1,1,2015,1,33,12,0,1,2,0.0,1,0,135,3,1,0,0,0,4,4,0,0,,,0,2,191.0,0,2
1,0,33,2015,1,33,12,0,1,2,0.0,0,0,135,4,0,0,0,0,6,6,0,0,,307.0,0,3,252.0,0,1
1,0,47,2015,1,33,12,0,3,2,0.0,0,2,56,6,3,0,0,0,0,0,0,0,241.0,,0,2,157.08,0,2
1,1,2,2015,1,33,12,0,3,2,0.0,0,0,135,6,3,0,0,0,6,6,0,0,240.0,,0,2,258.33,0,1
1,1,22,2015,1,33,12,0,4,2,0.0,0,0,135,6,3,0,0,0,3,3,1,0,240.0,,0,2,211.0,0,3
1,1,22,2015,1,33,12,0,4,2,0.0,0,0,135,6,3,0,0,0,3,3,1,0,240.0,,0,2,211.0,0,3
1,1,55,2015,1,33,12,2,5,2,0.0,0,0,135,6,3,0,0,0,3,3,0,0,241.0,,0,2,133.21,0,0
1,1,68,2015,1,33,12,2,6,2,0.0,0,0,135,6,3,0,0,0,4,4,0,0,240.0,,0,2,173.5,0,0
1,1,128,2015,1,33,12,2,8,1,0.0,0,0,135,5,3,0,0,0,0,3,0,0,6.0,,0,3,90.95,0,1
1,0,128,2015,1,33,12,2,8,2,0.0,0,0,56,5,3,0,0,0,0,3,0,0,6.0,,0,3,90.95,0,1
1,0,128,2015,1,33,12,2,8,2,0.0,0,0,56,5,3,0,0,0,0,3,0,0,6.0,,0,3,90.95,0,1
1,0,78,2015,1,33,12,1,4,2,0.0,0,0,135,6,3,0,0,0,0,0,0,0,240.0,,0,2,134.0,0,0
1,1,85,2015,1,33,12,4,10,2,0.0,0,0,135,6,3,0,0,0,0,0,0,0,240.0,,0,2,120.6,0,0
1,0,0,2015,1,33,13,0,1,2,0.0,0,0,56,6,3,0,0,0,0,1,0,0,240.0,,0,2,172.0,0,1
1,0,9,2015,1,33,13,0,1,2,0.0,0,0,34,2,0,0,0,0,4,5,0,0,110.0,,0,2,184.45,1,0
1,0,1,2015,1,33,13,0,1,3,0.0,0,0,76,2,0,0,0,0,0,5,0,0,,110.0,0,2,158.0,1,1
1,1,9,2015,1,33,13,0,1,2,0.0,0,0,135,2,0,0,0,0,4,4,0,0,110.0,,0,2,184.45,0,0
1,1,120,2015,1,33,13,0,2,2,0.0,0,0,135,6,3,0,0,0,0,0,0,0,240.0,,0,2,120.6,0,0
1,1,72,2015,1,33,13,0,3,2,0.0,0,0,135,6,3,0,0,0,0,0,0,0,147.0,,0,2,114.14,0,1
1,0,23,2015,1,33,13,0,3,2,0.0,0,0,51,5,3,0,0,0,3,4,0,0,142.0,,0,0,168.8,0,0
1,1,8,2015,1,33,13,0,3,2,0.0,0,0,135,3,1,0,0,0,0,0,0,0,,,0,2,178.33,0,2
1,0,47,2015,1,33,13,0,3,2,1.0,1,2,140,6,3,0,0,0,2,2,0,0,242.0,,0,2,255.0,0,2
1,1,8,2015,1,33,13,0,3,2,0.0,0,0,135,3,1,0,0,0,0,0,0,0,,,0,2,178.33,0,2
1,0,135,2015,1,33,13,1,3,2,0.0,0,2,51,6,3,0,0,0,4,4,0,0,240.0,,0,2,196.0,0,1
1,0,76,2015,1,33,13,1,3,2,0.0,0,0,59,6,3,0,0,0,0,0,0,0,147.0,,0,2,87.91,0,1
1,1,15,2015,1,33,13,2,3,2,0.0,0,0,135,3,1,0,0,0,4,4,0,0,,,0,2,211.0,0,0
1,1,23,2015,1,33,13,2,3,2,0.0,0,0,135,6,3,0,0,0,0,0,0,0,240.0,,0,2,187.2,0,2
1,0,87,2015,1,33,13,2,3,2,0.0,0,0,51,6,3,0,0,0,3,4,1,0,240.0,,0,2,154.0,0,2
1,0,19,2015,1,33,13,2,3,1,0.0,0,2,135,6,3,0,0,0,3,3,0,0,242.0,,0,2,243.0,0,1
1,0,21,2015,1,33,13,2,3,2,1.0,0,0,135,3,1,0,0,0,3,4,0,0,,,0,3,222.2,0,2
1,0,19,2015,1,33,13,2,3,2,0.0,1,2,135,6,3,0,0,0,3,3,0,0,242.0,,0,2,243.0,0,2
1,1,23,2015,1,33,13,2,3,1,0.0,0,0,135,6,3,0,0,0,0,0,0,0,240.0,,0,2,178.2,0,2
1,1,89,2015,1,33,13,2,5,2,0.0,0,0,135,5,3,0,0,0,0,1,0,0,142.0,,0,0,107.2,0,2
1,0,51,2015,1,33,14,0,0,2,0.0,0,0,135,6,3,0,0,0,3,3,0,0,240.0,,0,2,0.0,0,2
1,0,0,2015,1,33,14,0,1,2,2.0,0,0,29,3,1,0,0,0,6,6,0,0,,,0,2,203.0,0,0
1,0,0,2015,1,33,14,0,1,2,0.0,0,0,135,3,1,0,0,0,0,3,1,0,,,0,2,173.0,0,0
1,0,0,2015,1,33,14,0,1,2,0.0,0,0,135,6,3,0,0,0,3,5,0,0,240.0,,0,3,172.0,0,2
1,0,0,2015,1,33,14,0,1,2,0.0,0,0,135,6,3,0,0,0,0,4,0,0,240.0,,0,2,120.6,0,0
1,0,0,2015,1,33,14,0,1,2,0.0,0,0,31,6,3,0,0,0,3,5,0,0,240.0,,0,3,172.0,0,2
1,0,38,2015,1,33,14,0,2,3,0.0,0,2,51,6,3,0,0,0,0,3,1,0,242.0,,0,2,266.4,0,2
1,0,21,2015,1,33,14,0,2,2,0.0,0,0,51,6,3,0,0,0,4,4,0,0,240.0,,0,2,236.0,0,1
1,1,34,2015,1,33,14,0,2,2,2.0,0,0,135,6,3,0,0,0,6,6,1,0,240.0,,0,2,271.0,0,0
1,1,51,2015,1,33,14,0,2,2,0.0,0,2,135,6,3,0,0,0,4,4,0,0,240.0,,0,2,232.0,0,1
1,0,38,2015,1,33,14,0,2,2,0.0,0,2,51,6,3,0,0,0,0,3,0,0,242.0,,0,2,223.0,0,1
1,0,0,2015,1,33,14,1,2,3,0.0,0,0,135,6,3,0,0,0,0,1,0,0,240.0,,0,2,178.67,0,2
1,1,84,2015,1,33,14,2,2,2,0.0,0,2,135,5,3,0,0,0,0,0,0,0,134.0,,0,2,133.0,0,0
1,1,63,2015,1,33,14,2,2,2,0.0,0,2,135,6,3,0,0,0,3,3,0,0,240.0,,0,2,195.5,0,0
1,0,7,2015,1,33,14,2,2,2,0.0,0,0,135,3,1,0,0,0,0,0,0,0,,,0,2,167.25,0,0
1,1,91,2015,1,33,14,2,2,2,0.0,0,2,135,3,1,0,0,0,5,5,0,0,,,0,2,209.0,0,0
1,0,81,2015,1,33,14,2,3,2,0.0,0,0,135,6,3,0,0,0,3,3,0,0,240.0,,0,2,166.0,1,0
1,0,6,2015,1,33,14,2,3,2,0.0,0,0,51,6,3,0,0,0,3,3,0,0,240.0,,0,2,195.8,1,1
1,1,64,2015,1,33,14,2,5,3,0.0,0,2,135,3,1,0,0,0,3,3,0,0,,,0,3,229.0,0,1
1,0,52,2015,1,33,14,2,5,2,1.0,0,2,135,3,1,0,0,0,2,2,2,0,,,0,2,160.0,1,0
1,1,22,2015,1,33,14,2,5,2,0.0,0,2,135,6,3,0,0,0,4,4,0,0,240.0,,0,2,266.0,0,0
1,0,150,2015,1,33,14,2,5,2,0.0,0,0,123,5,3,0,0,0,0,0,0,0,71.0,,0,2,96.3,0,1
1,0,64,2015,1,33,14,2,5,2,0.0,0,0,123,5,3,0,0,0,0,0,0,0,71.0,,0,2,107.0,0,0
1,1,22,2015,1,33,14,2,5,2,2.0,0,2,135,3,1,0,0,0,2,2,1,0,250.0,,0,2,262.0,0,2
1,0,3,2015,1,33,15,1,1,2,0.0,0,0,135,3,1,0,0,0,3,5,0,0,250.0,,0,2,182.5,0,1
1,0,68,2015,1,33,15,2,2,2,0.0,0,2,135,5,3,0,0,0,3,3,0,0,146.0,,0,2,157.0,0,1
1,0,35,2015,1,33,15,2,2,2,0.0,0,2,135,3,1,0,0,0,3,4,0,0,250.0,,0,2,234.0,1,0
1,0,2,2015,1,33,15,2,2,2,2.0,0,0,169,6,3,0,0,0,6,6,0,0,240.0,,0,2,242.5,0,0
1,0,68,2015,1,33,15,2,2,2,0.0,0,2,135,5,3,0,0,0,3,3,0,0,146.0,,0,2,157.0,0,1
1,1,11,2015,1,33,15,2,3,2,0.0,0,0,135,6,3,0,0,0,0,0,0,0,240.0,,0,2,158.4,0,2
1,1,80,2015,1,33,15,2,3,2,0.0,1,2,135,6,3,0,0,0,4,4,1,0,240.0,,0,2,208.0,0,3
1,1,80,2015,1,33,15,2,3,3,0.0,0,2,135,5,3,0,0,0,0,0,0,0,6.0,,0,2,183.45,0,1
1,0,72,2015,1,33,15,2,3,3,0.0,0,0,51,5,3,0,0,0,0,0,0,0,175.0,,0,2,131.2,0,1
1,1,80,2015,1,33,15,2,3,2,0.0,0,2,135,5,3,0,0,0,0,0,0,0,6.0,,0,2,133.0,0,1
1,0,77,2015,1,33,15,2,3,2,0.0,0,2,135,5,3,0,0,0,0,0,0,0,96.0,,0,3,135.0,0,1
1,1,80,2015,1,33,15,2,3,2,0.0,0,2,135,5,3,0,0,0,0,0,0,0,6.0,,0,2,133.0,0,1
1,0,31,2015,1,33,15,2,4,2,0.0,0,1,135,3,1,0,0,0,3,3,0,0,,,0,3,248.0,0,1
1,1,77,2015,1,33,15,2,4,3,0.0,0,1,135,5,3,0,0,0,0,0,0,0,175.0,,0,2,209.2,0,0
1,0,93,2015,1,33,15,2,4,2,0.0,0,0,51,5,3,0,0,0,0,0,0,0,134.0,,0,2,107.0,0,0
1,0,31,2015,1,33,15,2,4,2,0.0,0,1,135,3,1,0,0,0,3,3,0,0,,,0,3,299.33,1,1
1,0,89,2015,1,33,15,2,5,3,0.0,0,0,135,5,3,0,0,0,0,0,1,0,67.0,,0,2,156.45,0,1
1,1,68,2015,1,33,15,2,5,2,0.0,0,2,135,5,3,0,0,0,0,0,0,0,196.0,,0,2,135.0,0,0
1,1,72,2015,1,33,15,2,5,2,0.0,0,2,135,5,3,0,0,0,3,3,0,0,6.0,,0,2,149.0,0,0
1,0,65,2015,1,33,15,2,5,2,0.0,0,0,135,5,3,0,0,0,0,0,0,0,8.0,,0,2,107.0,0,0
1,1,71,2015,1,33,15,2,5,2,0.0,0,2,135,5,3,0,0,0,0,0,0,0,196.0,,0,2,135.0,0,0
1,1,65,2015,1,33,15,2,5,2,0.0,0,2,135,5,3,0,0,0,0,0,0,0,196.0,,0,2,135.0,0,0
1,0,89,2015,1,33,15,2,5,2,1.0,0,0,135,5,3,0,0,0,0,0,0,0,67.0,,0,2,145.75,1,1
1,1,98,2015,1,33,15,2,5,2,0.0,0,0,135,6,3,0,0,0,0,0,0,0,240.0,,0,2,132.6,0,1
1,0,26,2015,1,33,15,2,5,2,0.0,0,0,135,3,1,0,0,0,3,3,1,0,,,0,2,200.71,1,0
1,1,67,2015,1,33,15,2,5,2,0.0,0,2,135,6,3,0,0,0,4,4,1,0,240.0,,0,2,198.71,0,0
1,1,54,2015,1,33,15,2,5,3,1.0,0,0,135,3,1,0,0,0,2,2,0,0,,,0,2,218.0,0,0
1,0,75,2015,1,33,15,2,5,2,0.0,0,0,76,5,3,0,0,0,0,0,0,0,156.0,,0,2,101.65,0,0
1,1,78,2015,1,33,15,2,6,2,0.0,0,2,135,6,3,0,0,0,3,3,0,0,240.0,,0,2,186.0,0,0
1,1,53,2015,1,33,15,2,6,2,1.0,0,2,135,3,1,0,0,0,2,2,0,0,,,0,2,160.0,0,0
1,1,65,2015,1,33,15,2,5,2,0.0,0,2,135,6,3,0,0,0,3,3,1,0,242.0,,0,2,188.71,0,0
1,0,84,2015,1,33,15,4,10,2,0.0,0,0,135,5,3,0,0,0,0,0,0,0,261.0,,0,2,107.0,0,1
1,1,47,2015,1,33,15,6,12,2,0.0,0,0,135,6,3,0,0,0,4,4,0,0,240.0,,0,2,181.94,0,0
1,0,37,2015,1,34,16,1,0,1,0.0,0,0,135,4,0,0,0,0,0,0,0,0,,307.0,0,3,172.0,0,0
1,0,37,2015,1,34,16,1,0,1,0.0,0,0,135,4,0,0,0,0,0,0,0,0,,307.0,0,2,172.0,0,0
1,1,4,2015,1,34,16,1,0,2,0.0,0,0,135,2,0,0,0,0,4,4,0,0,,110.0,0,2,185.0,0,0
1,0,37,2015,1,34,16,1,0,1,0.0,0,0,135,4,0,0,0,0,0,0,0,0,,307.0,0,3,172.0,0,0
1,0,37,2015,1,34,16,1,0,1,0.0,0,0,135,4,0,0,0,0,0,0,0,0,,307.0,0,3,172.0,0,0
1,1,12,2015,1,34,16,1,0,2,0.0,0,0,135,2,0,0,0,0,4,4,0,0,110.0,,0,2,184.45,0,0
1,0,0,2015,1,34,16,1,0,2,0.0,0,0,59,6,3,0,0,0,0,6,0,0,240.0,,0,1,195.0,0,0
1,0,37,2015,1,34,16,1,0,1,0.0,0,0,135,4,0,0,0,0,0,0,0,0,,307.0,0,3,172.0,0,0
1,0,37,2015,1,34,16,1,0,1,0.0,0,0,135,4,0,0,0,0,0,0,0,0,,307.0,0,3,172.0,0,0
1,0,2,2015,1,34,16,1,0,2,0.0,0,0,25,6,3,0,0,0,0,4,0,0,240.0,,0,2,153.0,0,1
1,1,12,2015,1,34,16,1,0,2,0.0,0,0,135,2,0,0,0,0,4,4,0,0,110.0,,0,2,184.45,0,0
1,1,12,2015,1,34,16,1,0,2,0.0,0,0,135,2,0,0,0,0,4,4,0,0,110.0,,0,2,184.45,0,0
1,1,11,2015,1,34,16,1,0,2,0.0,0,0,135,2,0,0,0,0,4,4,0,0,,110.0,0,2,185.0,0,0
1,1,143,2015,1,34,16,2,0,2,0.0,0,0,135,6,3,0,0,0,0,0,0,0,240.0,,0,2,108.54,0,1
1,1,99,2015,1,34,16,2,1,2,0.0,0,0,135,6,3,0,0,0,3,3,0,0,240.0,,0,2,154.0,0,1
1,1,22,2015,1,34,16,2,2,2,0.0,0,0,135,6,3,0,0,0,4,4,0,0,240.0,,0,2,248.0,0,1
1,1,15,2015,1,34,16,2,2,2,0.0,0,0,135,6,3,0,0,0,0,0,0,0,240.0,,0,2,150.53,0,2
1,1,15,2015,1,34,16,2,2,2,0.0,0,0,135,6,3,0,0,0,0,0,0,0,240.0,,0,2,150.53,0,2
1,1,66,2015,1,34,16,2,5,2,0.0,0,0,135,6,3,0,0,0,3,3,0,0,240.0,,0,2,154.0,0,1
1,1,55,2015,1,34,16,2,5,2,1.0,0,2,135,6,3,0,0,0,3,3,1,0,242.0,,0,2,223.99,0,3
1,1,66,2015,1,34,16,2,5,2,0.0,0,0,135,6,3,0,0,0,3,3,0,0,240.0,,0,2,154.0,0,1
1,1,79,2015,1,34,16,2,5,2,0.0,0,0,135,6,3,0,0,0,3,3,0,0,240.0,,0,2,154.0,0,0
1,1,66,2015,1,34,16,3,5,2,0.0,0,0,135,6,3,0,0,0,3,3,0,0,240.0,,0,2,154.0,0,0
1,0,95,2015,1,34,16,4,5,2,2.0,0,0,135,6,3,0,0,0,6,6,2,0,240.0,,0,2,214.0,0,0
1,1,151,2015,1,34,16,4,6,2,0.0,0,0,135,5,3,0,0,0,0,0,0,0,134.0,,0,2,96.3,0,0
1,1,54,2015,1,34,16,4,10,2,2.0,0,0,135,3,1,0,0,0,2,2,0,0,250.0,,0,2,175.79,0,0
1,1,122,2015,1,34,16,4,10,2,0.0,0,0,135,6,3,0,0,0,0,0,0,0,240.0,,0,2,134.0,0,1
1,1,132,2015,1,34,17,1,4,2,0.0,0,0,135,6,3,0,0,0,0,0,0,0,240.0,,0,2,134.0,0,2
1,0,58,2015,1,34,17,1,4,2,0.0,0,0,135,6,3,0,0,0,4,4,0,0,240.0,,0,3,183.0,0,0
1,1,98,2015,1,34,17,1,3,2,0.0,0,2,135,6,3,0,0,0,0,0,1,0,240.0,,0,2,149.4,0,0
1,1,126,2015,1,34,17,1,4,3,0.0,0,2,135,5,3,0,0,0,0,0,0,0,5.0,,0,2,165.11,0,0
1,1,97,2015,1,34,17,1,4,3,0.0,0,2,135,6,3,0,0,0,0,0,0,0,242.0,,0,2,209.4,0,0
1,0,96,2015,1,34,17,1,5,2,0.0,0,0,135,6,3,0,0,0,0,0,0,0,240.0,,0,3,134.0,0,3
1,0,125,2015,1,34,17,2,5,2,1.0,0,1,135,3,1,0,0,0,4,4,0,0,,,0,2,225.9,0,2
1,0,80,2015,1,34,17,2,5,2,0.0,0,2,59,5,3,0,0,0,0,0,0,0,26.0,,0,2,131.1,0,0
1,1,110,2015,1,34,17,2,5,2,0.0,0,0,135,6,3,0,0,0,0,0,0,0,240.0,,0,2,134.0,0,1
1,1,157,2015,1,34,17,2,5,2,1.0,0,0,135,6,3,0,0,0,0,0,0,0,240.0,,0,2,187.0,0,2
1,1,108,2015,1,34,17,2,5,2,0.0,0,2,135,5,3,0,0,0,0,0,0,0,149.0,,0,2,133.0,0,0
1,0,74,2015,1,34,17,2,5,2,0.0,0,0,76,5,3,0,0,0,0,0,0,0,40.0,,0,2,101.65,0,0
1,0,79,2015,1,34,17,2,5,2,0.0,0,2,135,5,3,0,0,0,0,0,0,0,134.0,,0,2,133.0,0,0
1,1,79,2015,1,34,17,2,5,1,0.0,0,2,135,5,3,0,0,0,0,0,0,0,134.0,,0,2,120.0,0,0
1,1,116,2015,1,34,17,2,5,2,0.0,0,2,135,5,3,0,0,0,0,0,0,0,149.0,,0,3,133.0,0,1
1,0,80,2015,1,34,17,2,5,2,0.0,0,2,135,5,3,0,0,0,0,0,0,0,171.0,,0,2,133.0,0,0
1,1,116,2015,1,34,17,2,5,2,0.0,0,2,135,5,3,0,0,0,0,0,0,0,149.0,,0,3,133.0,0,1
1,1,93,2015,1,34,17,3,5,2,0.0,1,0,135,6,3,0,0,0,0,0,0,0,240.0,,0,2,134.0,0,2
1,1,87,2015,1,34,17,3,7,2,0.0,0,0,135,6,3,0,0,0,0,0,0,0,147.0,,0,2,87.9,0,0
1,1,13,2015,1,34,18,0,3,2,0.0,0,2,135,6,3,0,0,0,0,0,0,0,240.0,,0,2,202.0,0,1
1,1,56,2015,1,34,18,0,3,2,0.0,0,2,135,6,3,0,0,0,4,4,0,0,240.0,,0,2,213.0,0,1
1,1,1,2015,1,34,18,0,1,2,0.0,0,0,135,2,0,0,0,0,4,4,0,0,,110.0,0,2,172.55,0,0
1,0,13,2015,1,34,18,0,1,2,0.0,0,0,135,3,1,0,0,0,0,0,0,0,250.0,,0,2,172.0,0,0
1,0,13,2015,1,34,18,0,3,2,0.0,0,0,135,6,3,0,0,0,0,0,2,0,240.0,,0,2,172.0,0,1
1,1,56,2015,1,34,18,0,3,2,0.0,0,2,135,6,3,0,0,0,4,4,0,0,240.0,,0,2,213.0,0,1
1,1,81,2015,1,34,18,0,5,2,0.0,0,2,135,3,1,0,0,0,4,4,0,0,250.0,,0,2,179.0,0,0
1,1,24,2015,1,34,18,0,5,2,0.0,0,0,135,6,3,0,0,0,4,4,0,0,240.0,,0,2,236.0,0,2
1,0,57,2015,1,34,18,1,5,2,2.0,0,2,135,6,3,0,0,0,2,2,1,0,242.0,,0,2,229.67,0,1
1,0,74,2015,1,34,18,1,5,2,1.0,0,0,34,5,3,0,0,0,3,3,0,0,5.0,,0,2,135.2,0,0
1,0,126,2015,1,34,18,1,5,2,2.0,0,0,135,5,3,0,0,0,2,2,0,0,5.0,,0,2,121.5,0,3
1,0,126,2015,1,34,18,1,5,2,0.0,0,0,135,5,3,0,0,0,0,0,0,0,5.0,,0,3,96.3,0,1
1,0,126,2015,1,34,18,1,5,2,0.0,0,0,135,5,3,0,0,0,0,0,0,0,5.0,,0,3,96.3,0,1
1,1,147,2015,1,34,18,0,5,2,0.0,0,0,135,6,3,0,0,0,0,0,0,0,240.0,,0,2,120.6,0,1
1,0,68,2015,1,34,18,2,5,3,0.0,0,2,135,6,3,0,0,0,3,3,1,0,241.0,,0,2,176.64,0,2
1,0,57,2015,1,34,18,2,5,2,2.0,0,0,59,6,3,0,0,0,2,2,1,0,242.0,,0,2,179.86,0,1
1,0,10,2015,1,34,18,2,5,2,1.0,0,0,135,3,1,0,0,0,0,0,0,0,,,0,2,187.0,0,2
1,0,92,2015,1,34,18,2,8,2,0.0,0,0,76,6,3,0,0,0,0,0,0,0,240.0,,0,2,134.0,0,1
1,0,92,2015,1,34,18,2,8,2,2.0,0,0,76,6,3,0,0,0,3,3,1,0,240.0,,0,2,239.5,0,1
1,0,33,2015,1,34,19,0,0,3,0.0,0,2,135,6,3,0,0,0,3,0,0,0,242.0,,0,2,0.0,0,1
1,0,1,2015,1,34,19,0,1,3,0.0,0,0,51,6,3,0,0,0,0,4,3,0,240.0,,0,2,153.0,0,2
1,0,91,2015,1,34,19,0,4,2,0.0,0,2,51,6,3,0,0,0,0,2,1,0,240.0,,0,2,166.0,0,0
1,1,33,2015,1,34,19,0,4,2,1.0,0,2,135,5,3,0,0,0,3,3,0,0,181.0,,0,2,186.25,0,0
1,0,16,2015,1,34,19,0,4,2,0.0,0,0,76,3,1,0,0,0,3,3,1,0,250.0,,0,2,192.0,0,2
1,0,128,2015,1,34,19,1,4,2,0.0,0,0,133,6,3,0,0,0,0,0,0,0,240.0,,0,2,120.6,1,0
1,0,61,2015,1,34,19,1,4,3,0.0,0,2,51,3,1,0,0,0,0,3,0,0,,,0,2,220.4,0,2
1,1,23,2015,1,34,19,2,5,1,0.0,0,2,135,3,1,0,0,0,3,3,0,0,250.0,,0,2,241.0,0,0
1,1,23,2015,1,34,19,2,5,2,0.0,0,2,135,6,3,0,0,0,3,3,0,0,240.0,,0,2,241.0,0,1
1,1,29,2015,1,34,19,0,4,2,0.0,0,0,135,6,3,0,0,0,3,3,0,0,240.0,,0,2,211.0,0,2
1,1,98,2015,1,34,19,1,4,2,0.0,0,0,135,6,3,0,0,0,0,0,0,0,240.0,,0,2,134.0,0,2
1,1,23,2015,1,34,19,2,5,2,0.0,0,2,135,6,3,0,0,0,3,3,0,0,240.0,,0,2,241.0,0,1
1,0,98,2015,1,34,19,2,7,2,0.0,0,0,59,6,3,0,0,0,3,3,0,0,147.0,,0,2,8.0,0,0
1,0,138,2015,1,34,19,2,7,2,0.0,0,2,135,6,3,0,0,0,4,4,1,0,240.0,,0,2,196.0,0,1
1,1,82,2015,1,34,19,2,7,2,0.0,0,2,135,6,3,0,0,0,3,3,0,0,240.0,,0,2,198.0,0,0
1,0,10,2015,1,34,20,0,0,2,0.0,0,0,135,6,3,0,0,0,0,3,0,0,240.0,,0,2,0.0,0,2
1,1,100,2015,1,34,20,0,2,2,0.0,0,2,135,5,3,0,0,0,4,4,0,0,134.0,,0,2,158.5,0,0
1,0,10,2015,1,34,20,0,0,2,0.0,0,0,135,6,3,0,0,0,0,3,0,0,240.0,,0,2,0.0,0,2
1,0,0,2015,1,34,20,0,1,1,0.0,0,0,169,3,1,0,0,0,6,6,1,0,,,0,2,200.0,0,0
1,0,65,2015,1,34,20,0,3,2,0.0,0,0,59,5,3,0,0,0,0,1,0,0,156.0,,0,2,107.0,0,1
1,0,64,2015,1,34,20,2,4,3,1.0,0,2,103,5,3,0,0,0,2,2,4,0,142.0,,0,2,163.23,0,0
1,1,56,2015,1,34,20,2,4,3,0.0,0,2,135,6,3,0,0,0,0,0,0,0,242.0,,0,2,222.07,0,0
1,1,94,2015,1,34,20,2,5,2,0.0,0,0,135,6,3,0,0,0,7,7,0,0,240.0,,0,2,229.0,0,0
1,1,58,2015,1,34,20,2,5,2,0.0,0,2,135,5,3,0,0,0,0,0,0,0,156.0,,0,2,133.0,0,0
1,0,80,2015,1,34,20,2,7,2,0.0,0,0,140,6,3,0,0,0,4,4,0,0,240.0,,0,2,164.0,0,2
1,0,40,2015,1,34,20,2,3,2,0.0,0,0,135,3,1,0,0,0,3,3,0,0,250.0,,0,2,176.8,1,1
1,0,102,2015,1,34,21,0,2,2,0.0,0,0,59,6,3,0,0,0,0,0,0,0,240.0,,0,2,134.0,0,1
1,0,16,2015,1,34,21,0,2,2,0.0,0,0,51,6,3,0,0,0,0,0,0,0,240.0,,0,2,163.35,0,1
1,0,24,2015,1,34,21,0,2,2,0.0,0,0,51,6,3,0,0,0,0,0,0,0,240.0,,0,2,171.9,0,2
1,0,24,2015,1,34,21,0,2,2,0.0,0,0,51,6,3,0,0,0,0,0,0,0,240.0,,0,2,171.9,0,2
1,1,18,2015,1,34,21,0,2,2,0.0,0,0,135,6,3,0,0,0,3,3,0,0,240.0,,0,2,213.5,0,2
1,1,95,2015,1,34,21,1,2,1,0.0,1,0,135,6,3,0,0,0,0,0,0,0,240.0,,0,2,125.0,0,1
1,1,36,2015,1,34,21,1,2,2,0.0,0,0,135,6,3,0,0,0,0,0,0,0,240.0,,0,2,178.33,0,1
1,0,16,2015,1,34,21,2,2,2,0.0,0,0,135,6,3,0,0,0,0,0,0,0,240.0,,0,2,176.75,0,1
1,0,50,2015,1,34,21,2,3,2,0.0,0,0,76,5,3,0,0,0,3,3,0,0,156.0,,0,2,123.0,0,2
1,0,76,2015,1,34,21,2,3,2,0.0,0,0,56,6,3,0,0,0,0,0,1,0,240.0,,0,2,134.0,0,0
1,0,112,2015,1,34,21,2,3,2,0.0,0,0,56,6,3,0,0,0,0,0,2,0,240.0,,0,2,146.0,1,2
1,0,16,2015,1,34,21,2,3,2,0.0,0,0,135,3,1,0,0,0,3,3,0,0,250.0,,0,2,192.0,0,0
1,0,51,2015,1,34,21,2,4,2,0.0,0,2,51,6,3,0,0,0,0,0,1,0,240.0,,0,2,183.0,0,1
1,0,13,2015,1,34,21,2,4,2,0.0,0,1,135,3,1,0,0,0,0,0,0,0,,,0,2,236.0,0,0
1,1,22,2015,1,34,21,2,4,2,0.0,0,0,135,6,3,0,0,0,0,0,0,0,240.0,,0,2,191.0,0,3
1,0,32,2015,1,34,21,2,4,2,0.0,0,0,29,6,3,0,0,0,0,0,0,0,240.0,,0,2,178.33,0,2
1,0,51,2015,1,34,21,2,4,3,0.0,0,2,51,3,1,0,0,0,3,3,0,0,,,0,2,248.0,0,1
1,0,65,2015,1,34,21,2,5,2,0.0,0,2,76,6,3,0,0,0,3,3,1,0,240.0,,0,2,188.71,0,0
1,1,63,2015,1,34,21,2,5,2,0.0,0,0,135,6,3,0,0,0,0,0,0,0,240.0,,0,2,123.04,0,0
1,0,35,2015,1,34,21,2,5,3,0.0,0,2,51,6,3,0,0,0,3,3,1,0,240.0,,0,2,260.71,1,1
1,0,37,2015,1,34,21,2,5,2,0.0,0,2,51,6,3,0,0,0,3,3,0,0,240.0,,0,2,222.0,0,0
1,0,35,2015,1,34,21,2,5,2,0.0,0,0,76,6,3,0,0,0,0,0,0,0,240.0,,0,2,174.71,0,1
1,1,71,2015,1,34,21,2,7,2,0.0,0,0,135,6,3,0,0,0,0,0,0,0,240.0,,0,2,118.7,0,0
1,0,71,2015,1,34,21,2,7,2,0.0,0,0,76,5,3,0,0,0,3,3,0,0,156.0,,0,2,116.85,0,3
1,0,77,2015,1,34,21,3,7,2,0.0,0,0,76,6,3,0,0,0,5,5,0,0,241.0,,0,2,129.55,0,1
1,0,0,2015,1,34,22,0,1,2,1.0,0,0,135,3,1,0,0,0,0,2,0,0,,,0,2,172.0,0,0
1,1,21,2015,1,34,22,0,1,2,0.0,0,0,135,3,1,0,0,0,0,2,0,0,,,0,2,172.0,0,0
1,1,87,2015,1,34,22,0,1,2,0.0,0,0,135,6,3,0,0,0,4,4,0,0,240.0,,0,2,164.0,0,0
1,0,54,2015,1,34,22,2,4,2,0.0,0,2,135,3,1,0,0,0,0,0,0,0,250.0,,0,2,179.83,0,0
1,1,156,2015,1,34,22,2,5,2,0.0,0,0,135,6,3,0,0,0,0,0,0,0,240.0,,0,2,172.0,0,2
1,0,46,2015,1,34,22,2,5,2,0.0,0,2,135,5,3,0,0,0,3,3,0,0,261.0,,0,2,160.43,1,2
1,0,46,2015,1,34,22,2,5,2,0.0,0,2,135,5,3,0,0,0,3,3,0,0,261.0,,0,2,149.0,0,1
1,1,72,2015,1,34,22,2,5,2,0.0,0,0,135,6,3,0,0,0,0,0,0,0,240.0,,0,2,134.0,0,0
1,0,85,2015,1,34,22,2,5,2,0.0,0,0,135,3,1,0,0,0,3,3,0,0,,,0,2,146.3,0,1
1,0,36,2015,1,34,22,2,5,2,0.0,0,2,51,5,3,0,0,0,0,0,0,0,142.0,,0,0,161.26,0,0
1,0,65,2015,1,34,22,2,5,3,0.0,0,2,135,5,3,0,0,0,0,2,0,0,134.0,,0,2,195.45,1,0
1,1,68,2015,1,34,22,2,5,2,0.0,0,2,135,5,3,0,0,0,0,0,0,0,196.0,,0,2,133.0,0,0
1,0,46,2015,1,34,22,2,5,2,1.0,0,2,135,5,3,0,0,0,3,3,0,0,261.0,,0,2,186.25,0,3
1,0,22,2015,1,34,22,2,5,2,0.0,0,0,135,5,3,0,0,0,3,4,0,0,5.0,,0,2,162.29,0,0
1,0,12,2015,1,34,22,2,5,2,0.0,0,0,135,3,1,0,0,0,7,7,1,0,,,0,3,221.43,1,1
1,1,42,2015,1,34,22,2,5,2,0.0,0,2,135,3,1,0,0,0,0,0,0,0,250.0,,0,2,177.57,0,0
1,0,72,2015,1,34,22,2,5,2,0.0,0,2,135,5,3,0,0,0,0,0,0,0,261.0,,0,2,133.0,0,2
1,1,112,2015,1,34,22,2,5,2,0.0,0,2,135,6,3,0,0,0,0,0,0,0,240.0,,0,2,178.0,0,2
1,0,85,2015,1,34,22,2,5,2,0.0,0,0,135,3,1,0,0,0,3,3,0,0,,,0,2,146.3,0,1
1,0,102,2015,1,34,22,2,6,2,1.0,0,2,135,3,1,0,0,0,3,3,1,0,,,0,2,218.5,1,1
1,1,80,2015,1,34,22,3,6,2,0.0,0,0,135,6,3,0,0,0,3,3,0,0,240.0,,0,2,151.89,0,2
1,1,72,2015,1,34,22,4,6,2,0.0,0,0,135,6,3,0,0,0,3,3,0,0,240.0,,0,2,148.3,0,0
1,0,151,2015,1,34,22,2,2,2,0.0,0,0,135,5,3,0,0,0,0,0,1,0,181.0,,0,3,96.3,0,1
1,1,99,2015,1,34,22,2,2,2,0.0,0,2,135,6,3,0,0,0,0,0,0,0,240.0,,0,2,166.0,0,2
1,0,151,2015,1,34,22,2,3,2,0.0,0,0,135,5,3,0,0,0,0,0,2,0,181.0,,0,3,96.3,1,1
1,0,66,2015,1,34,22,2,3,2,1.0,0,0,135,3,1,0,0,0,0,0,1,0,250.0,,0,2,149.0,0,2
1,1,44,2015,1,34,22,2,4,2,0.0,0,0,135,6,3,0,0,0,0,0,0,0,240.0,,0,2,151.95,0,1
1,0,46,2015,1,34,22,2,4,2,1.0,0,2,135,5,3,0,0,0,3,3,1,0,261.0,,0,2,191.67,1,1
1,0,70,2015,1,34,22,2,4,2,2.0,0,2,135,3,1,0,0,0,2,2,1,0,250.0,,0,2,211.0,1,0
1,0,92,2015,1,35,23,2,1,2,0.0,0,2,51,6,3,0,0,0,0,0,1,0,240.0,,0,2,149.4,0,1
1,0,6,2015,1,35,23,2,2,2,0.0,0,0,51,3,1,0,0,0,4,4,0,0,250.0,,0,2,201.0,0,0
1,1,23,2015,1,35,23,2,2,2,0.0,0,0,135,6,3,0,0,0,3,3,0,0,240.0,,0,2,211.0,0,2
1,1,79,2015,1,35,23,2,3,3,1.0,0,2,135,3,1,0,0,0,7,7,0,0,250.0,,0,2,259.0,0,0
1,1,41,2015,1,35,23,2,3,2,0.0,0,0,135,6,3,0,0,0,0,0,0,0,240.0,,0,2,164.4,0,0
1,1,58,2015,1,35,23,2,3,2,0.0,0,0,135,6,3,0,0,0,0,0,0,0,240.0,,0,2,134.0,0,0
1,0,62,2015,1,35,23,2,3,2,0.0,0,0,51,6,3,0,0,0,0,0,0,0,240.0,,0,2,134.0,0,0
1,1,83,2015,1,35,23,2,3,2,2.0,0,0,135,6,3,0,0,0,7,7,0,0,240.0,,0,2,229.0,0,0
1,0,82,2015,1,35,23,2,3,3,1.0,0,0,135,3,1,0,0,0,2,2,0,0,250.0,,0,2,199.0,0,0
1,0,69,2015,1,35,23,2,3,1,0.0,0,0,56,6,3,0,0,0,0,0,0,0,240.0,,0,2,112.5,0,1
1,1,64,2015,1,35,23,2,4,2,0.0,0,2,135,6,3,0,0,0,4,4,0,0,240.0,,0,2,194.0,0,0
1,1,116,2015,1,35,23,2,4,2,0.0,0,2,135,6,3,0,0,0,0,0,0,0,240.0,,0,2,149.4,0,1
1,0,20,2015,1,35,23,2,5,2,0.0,0,2,76,5,3,0,0,0,3,3,0,0,142.0,,0,0,155.77,0,0
1,0,132,2015,1,35,23,2,5,2,0.0,0,2,135,5,3,0,0,0,0,0,0,0,5.0,,0,2,131.7,1,2
1,1,33,2015,1,35,23,2,5,2,0.0,0,0,135,6,3,0,0,0,0,0,0,0,240.0,,0,2,174.71,0,2
1,0,62,2015,1,35,23,2,5,2,0.0,0,0,76,5,3,0,0,0,0,0,0,0,156.0,,0,2,101.65,0,0
1,1,127,2015,1,35,23,2,5,2,0.0,1,2,135,3,1,0,0,0,4,4,0,0,,,0,2,206.0,0,4
1,1,78,2015,1,35,23,2,5,2,0.0,0,0,135,6,3,0,0,0,0,0,0,0,240.0,,0,2,134.0,0,1
1,1,29,2015,1,35,23,2,4,2,0.0,0,0,135,3,1,0,0,0,3,3,0,0,,,0,2,201.5,0,1
1,1,78,2015,1,35,23,2,5,2,0.0,0,0,135,6,3,0,0,0,0,0,0,0,240.0,,0,2,134.0,0,1
1,1,31,2015,1,35,23,4,6,1,0.0,0,0,135,3,1,0,0,0,0,0,0,0,,,0,2,138.79,0,0
1,1,9,2015,1,35,23,4,6,1,1.0,0,2,135,3,1,0,0,0,0,0,0,0,,,0,2,122.0,0,2
1,0,59,2015,1,35,23,4,10,2,2.0,0,0,59,6,3,0,0,0,2,2,1,0,241.0,,0,2,113.47,0,1
1,0,40,2015,1,35,24,1,0,1,0.0,0,0,135,2,0,0,0,0,0,0,0,0,,154.0,0,2,99.5,0,0
1,0,0,2015,1,35,24,1,0,2,0.0,0,0,135,6,3,0,0,0,0,5,0,0,240.0,,0,2,153.0,0,0
1,0,30,2015,1,35,24,1,0,3,0.0,0,0,135,3,1,0,0,0,0,7,0,0,250.0,,0,2,233.0,1,1
1,0,0,2015,1,35,24,1,0,2,0.0,0,0,135,3,1,0,0,0,0,5,0,0,,,0,2,153.0,0,0
1,1,35,2015,1,35,24,1,1,2,0.0,0,0,135,6,3,0,0,0,3,3,0,0,240.0,,0,2,192.0,0,1
1,0,84,2015,1,35,24,1,1,2,0.0,0,0,51,6,3,0,0,0,0,0,0,0,240.0,,0,2,132.6,1,1
1,1,25,2015,1,35,24,1,1,2,0.0,0,0,135,6,3,0,0,0,0,0,0,0,240.0,,0,2,171.9,0,1
1,0,103,2015,1,35,24,1,1,2,0.0,0,0,135,6,3,0,0,0,3,4,0,0,240.0,,0,2,154.0,0,2
1,1,35,2015,1,35,24,1,2,2,0.0,0,0,135,6,3,0,0,0,0,0,0,0,240.0,,0,2,172.0,0,2
1,1,26,2015,1,35,24,1,2,2,0.0,0,0,135,6,3,0,0,0,0,0,0,0,240.0,,0,2,191.0,0,2
1,1,55,2015,1,35,24,1,3,2,0.0,0,0,135,6,3,0,0,0,0,0,0,0,240.0,,0,2,148.25,0,2
1,0,76,2015,1,35,24,1,3,2,0.0,0,0,133,6,3,0,0,0,4,4,2,0,240.0,,0,2,164.0,0,1
1,1,102,2015,1,35,24,1,4,3,0.0,0,2,135,3,1,0,0,0,4,4,0,0,,,0,2,231.6,0,1
1,0,58,2015,1,35,24,1,4,2,2.0,0,1,135,3,1,0,0,0,2,2,1,0,250.0,,0,2,261.4,1,0
1,0,11,2015,1,35,24,1,4,2,0.0,1,0,135,3,1,0,0,0,3,3,0,0,,,0,2,199.4,0,3
1,1,33,2015,1,35,24,1,4,2,0.0,0,2,135,3,1,0,0,0,0,0,0,0,,,0,2,209.6,0,1
1,0,11,2015,1,35,24,1,4,1,1.0,0,0,135,3,1,0,0,0,3,3,0,0,,,0,2,199.4,0,2
1,1,61,2015,1,35,24,1,5,1,0.0,0,0,135,6,3,0,0,0,3,3,1,0,240.0,,0,2,150.83,0,1
1,1,89,2015,1,35,24,3,6,1,0.0,0,0,135,6,3,0,0,0,5,5,0,0,241.0,,0,2,129.27,0,1
1,1,89,2015,1,35,24,3,6,2,0.0,0,0,135,6,3,0,0,0,5,5,0,0,241.0,,0,2,129.27,0,1
1,0,37,2015,1,35,24,3,7,2,0.0,0,0,59,5,3,0,0,0,4,4,0,0,175.0,,0,2,133.76,0,0
1,1,70,2015,1,35,24,2,5,2,1.0,1,1,135,5,3,0,0,0,2,2,1,0,196.0,,0,2,197.7,0,1
1,1,54,2015,1,35,24,2,5,3,0.0,0,0,135,3,1,0,0,0,4,4,2,0,,,0,2,196.0,0,1
1,0,69,2015,1,35,25,0,3,2,0.0,0,0,139,6,3,0,0,0,4,6,0,0,240.0,,0,2,164.0,0,2
1,1,71,2015,1,35,25,0,3,2,0.0,0,0,135,6,3,0,0,0,3,3,0,0,240.0,,0,2,154.0,0,0
1,1,49,2015,1,35,25,0,3,2,0.0,0,2,135,6,3,0,0,0,4,4,0,0,240.0,,0,2,219.33,0,2
1,1,50,2015,1,35,25,0,5,2,0.0,1,2,135,6,3,0,0,0,0,0,1,0,240.0,,0,2,200.8,0,2
1,1,74,2015,1,35,25,0,5,2,0.0,0,0,135,6,3,0,0,0,0,0,0,0,240.0,,0,2,130.2,0,0
1,1,74,2015,1,35,25,1,5,2,0.0,0,0,135,6,3,0,0,0,4,4,0,0,240.0,,0,2,189.67,0,0
1,1,118,2015,1,35,25,2,6,2,0.0,0,2,135,6,3,0,0,0,4,4,0,0,240.0,,0,2,186.13,0,0
1,1,42,2015,1,35,25,2,6,1,0.0,0,0,135,6,3,0,0,0,3,3,0,0,240.0,,0,2,158.38,0,0
1,1,77,2015,1,35,25,2,7,2,0.0,0,0,135,3,1,0,0,0,5,5,0,0,250.0,,0,2,166.0,0,0
1,1,84,2015,1,35,25,2,7,2,0.0,0,2,135,5,3,0,0,0,3,3,0,0,156.0,,0,2,149.0,0,0
1,0,43,2015,1,35,25,2,8,2,2.0,0,0,139,6,3,0,0,0,6,6,0,0,240.0,,0,2,206.6,0,0
1,1,73,2015,1,35,25,0,1,2,0.0,0,0,135,6,3,0,0,0,0,0,0,0,240.0,,0,2,120.6,0,1
1,1,73,2015,1,35,25,0,1,1,0.0,0,0,135,6,3,0,0,0,0,0,0,0,240.0,,0,2,112.5,0,1
1,0,21,2015,1,35,26,0,0,2,0.0,0,0,135,5,3,0,0,0,0,2,0,0,171.0,,0,2,0.0,0,0
1,0,0,2015,1,35,26,0,1,2,2.0,0,0,51,3,1,0,0,0,6,6,0,0,,,0,2,193.0,1,0
1,0,2,2015,1,35,26,0,1,2,0.0,0,0,135,5,3,0,0,0,0,0,0,0,181.0,,0,3,96.3,0,1
1,1,2,2015,1,35,26,0,1,2,0.0,0,0,135,2,0,0,0,0,0,0,0,0,,110.0,0,2,137.7,0,0
1,0,0,2015,1,35,26,0,1,2,0.0,0,0,135,3,1,0,0,0,0,0,0,0,,,0,2,112.0,0,0
1,0,76,2015,1,35,26,0,4,2,0.0,0,0,76,5,3,0,0,0,3,3,0,0,156.0,,0,2,116.85,0,3
1,1,41,2015,1,35,26,0,4,2,0.0,0,0,135,6,3,0,0,0,4,4,0,0,240.0,,0,2,173.5,0,3
1,1,41,2015,1,35,26,0,4,2,0.0,0,0,135,6,3,0,0,0,4,4,0,0,240.0,,0,2,173.5,0,3
1,1,44,2015,1,35,26,0,4,2,0.0,0,0,135,6,3,0,0,0,0,0,0,0,240.0,,0,2,129.15,0,2
1,1,93,2015,1,35,26,1,4,2,0.0,0,0,135,6,3,0,0,0,4,4,0,0,240.0,,0,2,192.2,0,0
1,1,106,2015,1,35,26,2,7,2,2.0,0,0,135,6,3,0,0,0,6,6,0,0,240.0,,0,2,202.77,0,0
1,0,57,2015,1,35,26,2,9,2,0.0,0,0,135,3,1,0,0,0,0,0,0,0,,,0,2,111.27,0,0
1,1,29,2015,1,35,27,0,1,2,0.0,0,0,135,6,3,0,0,0,3,3,0,0,240.0,,0,2,211.0,0,1
1,0,1,2015,1,35,27,0,1,2,0.0,0,0,135,6,3,0,0,0,0,0,1,0,240.0,,0,2,153.0,1,2
1,0,41,2015,1,35,27,0,2,2,0.0,0,0,135,6,3,0,0,0,3,4,0,0,240.0,,0,2,154.0,1,2
1,0,90,2015,1,35,27,0,3,2,0.0,0,0,76,6,3,0,0,0,0,0,1,0,240.0,,0,2,134.0,0,1
1,1,57,2015,1,35,27,0,3,2,0.0,1,2,135,6,3,0,0,0,0,0,1,0,240.0,,0,2,157.67,0,3
1,1,57,2015,1,35,27,1,3,2,0.0,1,2,135,5,3,0,0,0,0,0,0,0,134.0,,0,2,133.0,0,1
1,1,41,2015,1,35,27,1,3,2,0.0,0,0,135,3,1,0,0,0,0,0,0,0,,,0,2,112.34,0,0
1,1,61,2015,1,35,27,1,3,2,0.0,0,0,135,6,3,0,0,0,0,0,0,0,240.0,,0,2,124.5,0,1
1,0,49,2015,1,35,27,1,3,2,0.0,0,0,51,5,3,0,0,0,0,1,0,0,134.0,,0,2,107.0,0,0
1,1,57,2015,1,35,27,1,3,2,0.0,1,2,135,5,3,0,0,0,0,0,0,0,15.0,,0,2,133.0,0,1
1,1,31,2015,1,35,27,2,3,2,0.0,0,2,135,6,3,0,0,0,4,4,0,0,240.0,,0,2,191.0,0,2
1,1,62,2015,1,35,27,2,3,2,0.0,0,2,135,6,3,0,0,0,3,3,0,0,240.0,,0,2,172.6,0,1
1,0,43,2015,1,35,27,2,4,2,0.0,0,0,51,5,3,0,0,0,3,4,0,0,156.0,,0,0,79.5,0,0
1,0,27,2015,1,35,27,2,4,2,0.0,0,0,123,5,3,0,0,0,3,3,0,0,5.0,,0,2,120.27,0,1
1,1,106,2015,1,35,27,2,5,2,0.0,0,0,135,6,3,0,0,0,0,0,0,0,240.0,,0,2,118.29,0,2
1,0,45,2015,1,35,27,2,5,2,0.0,0,0,76,5,3,0,0,0,3,3,0,0,156.0,,0,0,75.53,0,0
1,1,106,2015,1,35,27,2,5,2,0.0,0,0,135,6,3,0,0,0,0,0,0,0,240.0,,0,2,8.0,0,1
1,1,108,2015,1,35,27,2,5,2,0.0,0,0,135,6,3,0,0,0,0,0,0,0,240.0,,0,2,8.0,0,2
1,0,49,2015,1,35,27,2,5,2,0.0,0,0,76,5,3,0,0,0,0,0,0,0,156.0,,0,0,90.39,0,0
1,0,10,2015,1,35,27,2,5,2,1.0,0,0,59,3,1,0,0,0,2,2,0,0,250.0,,0,2,155.86,0,2
1,1,108,2015,1,35,27,2,5,2,0.0,0,0,135,6,3,0,0,0,0,0,0,0,240.0,,0,2,118.29,0,1
1,0,30,2015,1,35,28,0,1,2,0.0,0,0,51,3,1,0,0,0,0,6,0,0,250.0,,0,2,115.0,0,3
1,1,164,2015,1,35,28,0,1,2,0.0,0,0,135,5,3,0,0,0,3,3,0,0,134.0,,0,3,110.7,0,0
1,1,164,2015,1,35,28,0,1,2,0.0,0,0,135,5,3,0,0,0,3,3,0,0,134.0,,0,3,110.7,0,0
1,1,164,2015,1,35,28,0,1,2,1.0,0,0,135,5,3,0,0,0,0,0,0,0,134.0,,0,2,120.38,0,0
1,0,0,2015,1,35,28,0,2,2,0.0,0,0,135,3,1,0,0,0,7,7,0,0,,,0,2,195.0,0,0
1,1,46,2015,1,35,28,0,2,2,0.0,0,0,135,6,3,0,0,0,0,0,0,0,240.0,,0,2,120.6,0,1
1,0,31,2015,1,35,28,0,2,3,0.0,0,0,25,3,1,0,0,0,0,0,1,0,250.0,,0,2,176.0,1,1
1,0,34,2015,1,35,28,0,2,2,0.0,0,0,135,6,3,0,0,0,0,0,0,0,240.0,,0,2,120.6,1,3
1,1,66,2015,1,35,28,0,2,2,0.0,0,0,135,3,1,0,0,0,0,0,0,0,,,0,2,112.05,0,0
1,0,4,2015,1,35,28,0,2,2,1.0,0,2,135,6,3,0,0,0,3,6,1,0,242.0,,0,2,180.55,0,2
1,0,23,2015,1,35,28,0,2,2,0.0,0,1,51,3,1,0,0,0,0,3,1,0,250.0,,0,2,179.0,0,1
1,0,31,2015,1,35,28,0,2,2,2.0,0,0,25,3,1,0,0,0,2,2,0,0,250.0,,0,2,181.0,1,2
1,0,32,2015,1,35,28,1,2,2,0.0,0,0,103,6,3,0,0,0,0,0,0,0,240.0,,0,2,122.0,0,1
1,1,42,2015,1,35,28,1,2,2,2.0,0,0,135,6,3,0,0,0,6,6,1,0,240.0,,0,2,195.0,0,2
1,0,30,2015,1,35,28,1,2,2,0.0,0,2,135,3,1,0,0,0,3,3,1,0,,,0,2,184.0,0,0
1,1,30,2015,1,35,28,1,2,2,0.0,0,2,135,3,1,0,0,0,0,0,0,0,250.0,,0,2,152.0,0,0
1,0,10,2015,1,35,28,1,2,2,0.0,0,0,135,3,1,0,0,0,0,0,0,0,250.0,,0,3,127.67,0,1
1,0,11,2015,1,35,28,1,2,2,0.0,0,0,135,3,1,0,0,0,0,0,0,0,250.0,,0,3,127.67,0,1
1,0,11,2015,1,35,28,1,2,2,1.0,0,0,135,5,3,0,0,0,0,2,0,0,5.0,,0,2,114.13,0,1
1,0,8,2015,1,35,28,1,2,2,0.0,0,0,34,6,3,0,0,0,3,3,0,0,241.0,,0,2,113.7,0,2
1,0,39,2015,1,35,28,1,2,2,0.0,0,0,135,6,3,0,0,0,0,3,1,0,240.0,,0,2,120.6,0,2
1,0,4,2015,1,35,28,0,1,2,0.0,0,0,135,6,3,0,0,0,0,3,0,0,240.0,,0,2,165.0,1,1
1,0,34,2015,1,35,28,0,2,2,0.0,1,0,135,6,3,0,0,0,0,0,0,0,240.0,,0,2,120.6,0,3
1,1,55,2015,1,35,28,0,2,2,0.0,0,2,135,6,3,0,0,0,0,0,0,0,240.0,,0,2,164.0,0,2
1,0,25,2015,1,35,28,2,2,2,0.0,0,1,56,3,1,0,0,0,5,5,1,0,250.0,,0,2,208.0,0,2
1,0,106,2015,1,35,28,2,2,2,0.0,0,0,135,3,1,0,0,0,4,5,0,0,250.0,,0,2,166.5,1,1
1,0,30,2015,1,35,28,2,3,2,0.0,0,0,140,6,3,0,0,0,0,0,0,0,240.0,,0,2,101.16,0,2
1,1,1,2015,1,35,28,2,3,2,0.0,0,0,135,3,1,0,0,0,0,2,0,0,,,0,2,130.6,0,1
1,1,22,2015,1,35,28,2,4,2,0.0,0,0,135,6,3,0,0,0,3,3,0,0,240.0,,0,2,145.0,0,1
1,1,42,2015,1,35,28,2,4,2,1.0,0,2,135,3,1,0,0,0,0,0,1,0,250.0,,0,2,158.0,0,1
1,0,67,2015,1,35,28,2,4,2,0.0,0,0,76,6,3,0,0,0,0,0,0,0,240.0,,0,2,109.83,0,0
1,1,35,2015,1,35,28,2,4,2,2.0,0,0,135,3,1,0,0,0,2,2,0,0,,,0,2,141.67,0,2
1,0,21,2015,1,35,28,2,4,2,0.0,0,2,135,6,3,0,0,0,3,3,0,0,240.0,,0,2,175.0,0,1
1,0,50,2015,1,35,28,2,5,2,0.0,0,0,139,5,3,0,0,0,0,0,0,0,142.0,,0,0,98.63,0,0
1,0,28,2015,1,35,28,2,5,2,0.0,0,2,51,6,3,0,0,0,4,4,0,0,240.0,,0,2,166.14,0,0
1,0,30,2015,1,35,28,2,5,2,0.0,0,0,59,3,1,0,0,0,5,5,0,0,250.0,,0,2,150.71,0,0
1,0,127,2015,1,35,28,2,3,2,0.0,0,0,135,5,3,0,0,0,0,0,0,0,147.0,,0,2,97.74,0,1
1,1,29,2015,1,35,28,2,5,2,2.0,0,0,135,6,3,0,0,0,7,7,0,0,240.0,,0,2,189.86,0,0
1,0,66,2015,1,35,28,2,5,2,0.0,0,0,59,5,3,0,0,0,4,4,0,0,40.0,,0,2,97.5,0,0
1,1,59,2015,1,35,28,2,7,2,0.0,0,0,135,6,3,0,0,0,3,3,0,0,240.0,,0,2,123.11,0,0
1,0,28,2015,1,35,28,2,3,2,0.0,0,0,135,3,1,0,0,0,0,0,0,0,250.0,,0,2,104.8,1,0
1,1,59,2015,1,35,29,1,1,2,0.0,0,0,135,6,3,0,0,0,4,4,0,0,240.0,,0,2,164.0,0,2
1,0,0,2015,1,35,29,1,1,2,0.0,0,0,51,6,3,0,0,0,0,2,0,0,240.0,,0,2,134.0,0,1
1,0,47,2015,1,35,29,1,1,2,0.0,0,0,135,6,3,0,0,0,0,3,0,0,240.0,,0,2,146.0,1,2
1,0,47,2015,1,35,29,2,1,1,0.0,0,0,25,6,3,0,0,0,0,0,0,0,241.0,,0,2,103.18,0,1
1,0,47,2015,1,35,29,2,1,2,0.0,0,0,135,6,3,0,0,0,0,2,0,0,241.0,,0,2,103.18,0,1
1,0,57,2015,1,35,29,0,1,2,0.0,0,2,135,6,3,0,0,0,0,0,0,0,240.0,,0,2,164.0,0,0
1,0,1,2015,1,35,29,2,2,2,0.0,0,2,135,3,1,0,0,0,0,3,1,0,,,0,3,142.5,0,1
1,0,4,2015,1,35,29,2,2,2,0.0,0,0,135,5,3,0,0,0,0,0,0,0,67.0,,0,2,77.5,1,0
1,1,32,2015,1,35,29,2,3,2,0.0,0,0,135,6,3,0,0,0,3,3,0,0,240.0,,0,2,135.2,0,2
1,1,24,2015,1,35,29,2,3,2,0.0,0,2,135,5,1,0,0,0,0,0,0,0,,,0,2,149.0,0,0
1,0,11,2015,1,35,29,2,3,2,0.0,0,2,135,6,3,0,0,0,3,3,1,0,240.0,,0,2,140.4,1,2
1,0,136,2015,1,35,29,2,3,2,0.0,0,0,135,3,1,0,0,0,0,0,0,0,,,0,2,112.0,0,2
1,0,2,2015,1,35,29,2,4,3,0.0,0,0,135,3,1,0,0,0,2,2,5,0,,,0,2,173.25,0,0
1,1,54,2015,1,35,29,2,4,2,0.0,0,0,135,6,3,0,0,0,0,0,0,0,240.0,,0,2,121.5,0,0
1,1,87,2015,1,35,29,2,5,2,0.0,0,0,135,6,3,0,0,0,3,3,0,0,240.0,,0,2,122.86,0,0
1,1,98,2015,1,35,29,2,6,2,0.0,0,0,135,5,3,0,0,0,4,4,0,0,15.0,,0,2,130.9,0,0
1,0,9,2015,1,35,29,2,5,2,0.0,0,0,135,6,3,0,0,0,3,3,0,0,240.0,,0,2,146.0,1,2
1,0,2,2015,1,36,30,1,0,2,0.0,0,0,135,3,1,0,0,0,0,3,0,0,,,0,2,154.0,1,0
1,0,11,2015,1,36,30,2,0,2,0.0,1,0,135,6,3,0,0,0,0,0,1,0,240.0,,0,2,103.5,1,4
1,0,11,2015,1,36,30,2,0,2,0.0,0,0,135,6,3,0,0,0,0,0,0,0,240.0,,0,2,103.5,1,3
1,1,69,2015,1,36,30,2,1,2,0.0,0,0,135,3,1,0,0,0,0,0,0,0,250.0,,0,2,129.33,0,1
1,0,37,2015,1,36,30,2,1,2,0.0,0,2,123,6,3,0,0,0,0,0,0,0,240.0,,0,2,115.2,1,0
1,0,103,2015,1,36,30,2,1,2,0.0,0,0,59,6,3,0,0,0,0,0,0,0,147.0,,0,2,71.72,0,0
1,0,5,2015,1,36,30,2,2,2,0.0,0,0,59,5,3,0,0,0,3,3,0,0,142.0,,0,0,106.8,0,0
1,0,34,2015,1,36,30,2,2,2,0.0,0,0,59,6,3,0,0,0,0,0,0,0,241.0,,0,2,71.69,0,1
1,0,44,2015,1,36,30,2,3,2,0.0,0,0,76,3,1,0,0,0,4,5,0,0,250.0,,0,2,136.2,0,2
1,0,83,2015,1,36,30,2,4,2,0.0,0,0,139,6,3,0,0,0,3,3,0,0,240.0,,0,2,112.33,1,1
1,0,83,2015,1,36,30,2,4,2,0.0,0,0,139,6,3,0,0,0,3,3,0,0,240.0,,0,2,112.33,0,1
1,1,72,2015,1,36,30,2,4,2,0.0,0,2,135,3,1,0,0,0,4,4,0,0,,,0,2,157.67,0,0
1,1,143,2015,1,36,30,2,5,2,2.0,0,0,135,6,3,0,0,0,6,6,0,0,240.0,,0,2,165.0,0,2
1,1,47,2015,1,36,30,2,5,1,0.0,0,0,135,6,3,0,0,0,0,0,0,0,240.0,,0,2,113.43,0,0
1,1,104,2015,1,36,30,2,5,2,0.0,0,2,135,6,3,0,0,0,4,4,0,0,240.0,,0,2,161.29,0,1
1,0,25,2015,1,36,30,2,5,2,0.0,0,2,135,6,3,0,0,0,0,0,0,0,240.0,,0,2,167.86,1,0
1,0,82,2015,1,36,30,2,5,2,0.0,0,0,56,6,3,0,0,0,5,5,0,0,241.0,,0,2,103.07,0,1
1,1,104,2015,1,36,30,2,5,2,0.0,0,2,135,6,3,0,0,0,4,4,0,0,240.0,,0,2,161.29,0,0
1,1,346,2015,1,36,30,4,8,2,0.0,0,0,135,5,3,0,0,0,0,0,0,0,171.0,,0,2,96.3,0,0
1,0,0,2015,1,36,31,1,0,2,0.0,0,0,154,6,3,0,0,0,0,0,0,0,241.0,,0,2,92.86,0,1
1,0,35,2015,1,36,31,1,1,3,0.0,0,0,135,3,1,0,0,0,0,0,0,0,250.0,,0,2,128.0,1,1
1,0,34,2015,1,36,31,1,1,2,0.0,0,2,81,6,3,0,0,0,0,0,0,0,240.0,,0,2,115.2,0,1
1,0,83,2015,1,36,31,1,1,1,0.0,0,0,15,6,3,0,0,0,0,0,0,0,240.0,,0,2,80.55,0,0
1,0,41,2015,1,36,31,1,2,2,0.0,0,0,51,6,3,0,0,0,3,3,0,0,240.0,,0,2,120.33,0,1
1,0,26,2015,1,36,31,1,2,2,0.0,0,0,56,6,3,0,0,0,3,3,0,0,240.0,,0,2,126.67,0,2
1,1,143,2015,1,36,31,1,2,2,0.0,0,0,135,6,3,0,0,0,4,4,0,0,240.0,,0,2,130.33,0,3
1,0,26,2015,1,36,31,1,2,2,0.0,0,0,153,6,3,0,0,0,0,0,0,0,241.0,,0,2,75.46,0,1
1,1,0,2015,1,36,31,1,2,2,0.0,0,0,135,6,3,0,0,0,0,0,0,0,242.0,,0,2,96.33,0,1
1,1,42,2015,1,36,31,1,2,2,1.0,0,0,135,6,3,0,0,0,0,0,0,0,242.0,,0,2,117.83,0,2
1,0,6,2015,1,36,31,1,2,2,0.0,0,0,51,6,3,0,0,0,3,3,0,0,240.0,,0,2,120.33,0,1
1,0,28,2015,1,36,31,1,2,2,0.0,1,0,51,6,3,0,0,0,0,0,0,0,240.0,,0,2,98.0,0,2
1,0,26,2015,1,36,31,1,3,2,2.0,0,2,135,3,1,0,0,0,2,2,3,0,250.0,,0,2,155.5,0,0
1,0,10,2015,1,36,31,1,3,2,0.0,0,0,135,5,3,0,0,0,4,4,0,0,142.0,,0,0,122.6,0,0
1,0,59,2015,1,36,31,1,3,2,0.0,0,2,135,5,3,0,0,0,3,3,0,0,15.0,,0,2,105.5,0,2
1,1,159,2015,1,36,31,1,4,2,0.0,0,0,135,6,3,0,0,0,3,3,0,0,240.0,,0,2,101.44,0,0
1,1,124,2015,1,36,31,1,5,2,0.0,0,0,135,6,3,0,0,0,6,6,0,0,240.0,,0,2,160.0,0,0
1,1,60,2015,1,36,31,1,5,2,0.0,0,0,135,6,3,0,0,0,0,0,0,0,240.0,,0,2,120.5,0,1
1,0,26,2015,1,36,31,2,5,2,0.0,0,0,123,6,3,0,0,0,0,0,0,0,240.0,,0,2,126.29,0,2
1,0,160,2015,1,36,31,3,7,2,0.0,0,0,76,5,3,0,0,0,4,4,0,0,175.0,,0,2,87.75,0,0
1,0,68,2015,1,36,31,3,8,2,0.0,0,0,76,6,3,0,0,0,3,3,0,0,240.0,,0,2,113.55,0,3
1,1,38,2015,11,36,1,0,2,2,1.0,1,0,135,3,1,0,0,0,2,2,0,0,250.0,,0,2,123.0,0,0
1,1,47,2015,11,36,1,0,2,2,0.0,0,0,135,6,3,0,0,0,0,0,0,0,240.0,,0,2,98.0,0,1
1,0,48,2015,11,36,1,0,3,2,0.0,0,2,135,6,3,0,0,0,0,0,0,0,240.0,,0,2,151.0,0,0
1,0,48,2015,11,36,1,0,3,2,0.0,0,2,51,3,1,0,0,0,0,2,0,0,250.0,,0,2,134.67,0,1
1,0,27,2015,11,36,1,0,3,2,1.0,0,2,135,3,1,0,0,0,2,2,0,0,250.0,,0,2,153.0,0,2
1,1,71,2015,11,36,1,0,3,2,0.0,0,2,135,6,3,0,0,0,3,3,0,0,240.0,,0,2,137.67,0,1
1,1,85,2015,11,36,1,0,4,2,0.0,0,0,135,6,3,0,0,0,4,4,0,0,240.0,,0,2,111.0,0,0
1,1,132,2015,11,36,1,0,4,2,0.0,0,0,135,6,3,0,0,0,4,4,0,0,240.0,,0,2,123.0,0,1
1,0,50,2015,11,36,1,0,4,2,2.0,0,0,135,3,1,0,0,0,2,2,0,0,250.0,,0,2,119.0,0,0
1,0,122,2015,11,36,1,0,4,2,0.0,0,2,135,6,3,0,0,0,4,5,0,0,240.0,,0,2,155.0,0,2
1,0,64,2015,11,36,1,0,4,2,0.0,0,0,135,6,3,0,0,0,3,3,1,0,240.0,,0,2,109.0,0,2
1,0,48,2015,11,36,1,0,4,2,0.0,0,1,135,3,1,0,0,0,0,1,2,0,250.0,,0,2,158.0,0,0
1,0,0,2015,11,36,1,0,5,2,0.0,0,2,135,3,1,0,0,0,0,0,1,0,250.0,,0,2,128.0,0,0
1,1,14,2015,11,36,1,0,2,2,0.0,0,0,135,6,3,0,0,0,3,3,0,0,240.0,,0,2,113.0,0,0
1,0,5,2015,11,36,1,0,2,2,0.0,0,0,135,3,1,0,0,0,0,4,0,0,250.0,,0,2,113.0,0,0
1,1,161,2015,11,36,1,0,5,2,0.0,0,0,135,6,3,0,0,0,3,3,0,0,240.0,,0,2,93.12,0,2
1,0,62,2015,11,36,1,0,5,2,0.0,0,2,135,3,1,0,0,0,0,0,1,0,250.0,,0,2,128.0,0,0
1,1,161,2015,11,36,1,0,5,2,0.0,0,0,135,6,3,0,0,0,3,3,0,0,240.0,,0,2,93.12,0,2
1,0,333,2015,11,36,1,1,5,1,0.0,0,0,135,3,3,0,0,0,0,0,0,0,240.0,,0,2,110.7,0,0
1,0,27,2015,11,36,1,2,5,2,0.0,0,0,51,5,3,0,0,0,0,0,0,0,142.0,,0,0,101.03,0,0
1,1,73,2015,11,36,1,2,5,2,0.0,0,0,135,6,3,0,0,0,4,4,0,0,240.0,,0,2,120.71,0,1
1,0,123,2015,11,36,1,2,5,1,0.0,0,0,59,6,3,0,0,0,0,0,1,0,241.0,,0,2,82.72,0,1
1,1,27,2015,11,36,1,2,5,2,0.0,0,0,135,6,3,0,0,0,0,0,0,0,240.0,,0,2,131.0,0,2
1,1,97,2015,11,36,1,2,5,2,0.0,0,0,135,6,3,0,0,0,4,4,0,0,240.0,,0,2,120.71,0,0
1,0,73,2015,11,36,1,2,5,2,0.0,0,0,59,6,3,0,0,0,3,3,0,0,240.0,,0,2,110.71,0,0
1,1,97,2015,11,36,1,2,6,2,0.0,0,0,135,3,1,0,0,0,4,4,0,0,250.0,,0,2,136.0,0,0
1,0,27,2015,11,36,1,2,6,2,2.0,0,0,51,6,3,0,0,0,6,6,2,0,240.0,,0,3,186.0,0,1
1,0,27,2015,11,36,1,2,6,2,0.0,0,0,51,6,3,0,0,0,0,0,2,0,240.0,,0,3,114.19,0,1
1,1,27,2015,11,36,1,2,6,2,0.0,0,2,135,6,3,0,0,0,4,4,0,0,240.0,,0,2,186.0,0,2
1,0,140,2015,11,36,1,2,8,2,0.0,0,2,135,5,3,0,0,0,0,0,0,0,8.0,,0,2,86.95,1,0
1,0,62,2015,11,36,1,2,10,2,0.0,0,0,166,6,3,0,0,0,3,3,0,0,240.0,,0,2,113.0,0,2
1,0,381,2015,11,36,1,4,10,2,0.0,0,0,59,5,3,0,0,0,4,4,0,0,40.0,,0,0,82.88,0,0
1,0,0,2015,11,36,2,0,1,1,0.0,0,0,135,2,0,0,0,0,0,4,0,0,88.0,,0,2,134.0,0,0
1,1,149,2015,11,36,2,0,2,2,0.0,0,2,135,6,3,0,0,0,4,4,0,0,240.0,,0,3,155.0,0,3
1,1,1,2015,11,36,2,0,2,2,0.0,0,0,135,6,3,0,0,0,3,3,2,0,240.0,,0,2,146.0,0,0
1,1,149,2015,11,36,2,0,2,2,0.0,0,2,135,6,3,0,0,0,4,4,0,0,240.0,,0,3,155.0,0,3
1,0,4,2015,11,36,2,0,4,2,0.0,0,0,169,6,3,0,0,0,3,3,0,0,240.0,,0,2,154.25,0,0
1,0,104,2015,11,36,2,1,4,2,0.0,0,0,59,6,3,0,0,0,0,3,0,0,241.0,,0,2,71.69,0,0
1,0,104,2015,11,36,2,1,4,2,0.0,0,0,59,6,3,0,0,0,0,3,0,0,241.0,,0,2,71.69,0,0
1,0,68,2015,11,36,2,2,5,3,0.0,0,2,135,3,1,0,0,0,6,6,2,0,250.0,,0,2,150.71,1,0
1,1,4,2015,11,36,2,2,5,2,0.0,0,0,76,4,3,0,0,0,0,2,0,0,96.0,,0,3,57.0,0,0
1,1,71,2015,11,36,2,2,5,2,2.0,0,0,135,6,3,0,0,0,6,6,0,0,240.0,,0,2,153.0,0,0
1,1,149,2015,11,36,2,2,6,2,2.0,0,0,135,6,3,0,0,0,6,6,0,0,240.0,,0,2,153.0,0,0
1,0,1,2015,11,36,3,0,2,2,0.0,0,0,51,6,3,0,0,0,0,0,1,0,240.0,,0,2,131.4,0,0
1,0,55,2015,11,36,3,0,3,2,0.0,0,0,135,5,3,0,0,0,3,4,0,0,5.0,,0,2,90.4,1,0
1,0,154,2015,11,36,3,0,3,2,0.0,0,0,81,2,1,0,0,0,0,0,0,0,,268.0,0,3,88.2,0,0
1,0,154,2015,11,36,3,0,3,2,0.0,0,0,148,2,1,0,0,0,0,0,0,0,,268.0,0,3,88.2,0,0
1,0,57,2015,11,36,3,0,1,2,0.0,0,0,51,5,3,0,0,0,0,2,0,0,171.0,,0,2,65.5,1,0
1,0,154,2015,11,36,3,0,3,2,0.0,0,0,81,2,1,0,0,0,0,0,0,0,,268.0,0,3,88.2,0,0
1,0,29,2015,11,36,3,0,3,2,1.0,0,2,135,3,1,0,0,0,3,5,2,0,250.0,,0,2,211.0,0,2
1,0,154,2015,11,36,3,0,3,1,0.0,0,0,81,2,1,0,0,0,0,0,1,0,,268.0,0,3,80.0,0,0
1,0,154,2015,11,36,3,0,3,2,0.0,0,0,81,2,1,0,0,0,0,0,0,0,,268.0,0,3,88.2,0,0
1,0,154,2015,11,36,3,0,3,2,0.0,0,0,135,2,1,0,0,0,0,0,0,0,,268.0,0,2,88.2,0,0
1,0,6,2015,11,36,3,0,3,2,0.0,0,0,56,2,1,0,0,0,0,0,0,0,,268.0,0,3,88.2,0,0
1,1,304,2015,11,36,3,0,3,40,0.0,0,0,135,3,1,0,0,0,0,0,0,0,,,0,1,0.0,0,0
1,0,29,2015,11,36,3,1,3,2,0.0,0,0,135,5,3,0,0,0,4,5,0,0,8.0,,0,0,109.5,0,1
1,0,29,2015,11,36,3,1,3,2,0.0,0,2,135,6,3,0,0,0,0,0,0,0,240.0,,0,2,144.9,0,2
1,0,29,2015,11,36,3,1,3,2,0.0,0,0,51,5,3,0,0,0,3,4,0,0,8.0,,0,0,79.5,0,0
1,0,29,2015,11,36,3,1,3,2,1.0,0,0,135,5,3,0,0,0,4,5,0,0,8.0,,0,0,124.5,1,2
1,0,297,2015,11,36,3,1,3,2,0.0,0,0,76,3,3,0,0,0,0,0,0,0,240.0,,0,3,123.0,0,2
1,1,297,2015,11,36,3,1,3,2,0.0,0,0,135,3,3,0,0,0,0,0,0,0,240.0,,0,2,0.0,0,0
1,0,52,2015,11,36,3,2,7,2,0.0,0,0,135,3,1,0,0,0,3,3,0,0,,,0,3,113.0,1,2
1,0,92,2015,11,36,3,2,7,2,0.0,0,0,51,6,3,0,0,0,4,4,0,0,240.0,,0,2,123.0,1,0
1,0,52,2015,11,36,3,2,7,2,1.0,0,2,135,3,1,0,0,0,3,3,1,0,,,0,3,166.0,0,3
1,0,56,2015,11,36,3,2,8,2,0.0,0,0,59,5,3,0,0,0,3,3,0,0,243.0,,0,0,79.5,0,1
1,0,65,2015,11,36,3,2,8,2,0.0,0,0,76,5,3,0,0,0,3,3,0,0,40.0,,0,2,79.5,0,0
1,0,50,2015,11,36,3,2,5,2,0.0,0,0,59,5,3,0,0,0,3,3,0,0,243.0,,0,0,79.5,0,1
1,0,163,2015,11,36,3,2,5,2,0.0,0,0,51,6,3,0,0,0,3,3,0,0,240.0,,0,2,91.46,0,1
1,1,48,2015,11,36,3,2,8,2,2.0,0,0,135,3,1,0,0,0,6,8,0,0,250.0,,0,2,153.0,0,0
1,0,327,2015,11,36,3,4,10,2,0.0,0,0,59,5,3,0,0,0,3,3,0,0,40.0,,0,0,62.48,0,1
1,0,0,2015,11,36,4,0,1,2,0.0,0,0,81,2,0,0,0,0,3,5,1,0,,110.0,0,2,124.1,1,0
1,1,1,2015,11,36,4,0,1,2,0.0,0,0,135,6,3,0,0,0,0,4,0,0,240.0,,0,2,117.9,0,0
1,0,1,2015,11,36,4,0,1,2,0.0,0,0,56,6,3,0,0,0,0,5,1,0,240.0,,0,2,143.0,1,2
1,0,0,2015,11,36,4,0,1,2,0.0,0,0,51,3,1,0,0,0,3,4,0,0,250.0,,0,2,131.0,0,0
1,0,14,2015,11,36,4,0,2,3,0.0,0,0,76,4,3,0,0,0,0,2,0,2,96.0,,0,3,128.0,1,0
1,0,88,2015,11,36,4,0,2,2,0.0,0,2,51,6,3,0,0,0,4,4,1,0,240.0,,0,2,167.0,1,0
1,1,105,2015,11,36,4,0,2,2,0.0,0,0,135,6,3,0,0,0,6,6,0,0,240.0,,0,2,153.0,0,0
1,0,0,2015,11,36,4,0,2,2,0.0,0,0,51,6,3,0,0,0,5,5,0,0,,,0,2,172.0,0,1
1,1,77,2015,11,36,4,0,2,2,0.0,0,0,135,6,3,0,0,0,4,4,0,0,240.0,,0,2,123.0,0,0
1,0,15,2015,11,36,4,0,2,2,0.0,0,0,135,6,3,0,0,0,3,4,0,0,240.0,,0,2,146.0,0,1
1,1,29,2015,11,36,4,1,2,2,0.0,0,0,135,5,3,0,0,0,3,3,0,0,8.0,,0,0,79.5,0,0
1,0,28,2015,11,36,4,1,2,1,0.0,0,0,135,5,3,0,0,0,3,3,0,0,142.0,,0,0,116.8,0,0
1,1,23,2015,11,36,4,1,2,2,0.0,0,2,135,3,1,0,0,0,3,3,0,0,250.0,,0,2,155.0,0,0
1,0,28,2015,11,36,4,1,2,2,0.0,0,0,43,5,3,0,0,0,3,4,0,0,8.0,,0,0,79.5,1,0
1,0,3,2015,11,36,4,1,2,2,0.0,0,0,51,6,3,0,0,0,3,3,0,0,240.0,,0,2,135.0,1,2
1,1,28,2015,11,36,4,1,2,1,0.0,0,0,135,5,3,0,0,0,3,3,0,0,142.0,,0,0,116.8,0,0
1,0,0,2015,11,36,4,2,2,3,0.0,0,0,135,3,1,0,0,0,0,2,2,0,,,0,2,176.0,0,0
1,0,4,2015,11,36,4,2,2,2,0.0,0,2,135,6,3,0,0,0,3,3,1,0,240.0,,0,2,151.25,0,2
1,0,63,2015,11,36,4,2,3,2,0.0,0,0,51,6,3,0,0,0,4,4,0,0,240.0,,0,2,168.0,1,1
1,0,67,2015,11,36,4,2,3,2,0.0,0,0,29,6,3,0,0,0,4,4,0,0,240.0,,0,2,123.0,0,1
1,1,29,2015,11,36,4,2,6,2,0.0,0,0,135,6,3,0,0,0,2,2,0,0,242.0,,0,2,151.88,0,1
1,0,73,2015,11,36,4,2,7,2,2.0,0,0,59,6,3,0,0,0,6,6,1,0,240.0,,0,2,153.0,0,0
1,0,51,2015,11,36,4,3,7,2,0.0,0,2,51,5,3,0,0,0,0,0,0,0,142.0,,0,0,104.8,1,0
1,0,150,2015,11,36,4,3,7,2,0.0,0,2,29,3,1,0,0,0,6,6,0,0,250.0,,0,2,183.0,1,0
1,0,23,2015,11,36,4,2,4,2,0.0,0,0,135,6,3,0,0,0,0,0,0,0,240.0,,0,2,120.0,0,2
1,0,67,2015,11,36,4,2,5,2,0.0,0,0,59,5,3,0,0,0,4,4,0,0,40.0,,0,2,97.5,0,0
1,1,30,2015,11,36,5,0,1,2,0.0,0,1,135,5,3,0,0,0,4,4,0,0,149.0,,0,2,143.5,0,0
1,1,15,2015,11,36,5,1,1,1,2.0,0,0,135,6,3,0,0,0,7,7,0,0,240.0,,0,2,163.0,0,0
1,0,68,2015,11,36,5,2,4,2,0.0,0,0,135,6,3,0,0,0,4,4,0,0,240.0,,0,2,123.0,0,2
1,0,47,2015,11,36,5,2,4,2,0.0,0,1,135,3,1,0,0,0,3,3,0,0,,,0,2,171.0,0,1
1,0,47,2015,11,36,5,2,4,2,0.0,0,1,135,3,1,0,0,0,3,3,0,0,,,0,2,171.0,0,2
1,1,74,2015,11,36,5,2,4,2,0.0,0,2,135,6,3,0,0,0,3,3,0,0,240.0,,0,2,143.0,0,0
1,1,333,2015,11,36,5,2,5,26,0.0,0,0,135,5,3,0,0,0,0,0,0,0,96.0,,0,1,0.0,0,0
1,0,26,2015,11,36,5,2,5,2,0.0,0,0,59,3,1,0,0,0,5,5,0,0,250.0,,0,2,156.0,0,0
1,0,25,2015,11,36,5,1,1,2,0.0,0,0,169,6,3,0,0,0,4,5,0,0,240.0,,0,2,139.5,1,1
1,0,71,2015,11,36,5,2,2,2,0.0,0,0,135,6,3,0,0,0,3,3,0,0,240.0,,0,2,113.0,0,0
1,1,314,2015,11,36,5,2,5,2,1.0,0,2,135,3,3,0,0,0,4,4,1,0,240.0,,0,2,154.14,0,0
1,0,54,2015,11,36,5,2,5,2,0.0,0,0,34,3,1,0,0,0,0,0,0,0,250.0,,0,2,98.0,0,2
1,1,74,2015,11,36,5,2,5,2,0.0,0,0,135,6,3,0,0,0,3,3,0,0,240.0,,0,2,113.0,0,0
1,0,74,2015,11,36,5,2,5,2,0.0,0,2,59,5,3,0,0,0,3,3,0,0,40.0,,0,2,107.5,0,0
1,0,26,2015,11,36,5,2,5,2,0.0,0,0,59,5,3,0,0,0,2,2,0,0,142.0,,0,0,124.8,0,0
1,1,94,2015,11,36,5,2,5,2,0.0,0,0,135,3,1,0,0,0,6,6,0,0,,,0,2,153.0,0,0
1,1,54,2015,11,36,5,2,5,2,0.0,0,0,135,6,3,0,0,0,0,0,1,0,240.0,,0,2,131.0,0,2
1,0,52,2015,11,36,5,2,5,2,0.0,0,1,51,5,3,0,0,0,0,1,1,0,149.0,,0,2,111.5,1,0
1,0,47,2015,11,36,5,2,5,2,0.0,0,0,59,3,1,0,0,0,0,0,0,0,250.0,,0,2,98.0,0,1
1,1,74,2015,11,36,5,2,5,2,0.0,0,0,135,6,3,0,0,0,4,4,0,0,240.0,,0,2,123.0,0,0
1,1,1,2015,11,36,5,2,6,2,2.0,0,0,135,3,1,0,0,0,6,6,0,0,250.0,,0,2,153.0,0,0
1,1,50,2015,11,36,5,2,6,2,0.0,0,0,135,3,1,0,0,0,2,2,0,0,250.0,,0,2,123.0,0,0
1,1,155,2015,11,36,5,3,6,2,2.0,0,2,135,6,3,0,0,0,6,6,1,0,240.0,,0,2,197.0,0,2
1,1,323,2015,11,36,5,4,6,2,0.0,0,0,135,5,3,0,0,0,4,4,0,0,175.0,,0,3,97.5,0,1
1,1,323,2015,11,36,5,4,6,2,0.0,0,0,135,5,3,0,0,0,4,4,0,0,175.0,,0,3,97.5,0,1
1,0,340,2015,11,36,5,4,6,2,0.0,0,0,154,5,3,0,0,0,4,4,2,0,96.0,,0,2,87.75,0,2
1,0,103,2015,11,36,5,4,10,2,0.0,0,0,43,6,3,0,0,0,4,4,0,0,241.0,,0,2,83.7,1,1
1,0,356,2015,11,36,5,4,10,2,0.0,0,0,59,5,3,0,0,0,3,3,0,0,2.0,,0,0,91.77,0,0
1,0,5,2015,11,37,6,0,0,1,2.0,0,0,135,6,3,0,0,0,7,7,0,0,240.0,,0,2,0.0,0,0
1,0,40,2015,11,37,6,2,0,2,0.0,0,2,135,3,1,0,0,0,0,0,0,0,250.0,,0,2,128.0,0,1
1,1,116,2015,11,37,6,2,0,2,0.0,0,0,135,6,3,0,0,0,0,0,0,0,240.0,,0,2,98.0,0,3
1,0,74,2015,11,37,6,2,1,2,0.0,0,0,135,6,3,0,0,0,0,0,2,0,241.0,,0,2,71.69,0,1
1,0,25,2015,11,37,6,2,2,2,0.0,0,0,51,6,3,0,0,0,0,0,0,0,240.0,,0,2,114.5,0,1
1,1,32,2015,11,37,6,1,0,2,0.0,0,2,135,5,1,0,0,0,0,0,1,0,,,0,2,149.0,0,0
1,1,12,2015,11,37,6,1,0,2,0.0,0,0,135,6,3,0,0,0,2,2,0,0,242.0,,0,2,123.0,0,1
1,1,26,2015,11,37,6,2,3,2,0.0,0,0,135,3,1,0,0,0,0,0,0,0,250.0,,0,2,117.8,0,1
1,1,73,2015,11,37,6,2,3,2,0.0,0,0,135,6,3,0,0,0,0,0,0,0,240.0,,0,2,98.0,0,1
1,1,26,2015,11,37,6,2,3,2,0.0,1,0,135,6,3,0,0,0,5,5,0,0,242.0,,0,2,198.0,0,2
1,1,27,2015,11,37,6,2,3,2,0.0,0,0,135,5,3,0,0,0,2,2,0,0,142.0,,0,0,124.8,0,0
1,0,110,2015,11,37,6,2,3,2,0.0,0,0,51,6,3,0,0,0,0,0,0,0,240.0,,0,2,98.0,1,0
1,1,75,2015,11,37,6,2,3,1,0.0,0,0,135,6,3,0,0,0,0,0,0,0,240.0,,0,2,89.0,0,0
1,0,61,2015,11,37,6,2,4,2,0.0,0,0,51,3,1,0,0,0,0,0,0,0,250.0,,0,2,128.0,0,0
1,1,60,2015,11,37,6,2,4,2,0.0,0,0,135,6,3,0,0,0,3,3,0,0,240.0,,0,2,146.0,0,0
1,1,61,2015,11,37,6,2,4,2,0.0,0,0,135,6,3,0,0,0,0,0,0,0,240.0,,0,2,131.0,0,3
1,0,57,2015,11,37,6,2,4,2,0.0,0,0,135,3,1,0,0,0,0,0,1,0,250.0,,0,2,98.0,0,0
1,0,61,2015,11,37,6,2,4,3,0.0,0,0,51,6,3,0,0,0,0,0,1,0,240.0,,0,2,161.0,0,3
1,0,47,2015,11,37,6,2,4,2,0.0,0,0,59,5,3,0,0,0,3,3,0,0,8.0,,0,0,79.5,0,0
1,0,30,2015,11,37,6,2,5,2,0.0,0,0,76,6,3,0,0,0,0,4,0,0,240.0,,0,2,126.29,1,2
1,0,59,2015,11,37,6,2,5,2,0.0,0,2,59,5,3,0,0,0,3,3,1,0,243.0,,0,2,105.5,0,0
1,0,78,2015,11,37,6,2,5,3,0.0,0,2,135,3,1,0,0,0,7,7,0,0,250.0,,0,2,208.14,1,1
1,1,142,2015,11,37,6,2,5,2,0.0,0,0,135,3,1,0,0,0,3,3,0,0,,,0,2,103.85,0,1
1,0,94,2015,11,37,6,2,5,2,0.0,0,0,135,5,3,0,0,0,3,3,0,0,96.0,,0,2,79.5,0,0
1,0,69,2015,11,37,6,2,5,2,0.0,1,0,135,6,3,0,0,0,3,6,1,0,240.0,,0,2,113.0,1,3
1,0,78,2015,11,37,6,2,5,2,0.0,0,2,135,3,1,0,0,0,5,5,0,0,250.0,,0,2,163.0,1,0
1,0,115,2015,11,37,6,2,5,2,0.0,0,2,59,5,3,0,0,0,3,3,0,0,40.0,,0,0,107.5,0,0
1,0,128,2015,11,37,6,2,5,2,0.0,0,0,76,5,3,0,0,0,4,4,0,0,95.0,,0,2,97.5,0,0
1,1,90,2015,11,37,6,3,5,2,0.0,0,0,135,3,1,0,0,0,3,3,0,0,250.0,,0,2,113.0,0,1
1,0,328,2015,11,37,6,4,6,2,0.0,0,0,59,5,3,0,0,0,3,3,0,0,171.0,,0,2,66.15,0,1
1,1,136,2015,11,37,6,2,5,1,0.0,0,2,135,5,3,0,0,0,4,4,0,0,142.0,,0,0,99.8,0,0
1,0,143,2015,11,37,6,4,6,2,0.0,0,2,43,5,3,0,0,0,4,4,0,0,142.0,,0,0,111.96,0,0
1,0,90,2015,11,37,6,4,7,2,2.0,0,0,76,6,3,0,0,0,6,6,0,0,240.0,,0,2,139.18,0,0
1,0,144,2015,11,37,6,4,10,2,0.0,0,0,59,6,3,0,0,0,0,0,0,0,240.0,,0,2,83.15,0,1
1,1,336,2015,11,37,7,1,2,50,0.0,0,0,135,3,1,0,0,0,0,0,0,0,,,0,1,0.0,0,0
1,0,90,2015,11,37,7,1,3,2,0.0,0,0,51,5,3,0,0,0,3,3,0,0,175.0,,0,2,77.6,0,0
1,0,35,2015,11,37,7,1,3,2,0.0,0,2,135,6,3,0,0,0,0,2,0,0,240.0,,0,2,144.9,0,2
1,0,4,2015,11,37,7,1,4,2,0.0,0,2,135,3,1,0,0,0,0,2,1,0,250.0,,0,2,161.0,0,0
1,1,55,2015,11,37,7,1,4,2,0.0,0,0,135,6,3,0,0,0,0,0,0,0,242.0,,0,2,131.0,0,1
1,0,0,2015,11,37,7,1,4,2,0.0,0,0,135,3,1,0,0,0,4,4,3,0,,,0,2,131.0,0,0
1,0,2,2015,11,37,7,1,4,2,0.0,1,2,135,6,3,0,0,0,0,0,2,0,240.0,,0,2,188.0,0,2
1,0,112,2015,11,37,7,1,5,2,0.0,0,0,76,6,3,0,0,0,0,0,0,0,147.0,,0,2,64.29,0,0
1,1,105,2015,11,37,7,1,5,2,0.0,0,0,135,6,3,0,0,0,0,0,0,0,240.0,,0,2,98.0,0,0
1,1,109,2015,11,37,7,1,5,2,0.0,0,0,135,6,3,0,0,0,4,4,0,0,240.0,,0,2,123.0,0,0
1,1,40,2015,11,37,7,2,5,1,0.0,0,0,135,6,3,0,0,0,0,0,0,0,240.0,,0,2,117.29,0,2
1,1,75,2015,11,37,7,2,5,2,0.0,0,0,135,6,3,0,0,0,0,0,0,0,240.0,,0,2,98.0,0,2
1,0,30,2015,11,37,7,13,33,2,0.0,0,3,51,6,3,0,0,0,0,8,17,0,240.0,,0,2,0.0,0,1
1,1,144,2015,11,37,7,3,7,2,0.0,0,0,135,6,3,0,0,0,0,0,0,0,240.0,,0,2,75.96,0,0
1,0,248,2015,11,37,7,3,7,2,0.0,0,2,59,5,3,0,0,0,0,0,0,0,40.0,,0,2,83.5,0,1
1,0,0,2015,11,37,8,0,2,2,0.0,0,0,135,3,1,0,0,0,0,2,1,0,,,0,2,131.0,0,0
1,1,302,2015,11,37,8,0,3,2,0.0,0,0,135,3,3,0,0,0,0,0,0,0,240.0,,0,2,84.47,0,0
1,1,302,2015,11,37,8,0,3,2,0.0,0,0,135,3,3,0,0,0,0,0,0,0,240.0,,0,2,84.47,0,0
1,1,302,2015,11,37,8,0,3,2,0.0,0,0,135,3,3,0,0,0,0,0,1,0,240.0,,0,2,84.47,0,0
1,1,61,2015,11,37,8,0,4,2,0.0,0,0,135,6,3,0,0,0,4,4,0,0,240.0,,0,2,156.0,0,0
1,1,12,2015,11,37,8,0,4,2,0.0,0,0,135,6,3,0,0,0,0,0,0,0,242.0,,0,2,98.0,0,1
1,1,47,2015,11,37,8,0,4,2,0.0,0,0,135,6,3,0,0,0,0,0,0,0,240.0,,0,2,117.9,0,2
1,0,11,2015,11,37,8,0,4,2,0.0,0,0,135,3,1,0,0,0,0,0,0,0,250.0,,0,2,98.0,0,1
1,0,117,2015,11,37,8,2,5,2,0.0,0,2,59,5,3,0,0,0,3,2,0,0,156.0,,0,0,101.53,0,0
1,0,160,2015,11,37,8,2,5,2,0.0,0,2,59,5,3,0,0,0,3,2,0,0,40.0,,0,0,97.54,0,0
1,0,175,2015,11,37,8,2,5,2,0.0,0,2,59,5,3,0,0,0,0,0,0,0,143.0,,0,2,91.5,0,0
1,0,71,2015,11,37,8,2,6,2,0.0,0,0,59,6,3,0,0,0,3,3,0,0,240.0,,0,2,113.0,0,0
1,1,344,2015,11,37,8,4,10,2,0.0,0,0,135,5,3,0,0,0,0,0,0,0,171.0,,0,2,58.95,0,0
1,0,12,2015,11,37,8,2,5,2,0.0,0,0,135,3,1,0,0,0,5,6,0,0,250.0,,0,2,133.0,1,0
1,0,382,2015,11,37,8,4,10,2,0.0,0,0,59,5,3,0,0,0,4,4,0,0,40.0,,0,0,76.5,0,0
1,1,0,2015,11,37,9,0,1,1,0.0,0,0,135,3,1,0,0,0,0,5,0,0,,,0,2,146.0,0,2
1,0,0,2015,11,37,9,0,1,2,0.0,0,0,51,3,1,0,0,0,5,5,0,0,,,0,2,146.0,1,0
1,0,28,2015,11,37,9,0,1,1,0.0,0,0,135,2,0,0,0,0,0,0,0,0,,154.0,0,2,80.0,0,0
1,0,58,2015,11,37,9,0,1,2,0.0,0,0,29,5,3,0,0,0,0,0,0,0,251.0,,0,2,68.5,0,0
1,1,0,2015,11,37,9,0,1,2,0.0,0,0,135,3,1,0,0,0,0,0,0,0,,,0,2,146.0,0,2
1,1,20,2015,11,37,9,0,2,2,0.0,0,0,135,5,3,0,0,0,4,4,0,0,142.0,,0,0,124.8,0,0
1,0,48,2015,11,37,9,0,2,2,0.0,0,0,51,6,3,0,0,0,0,0,1,0,240.0,,0,2,131.0,0,2
1,0,2,2015,11,37,9,0,3,2,0.0,0,0,135,6,3,0,0,0,0,3,0,0,240.0,,0,2,146.0,1,0
1,0,0,2015,11,37,9,0,1,1,0.0,0,0,135,2,1,0,0,0,0,0,0,0,,,0,2,134.0,0,0
1,0,137,2015,11,37,9,0,3,1,0.0,0,0,135,6,3,0,0,0,3,3,0,0,241.0,,0,2,86.69,1,2
1,1,1,2015,11,37,9,1,4,2,0.0,0,0,135,3,1,0,0,0,0,0,0,0,,,0,2,124.4,0,0
1,0,130,2015,11,37,9,2,4,1,0.0,0,0,101,6,3,0,0,0,0,0,1,0,240.0,,0,2,65.7,0,2
1,0,130,2015,11,37,9,2,4,1,0.0,0,0,101,6,3,0,0,0,0,0,1,0,240.0,,0,2,77.7,1,2
1,0,118,2015,11,37,9,2,5,2,0.0,0,0,59,5,3,0,0,0,0,0,0,0,115.0,,0,0,59.0,0,1
1,0,146,2015,11,37,9,2,5,2,0.0,0,2,43,5,3,0,0,0,0,0,0,0,275.0,,0,2,76.5,0,0
1,1,159,2015,11,37,9,2,7,2,0.0,1,0,135,6,3,0,0,0,0,0,1,0,240.0,,0,3,82.0,0,2
1,1,78,2015,11,37,9,2,7,2,0.0,0,0,135,6,3,0,0,0,0,0,0,0,242.0,,0,2,92.67,0,1
1,1,159,2015,11,37,9,2,7,2,0.0,0,0,135,6,3,0,0,0,0,0,0,0,240.0,,0,3,82.0,0,1
1,0,49,2015,11,37,9,1,4,1,0.0,0,0,140,6,3,0,0,0,0,0,0,0,240.0,,0,2,115.4,0,2
1,0,1,2015,11,37,9,1,4,2,0.0,0,2,59,6,3,0,0,0,0,0,1,0,240.0,,0,2,158.4,0,0
1,0,31,2015,11,37,10,0,3,2,0.0,0,0,15,6,3,0,0,0,0,2,0,0,240.0,,0,2,108.0,0,1
1,1,114,2015,11,37,10,1,3,2,0.0,0,0,135,6,3,0,0,0,4,4,0,0,241.0,,0,2,87.05,0,1
1,0,170,2015,11,37,10,1,3,2,0.0,0,0,59,5,3,0,0,0,3,4,0,0,26.0,,0,0,70.98,0,0
1,1,27,2015,11,37,10,1,3,2,0.0,0,0,135,3,1,0,0,0,4,4,0,0,,,0,2,119.7,0,1
1,0,166,2015,11,37,10,1,3,2,0.0,0,0,135,6,3,0,0,0,0,0,0,0,240.0,,0,2,73.8,0,2
1,1,114,2015,11,37,10,1,3,2,0.0,0,0,135,6,3,0,0,0,4,4,0,0,241.0,,0,2,87.05,0,1
1,1,114,2015,11,37,10,1,3,2,0.0,0,0,135,6,3,0,0,0,4,4,0,0,241.0,,0,2,87.05,0,0
1,0,108,2015,11,37,10,2,3,2,0.0,0,0,140,6,3,0,0,0,0,0,1,0,240.0,,0,2,82.44,0,1
1,0,82,2015,11,37,10,2,3,2,0.0,0,2,59,6,3,0,0,0,4,4,0,0,240.0,,0,2,153.0,0,1
1,0,113,2015,11,37,10,2,5,2,0.0,0,0,76,6,3,0,0,0,0,0,0,0,147.0,,0,2,57.54,0,0
1,1,94,2015,11,37,10,2,5,2,0.0,0,0,135,3,1,0,0,0,5,5,0,0,250.0,,0,2,120.43,0,0
1,0,0,2015,11,37,10,0,1,2,0.0,0,0,59,6,3,0,0,0,0,2,0,0,240.0,,0,2,131.0,1,2
1,0,3,2015,11,37,10,0,1,1,0.0,0,0,135,1,1,0,0,0,2,7,0,0,,,0,2,0.0,0,0
1,0,12,2015,11,37,10,0,2,3,0.0,0,0,135,6,3,0,0,0,0,0,1,0,241.0,,0,2,75.46,0,1
1,1,132,2015,11,37,10,0,2,2,0.0,0,0,135,6,3,0,0,0,0,0,0,0,240.0,,0,1,82.0,0,2
1,0,12,2015,11,37,10,0,2,2,0.0,1,0,134,6,3,0,0,0,0,0,0,0,241.0,,0,2,75.46,0,2
1,1,56,2015,11,37,10,0,3,2,2.0,0,0,135,6,3,0,0,0,7,7,0,0,240.0,,0,2,208.0,0,2
1,0,140,2015,11,37,10,2,5,2,1.0,0,2,149,5,3,0,0,0,0,0,1,0,177.0,,0,2,106.25,0,1
1,1,147,2015,11,37,10,2,5,2,0.0,0,0,135,5,3,0,0,0,3,3,0,0,142.0,,0,0,70.48,0,0
1,0,140,2015,11,37,10,2,5,2,0.0,0,2,43,5,3,0,0,0,0,0,0,0,177.0,,0,2,85.0,0,0
1,0,97,2015,11,37,10,2,5,2,0.0,0,2,59,5,3,0,0,0,0,0,0,0,40.0,,0,2,83.5,0,0
1,0,160,2015,11,37,10,2,5,2,0.0,0,0,59,5,3,0,0,0,0,0,0,0,243.0,,0,0,48.88,0,0
1,0,91,2015,11,37,10,2,5,2,0.0,0,0,59,5,3,0,0,0,3,3,0,0,243.0,,0,2,73.5,0,1
1,0,111,2015,11,37,10,2,7,2,0.0,0,2,59,5,3,0,0,0,3,3,0,0,40.0,,0,0,101.5,0,0
1,1,80,2015,11,37,10,1,3,1,0.0,0,0,135,3,1,0,0,0,5,5,0,0,250.0,,0,2,133.0,0,1
1,1,114,2015,11,37,10,1,3,2,0.0,0,0,135,6,3,0,0,0,4,4,0,0,241.0,,0,2,87.05,0,1
1,0,90,2015,11,37,10,2,8,2,0.0,0,0,56,6,3,0,0,0,4,4,0,0,240.0,,0,2,118.2,1,1
1,0,338,2015,11,37,10,2,8,2,0.0,0,0,59,5,3,0,0,0,3,3,0,0,156.0,,0,0,66.15,0,1
1,0,167,2015,11,37,10,4,10,2,0.0,0,0,76,5,3,0,0,0,0,0,0,0,156.0,,0,0,50.15,0,2
1,0,2,2015,11,37,11,0,1,1,0.0,0,0,154,6,3,0,0,0,3,3,0,0,241.0,,0,2,112.42,0,1
1,0,0,2015,11,37,11,0,1,2,0.0,0,0,56,3,1,0,0,0,0,2,0,0,,,0,2,131.0,1,0
1,0,73,2015,11,37,11,0,1,2,0.0,0,0,43,5,3,0,0,0,0,0,0,0,251.0,,0,2,68.5,0,0
1,0,0,2015,11,37,11,0,1,2,0.0,0,0,51,5,3,0,0,0,0,2,0,0,142.0,,0,2,104.8,0,0
1,0,63,2015,11,37,11,0,1,2,0.0,0,0,133,6,3,0,0,0,0,3,0,0,240.0,,0,2,117.9,0,3
1,0,3,2015,11,37,11,0,1,1,0.0,0,0,59,2,1,0,0,0,0,3,0,0,,59.0,0,2,134.0,0,0
1,0,8,2015,11,37,11,0,2,2,0.0,0,0,135,3,1,0,0,0,3,3,0,0,,,0,2,113.0,0,0
1,0,1,2015,11,37,11,0,2,2,0.0,0,0,51,6,3,0,0,0,0,3,0,0,240.0,,0,2,138.5,0,0
1,0,70,2015,11,37,11,0,2,2,0.0,0,0,56,6,3,0,0,0,3,3,0,0,240.0,,0,2,146.0,1,0
1,0,4,2015,11,37,11,0,2,2,0.0,0,0,135,3,1,0,0,0,3,3,0,0,250.0,,0,2,133.0,1,0
1,0,157,2015,11,37,11,1,2,3,0.0,0,0,59,6,3,0,0,0,6,5,0,0,240.0,,0,2,153.0,0,1
1,0,1,2015,11,37,11,1,2,2,2.0,0,0,25,6,3,0,0,0,7,7,0,0,240.0,,0,1,131.0,1,0
1,0,1,2015,11,37,11,1,2,2,0.0,0,0,135,6,3,0,0,0,3,5,0,0,240.0,,0,2,135.0,1,1
1,0,8,2015,11,37,11,2,3,2,0.0,0,0,56,6,3,0,0,0,0,0,0,0,240.0,,0,2,111.2,0,2
1,0,102,2015,11,37,11,2,5,2,0.0,0,0,59,5,3,0,0,0,0,0,0,0,40.0,,0,0,57.5,0,0
1,1,310,2015,11,37,11,2,5,2,0.0,0,0,135,5,3,0,0,0,0,0,0,0,26.0,,0,0,58.95,0,0
1,0,11,2015,11,37,11,2,5,2,0.0,0,0,59,6,3,0,0,0,0,0,0,0,241.0,,0,2,77.11,0,0
1,1,148,2015,11,37,11,2,5,2,0.0,0,2,135,5,3,0,0,0,3,3,0,0,40.0,,0,0,97.99,0,0
1,0,165,2015,11,37,11,3,7,2,0.0,0,0,59,5,3,0,0,0,0,0,0,0,40.0,,0,0,51.75,0,0
1,1,101,2015,11,37,12,0,1,1,0.0,0,0,135,6,3,0,0,0,0,0,0,0,240.0,,0,2,89.0,0,1
1,1,101,2015,11,37,12,0,1,2,2.0,0,0,135,6,3,0,0,0,6,6,0,0,240.0,,0,2,153.0,0,1
1,0,9,2015,11,37,12,2,2,2,0.0,0,0,51,6,3,0,0,0,3,3,0,0,240.0,,0,2,141.5,1,2
1,1,172,2015,11,37,12,2,2,2,0.0,0,0,135,4,3,0,0,0,0,0,0,0,15.0,,0,3,36.0,0,0
1,1,171,2015,11,37,12,2,2,1,0.0,0,0,135,6,3,0,0,0,0,0,2,0,240.0,,0,2,59.13,0,1
1,0,143,2015,11,37,12,2,4,2,0.0,0,0,25,6,3,0,0,0,0,3,0,0,240.0,,0,2,66.6,0,1
1,1,145,2015,11,37,12,2,4,2,0.0,0,2,135,6,3,0,0,0,3,3,2,0,240.0,,0,2,129.0,0,2
1,1,121,2015,11,37,12,2,4,2,0.0,0,0,135,6,3,0,0,0,0,0,0,0,240.0,,0,2,82.0,0,2
1,0,0,2015,11,37,12,2,5,1,0.0,0,2,43,5,3,0,0,0,0,0,0,0,275.0,,0,2,58.05,0,0
1,0,96,2015,11,37,12,2,5,2,0.0,0,0,135,6,3,0,0,0,3,3,0,0,240.0,,0,2,95.86,0,0
1,0,136,2015,11,37,12,2,5,2,0.0,0,0,59,6,3,0,0,0,3,3,0,0,241.0,,0,2,68.45,0,1
1,1,340,2015,11,37,12,2,5,26,0.0,0,0,135,5,3,0,0,0,0,0,0,0,96.0,,0,1,0.0,0,0
1,0,2,2015,11,37,12,2,5,2,0.0,0,0,76,3,1,0,0,0,4,5,0,0,250.0,,0,2,131.14,0,0
1,0,170,2015,11,37,12,6,12,2,0.0,0,2,154,5,3,0,0,0,0,0,0,0,69.0,,0,0,72.25,0,0
1,0,149,2015,11,37,12,2,5,2,0.0,0,0,43,5,3,0,0,0,0,0,0,0,275.0,,0,2,53.1,0,0
1,0,0,2015,11,38,13,1,0,2,0.0,0,0,76,3,1,0,0,0,0,4,0,0,,,0,2,123.0,0,0
1,1,127,2015,11,38,13,2,0,2,0.0,0,0,135,6,3,0,0,0,0,0,0,0,240.0,,0,2,110.7,0,0
1,1,149,2015,11,38,13,2,1,2,0.0,0,0,135,6,3,0,0,0,0,0,1,0,240.0,,0,2,73.8,0,1
1,0,19,2015,11,38,13,2,2,2,0.0,0,2,43,6,3,0,0,0,0,2,0,0,242.0,,0,2,127.75,0,1
1,1,12,2015,11,38,13,2,2,2,0.0,0,0,135,6,3,0,0,0,3,3,0,0,240.0,,0,2,110.75,0,0
1,1,178,2015,11,38,13,2,2,2,0.0,0,0,135,6,3,0,0,0,0,0,0,0,240.0,,0,3,91.0,0,1
1,0,12,2015,11,38,13,2,2,2,0.0,0,0,51,6,3,0,0,0,3,3,0,0,240.0,,0,2,122.75,1,1
1,1,178,2015,11,38,13,2,2,2,0.0,0,0,135,6,3,0,0,0,0,0,0,0,240.0,,0,3,91.0,0,1
1,0,26,2015,11,38,13,2,3,2,0.0,0,0,135,3,1,0,0,0,4,5,0,0,,,0,2,132.6,1,2
1,0,2,2015,11,38,13,2,3,2,0.0,0,0,135,3,1,0,0,0,2,2,0,0,250.0,,0,2,124.0,1,0
1,1,10,2015,11,38,13,2,3,2,0.0,0,0,135,3,1,0,0,0,5,5,0,0,,,0,2,138.6,0,0
1,1,120,2015,11,38,13,2,3,2,0.0,0,0,135,6,3,0,0,0,4,4,0,0,240.0,,0,2,107.0,0,2
1,1,123,2015,11,38,13,2,4,2,0.0,0,0,51,6,3,0,0,0,0,0,0,0,240.0,,0,2,70.2,0,1
1,0,137,2015,11,38,13,2,5,2,0.0,0,0,59,5,3,0,0,0,3,3,0,0,40.0,,0,0,66.15,0,1
1,0,104,2015,11,38,13,2,5,2,0.0,0,0,59,5,3,0,0,0,4,4,0,0,40.0,,0,2,93.21,0,0
1,0,172,2015,11,38,13,3,5,2,0.0,0,0,76,5,3,0,0,0,0,0,0,0,142.0,,0,0,53.1,0,1
1,0,305,2015,11,38,13,4,7,2,0.0,0,0,76,5,3,0,0,0,0,0,0,0,142.0,,0,1,53.1,0,2
1,0,83,2015,11,38,13,4,8,2,0.0,1,0,135,3,1,0,0,0,4,4,0,0,250.0,,0,2,105.0,0,1
1,0,173,2015,11,38,13,4,8,2,0.0,0,0,59,5,3,0,0,0,3,3,0,0,40.0,,0,0,66.15,0,0
1,1,94,2015,11,38,13,4,10,2,0.0,0,0,135,5,3,0,0,0,3,3,0,0,243.0,,0,2,79.5,0,0
1,0,118,2015,11,38,13,4,10,2,0.0,0,0,59,5,3,0,0,0,3,3,0,0,243.0,,0,0,73.5,0,0
1,0,156,2015,11,38,14,1,1,1,0.0,0,0,123,6,3,0,0,0,0,6,0,0,240.0,,0,2,58.5,1,0
1,0,21,2015,11,38,14,1,2,2,0.0,0,0,59,6,3,0,0,0,4,4,0,0,240.0,,0,2,132.0,1,2
1,1,17,2015,11,38,14,1,2,2,0.0,0,0,135,6,3,0,0,0,4,4,0,0,240.0,,0,2,120.0,0,2
1,0,128,2015,11,38,14,1,4,2,0.0,0,0,135,5,3,0,0,0,3,3,0,0,96.0,,0,2,73.5,1,1
1,0,34,2015,11,38,14,1,4,2,0.0,0,2,135,6,3,0,0,0,0,4,2,0,241.0,,0,2,212.83,1,2
1,0,19,2015,11,38,14,1,4,2,0.0,0,2,135,5,3,0,0,0,2,2,0,0,142.0,,0,2,120.08,0,2
1,1,108,2015,11,38,14,1,4,2,0.0,0,0,135,6,3,0,0,0,0,0,0,0,240.0,,0,2,77.2,0,0
1,0,25,2015,11,38,14,1,4,2,0.0,0,2,135,6,3,0,0,0,4,4,0,0,240.0,,0,2,160.8,0,2
1,0,107,2015,11,38,14,1,5,2,0.0,0,0,59,6,3,0,0,0,0,0,0,0,240.0,,0,2,76.67,0,1
1,0,11,2015,11,38,14,1,5,2,0.0,0,0,59,3,1,0,0,0,0,3,0,0,250.0,,0,2,100.5,0,1
1,1,94,2015,11,38,14,1,5,2,0.0,0,0,135,6,3,0,0,0,3,3,0,0,240.0,,0,2,89.0,0,0
1,0,83,2015,11,38,14,3,5,2,0.0,0,0,76,6,3,0,0,0,3,3,0,0,240.0,,0,2,95.0,0,1
1,0,84,2015,11,38,14,4,10,2,0.0,0,2,123,6,3,0,0,0,4,4,1,0,241.0,,0,2,103.51,1,0
1,0,135,2015,11,38,14,8,20,2,0.0,0,2,59,5,3,0,0,0,3,3,0,0,2.0,,0,0,82.0,0,0
1,0,11,2015,11,38,14,1,2,2,2.0,0,0,75,6,3,0,0,0,7,7,0,0,240.0,,0,2,160.0,0,0
1,0,5,2015,11,38,15,0,1,2,0.0,0,0,135,3,1,0,0,0,3,6,0,0,250.0,,0,2,146.0,0,0
1,1,175,2015,11,38,15,0,4,1,0.0,0,0,135,4,3,0,0,0,0,0,1,0,15.0,,0,3,0.0,0,0
1,1,105,2015,11,38,15,0,4,2,0.0,0,0,135,6,3,0,0,0,0,0,0,0,240.0,,0,2,68.4,0,0
1,0,99,2015,11,38,15,0,5,2,0.0,0,0,76,6,3,0,0,0,0,0,0,0,147.0,,0,2,55.79,0,0
1,1,81,2015,11,38,15,0,5,2,0.0,0,0,135,6,3,0,0,0,4,4,0,0,240.0,,0,2,103.8,0,1
1,0,152,2015,11,38,15,1,5,2,0.0,0,0,133,6,3,0,0,0,4,4,0,0,240.0,,0,2,99.0,0,0
1,1,103,2015,11,38,15,2,5,2,0.0,0,0,135,6,3,0,0,0,3,3,0,0,240.0,,0,2,122.14,0,0
1,1,96,2015,11,38,15,2,5,2,0.0,0,0,135,6,3,0,0,0,3,3,0,0,240.0,,0,2,90.14,0,0
1,1,81,2015,11,38,15,0,5,2,0.0,0,0,135,6,3,0,0,0,4,4,0,0,240.0,,0,2,103.8,0,1
1,0,124,2015,11,38,15,2,7,2,0.0,0,0,59,5,3,0,0,0,3,3,0,0,40.0,,0,2,73.5,0,1
1,0,354,2015,11,38,15,4,10,2,0.0,0,0,135,5,3,0,0,0,0,4,1,0,40.0,,0,0,68.88,0,0
1,1,116,2015,11,38,15,4,11,2,0.0,0,0,135,6,3,0,0,0,0,0,0,0,240.0,,0,2,74.53,0,0
1,0,119,2015,11,38,15,4,10,2,0.0,0,0,59,5,3,0,0,0,3,3,0,0,142.0,,0,2,71.66,0,0
1,0,1,2015,11,38,16,0,1,2,0.0,0,0,56,6,3,0,0,0,0,0,0,0,240.0,,0,2,74.0,0,1
1,0,0,2015,11,38,16,0,1,2,0.0,0,0,123,6,3,0,0,0,0,0,0,0,240.0,,0,2,74.0,0,1
1,0,5,2015,11,38,16,0,1,2,0.0,0,0,15,6,3,0,0,0,0,0,0,0,240.0,,0,2,66.6,1,2
1,0,0,2015,11,38,16,0,1,2,0.0,0,0,51,3,1,0,0,0,2,2,0,0,,,0,2,8.0,1,0
1,0,46,2015,11,38,16,0,1,2,0.0,0,0,29,5,3,0,0,0,0,0,0,0,251.0,,0,2,62.0,0,0
1,0,0,2015,11,38,16,0,1,2,0.0,0,0,135,6,3,0,0,0,4,4,0,0,240.0,,0,2,79.0,1,1
1,0,0,2015,11,38,16,0,1,1,0.0,0,0,135,6,3,0,0,0,0,0,1,0,240.0,,0,2,65.0,0,0
1,0,0,2015,11,38,16,0,1,1,0.0,0,0,51,6,3,0,0,0,0,0,0,0,240.0,,0,2,58.5,0,1
1,0,6,2015,11,38,16,0,2,1,0.0,0,0,135,2,0,0,0,0,0,0,1,0,,204.0,0,2,55.0,0,0
1,0,44,2015,11,38,16,0,2,2,0.0,0,0,56,6,3,0,0,0,0,0,0,0,240.0,,0,2,74.0,0,2
1,0,42,2015,11,38,16,0,3,2,0.0,0,0,51,6,3,0,0,0,0,0,0,0,240.0,,0,2,86.0,1,1
1,1,64,2015,11,38,16,0,3,2,2.0,0,0,135,6,3,0,0,0,6,6,0,0,240.0,,0,2,129.0,0,1
1,0,65,2015,11,38,16,0,3,2,0.0,0,2,135,3,1,0,0,0,4,4,0,0,250.0,,0,2,129.0,0,2
1,0,93,2015,11,38,16,0,3,2,2.0,0,0,56,6,3,0,0,0,6,6,0,0,240.0,,0,2,129.0,1,1
1,0,72,2015,11,38,16,0,3,2,0.0,0,0,51,3,1,0,0,0,0,0,0,0,250.0,,0,2,83.0,0,0
1,0,42,2015,11,38,16,0,3,2,0.0,0,0,135,3,1,0,0,0,0,0,0,0,250.0,,0,2,74.0,0,0
1,1,65,2015,11,38,16,0,4,2,0.0,0,0,135,6,3,0,0,0,0,0,1,0,240.0,,0,2,77.75,0,1
1,1,121,2015,11,38,16,0,4,2,0.0,0,0,135,6,3,0,0,0,0,0,0,0,240.0,,0,2,74.0,0,0
1,0,104,2015,11,38,16,1,4,2,0.0,0,0,30,6,3,0,0,0,0,0,0,0,240.0,,0,2,66.6,0,0
1,0,1,2015,11,38,16,0,4,2,0.0,0,0,51,6,3,0,0,0,7,7,0,0,240.0,,0,2,150.25,0,0
1,0,56,2015,11,38,16,1,4,2,0.0,0,0,140,6,3,0,0,0,0,0,1,0,240.0,,0,2,92.0,1,2
1,0,114,2015,11,38,16,2,5,2,0.0,0,2,59,5,3,0,0,0,0,0,0,0,40.0,,0,0,85.5,0,0
1,0,85,2015,11,38,16,2,5,2,0.0,0,0,76,5,3,0,0,0,3,3,0,0,5.0,,0,2,71.2,0,1
1,1,65,2015,11,38,16,2,4,2,0.0,0,0,135,6,3,0,0,0,0,0,0,0,240.0,,0,2,81.5,0,1
1,0,85,2015,11,38,16,2,5,2,0.0,0,0,76,5,3,0,0,0,3,3,0,0,5.0,,0,2,71.2,0,1
1,1,95,2015,11,38,16,4,10,2,0.0,0,0,135,6,3,0,0,0,3,3,0,0,240.0,,0,2,89.0,0,0
1,1,97,2015,11,38,16,2,5,2,0.0,0,0,135,6,3,0,0,0,3,3,0,0,240.0,,0,2,89.0,0,1
1,1,97,2015,11,38,16,2,5,2,0.0,0,0,135,6,3,0,0,0,0,0,0,0,240.0,,0,2,66.6,0,1
1,0,6,2015,11,38,17,0,1,2,0.0,0,0,51,5,3,0,0,0,0,0,0,0,142.0,,0,0,71.2,1,0
1,0,78,2015,11,38,17,0,2,2,0.0,0,0,25,6,3,0,0,0,0,0,0,0,240.0,,0,2,66.6,1,2
1,0,1,2015,11,38,17,0,0,2,0.0,0,0,135,6,3,0,0,0,0,2,0,0,240.0,,0,2,0.0,0,2
1,0,50,2015,11,38,17,0,1,2,0.0,0,0,52,6,3,0,0,0,4,4,0,0,240.0,,0,2,111.0,1,2
1,0,0,2015,11,38,17,0,1,2,0.0,0,0,135,3,1,0,0,0,7,7,1,0,,,0,2,106.2,1,0
1,1,105,2015,11,38,17,0,2,2,0.0,0,0,135,6,3,0,0,0,0,0,0,0,240.0,,0,2,83.0,0,0
1,0,110,2015,11,38,17,1,3,1,0.0,0,0,123,3,1,0,0,0,0,0,1,0,250.0,,0,3,65.0,0,0
1,0,110,2015,11,38,17,1,3,1,0.0,0,0,123,3,1,0,0,0,0,0,1,0,250.0,,0,3,65.0,0,0
1,0,110,2015,11,38,17,1,3,1,0.0,0,0,123,3,1,0,0,0,0,0,1,0,250.0,,0,3,65.0,0,0
1,0,110,2015,11,38,17,1,3,1,0.0,0,0,123,3,1,0,0,0,0,0,1,0,250.0,,0,3,65.0,0,0
1,0,110,2015,11,38,17,1,3,1,0.0,0,0,123,3,1,0,0,0,0,0,1,0,250.0,,0,3,65.0,0,0
1,0,138,2015,11,38,17,2,3,2,0.0,0,0,59,6,3,0,0,0,0,0,0,0,240.0,,0,2,74.0,0,2
1,1,89,2015,11,38,17,2,3,2,0.0,0,0,135,6,3,0,0,0,3,3,0,0,240.0,,0,2,89.0,0,2
1,1,62,2015,11,38,17,2,3,2,0.0,0,0,135,6,3,0,0,0,0,0,0,0,240.0,,0,2,83.0,0,0
1,0,110,2015,11,38,17,1,3,1,0.0,0,0,123,3,1,0,0,0,0,0,1,0,250.0,,0,3,65.0,0,0
1,0,110,2015,11,38,17,1,3,1,0.0,0,0,123,3,1,0,0,0,0,0,0,0,250.0,,0,3,74.0,0,0
1,1,76,2015,11,38,17,2,5,2,0.0,0,0,135,6,3,0,0,0,0,0,0,0,240.0,,0,2,84.71,0,1
1,0,87,2015,11,38,17,2,5,2,0.0,0,0,59,5,3,0,0,0,0,0,0,0,175.0,,0,2,59.2,0,0
1,1,35,2015,11,38,17,2,5,2,0.0,0,0,135,6,3,0,0,0,2,2,0,0,242.0,,0,2,114.0,0,0
1,0,104,2015,11,38,17,2,5,2,0.0,0,0,59,5,3,0,0,0,3,3,0,0,2.0,,0,0,73.5,0,0
1,0,66,2015,11,38,17,2,5,2,0.0,0,0,31,6,3,0,0,0,4,4,0,0,240.0,,0,2,109.71,0,2
1,0,34,2015,11,38,17,2,5,2,0.0,0,0,59,3,1,0,0,0,0,0,0,0,250.0,,0,2,90.43,0,0
1,0,131,2015,11,38,17,4,10,2,0.0,0,0,59,5,3,0,0,0,4,4,0,0,142.0,,0,0,80.63,0,0
1,0,167,2015,11,38,17,4,10,2,0.0,0,0,59,5,3,0,0,0,3,3,0,0,243.0,,0,0,45.9,0,1
1,0,7,2015,11,38,18,0,2,2,0.0,0,0,135,3,1,0,0,0,5,5,0,0,250.0,,0,2,120.0,1,1
1,0,7,2015,11,38,18,0,2,2,0.0,0,0,135,3,1,0,0,0,5,5,0,0,250.0,,0,2,114.0,0,1
1,0,71,2015,11,38,18,1,2,2,0.0,0,0,51,6,3,0,0,0,0,0,0,0,240.0,,0,2,81.6,1,1
1,1,101,2015,11,38,18,1,2,2,0.0,0,0,135,6,3,0,0,0,0,0,0,0,240.0,,0,2,83.0,0,0
1,0,48,2015,11,38,18,1,2,2,0.0,0,0,29,3,1,0,0,0,5,6,1,0,250.0,,0,2,113.0,1,0
1,0,99,2015,11,38,18,1,2,2,0.0,0,0,59,5,3,0,0,0,4,5,0,0,142.0,,0,2,81.2,0,0
1,1,102,2015,11,38,18,1,2,2,0.0,0,0,135,5,3,0,0,0,0,0,0,0,142.0,,0,2,59.2,0,0
1,1,32,2015,11,38,18,2,2,2,0.0,0,0,135,3,1,0,0,0,2,2,0,0,250.0,,0,2,126.0,0,0
1,0,71,2015,11,38,18,2,3,2,0.0,1,2,51,5,3,0,0,0,3,3,1,0,196.0,,0,2,99.5,0,2
1,1,102,2015,11,38,18,2,4,2,0.0,0,0,135,6,3,0,0,0,4,4,0,0,240.0,,0,2,99.0,0,0
1,0,127,2015,11,38,18,2,5,2,0.0,0,0,123,5,3,0,0,0,3,3,0,0,71.0,,0,0,73.5,0,0
1,0,119,2015,11,38,18,2,5,2,0.0,0,2,101,5,3,0,0,0,0,0,0,0,171.0,,0,2,85.0,0,0
1,1,77,2015,11,38,18,2,7,2,0.0,0,0,135,6,3,0,0,0,0,0,0,0,240.0,,0,2,87.33,0,1
1,0,79,2015,11,38,18,3,7,2,0.0,0,0,59,5,3,0,0,0,3,3,0,0,115.0,,0,2,75.1,0,0
1,0,4,2015,11,38,19,1,1,1,0.0,0,2,56,5,3,0,0,0,0,0,0,0,248.0,,0,3,59.0,0,0
1,0,65,2015,11,38,19,2,2,2,0.0,0,0,135,6,3,0,0,0,4,4,0,0,240.0,,0,2,122.0,1,2
1,0,61,2015,11,38,19,2,2,2,0.0,0,0,81,3,1,0,0,0,4,4,0,0,250.0,,0,2,120.0,1,2
1,1,36,2015,11,38,19,2,2,2,0.0,0,2,135,6,3,0,0,0,2,2,0,0,242.0,,0,2,162.0,0,1
1,1,124,2015,11,38,19,2,3,2,0.0,0,0,135,6,3,0,0,0,0,0,0,0,240.0,,0,2,83.0,0,0
1,0,33,2015,11,38,19,2,3,2,0.0,0,0,59,6,3,0,0,0,6,6,0,0,240.0,,0,2,152.0,1,1
1,1,68,2015,11,38,19,2,3,2,0.0,0,0,135,6,3,0,0,0,4,4,0,0,240.0,,0,2,114.0,0,0
1,0,99,2015,11,38,19,2,3,2,0.0,0,2,135,6,3,0,0,0,3,5,0,0,240.0,,0,2,127.0,1,0
1,0,99,2015,11,38,19,2,5,2,0.0,0,0,76,5,3,0,0,0,3,3,0,0,156.0,,0,2,69.83,0,0
1,0,85,2015,11,38,19,2,5,2,0.0,0,2,59,5,3,0,0,0,3,3,0,0,40.0,,0,2,102.93,0,0
1,0,110,2015,11,38,19,2,5,2,0.0,0,0,59,6,3,0,0,0,3,4,0,0,241.0,,0,2,65.1,0,0
1,0,75,2015,11,38,19,2,5,3,0.0,0,0,59,5,3,0,0,0,3,3,1,0,156.0,,0,2,96.26,0,1
1,0,33,2015,11,38,19,2,5,2,0.0,0,2,59,6,3,0,0,0,2,2,0,0,241.0,,0,2,124.74,0,2
1,1,347,2015,11,38,19,2,5,26,0.0,0,0,135,5,3,0,0,0,0,0,0,0,96.0,,0,1,0.0,0,0
1,1,65,2015,11,38,19,2,5,2,0.0,0,0,135,6,3,0,0,0,0,0,0,0,240.0,,0,2,89.0,0,2
1,0,35,2015,11,38,19,2,5,2,0.0,0,0,59,6,3,0,0,0,3,3,0,0,240.0,,0,2,104.0,0,1
1,0,87,2015,11,38,19,4,6,2,0.0,0,0,76,5,3,0,0,0,0,0,0,0,175.0,,0,3,59.2,0,2
1,0,128,2015,11,38,19,4,6,2,0.0,0,2,59,6,3,0,0,0,6,6,1,0,241.0,,0,2,138.29,0,2
1,0,87,2015,11,38,19,4,6,2,0.0,0,0,76,5,3,0,0,0,0,0,0,0,175.0,,0,3,59.2,0,2
1,1,92,2015,11,38,19,4,10,2,2.0,0,0,135,6,3,0,0,0,6,6,0,0,240.0,,0,2,125.71,0,0
1,1,114,2015,11,39,20,2,2,2,0.0,0,0,135,6,3,0,0,0,0,0,0,0,240.0,,0,2,66.6,0,0
1,0,65,2015,11,39,20,2,2,2,0.0,0,0,76,3,1,0,0,0,4,4,0,0,250.0,,0,2,116.0,0,0
1,1,106,2015,11,39,20,2,4,2,2.0,0,2,135,6,3,0,0,0,0,0,0,0,240.0,,0,2,95.4,0,0
1,0,83,2015,11,39,20,2,5,2,0.0,0,2,51,5,3,0,0,0,3,4,0,0,134.0,,0,2,100.93,0,0
1,1,158,2015,11,39,20,2,5,2,0.0,0,0,135,6,3,0,0,0,0,0,0,0,240.0,,0,2,66.6,0,1
1,0,86,2015,11,39,20,2,5,2,0.0,0,0,59,5,3,0,0,0,3,3,0,0,40.0,,0,2,74.93,0,0
1,0,103,2015,11,39,20,2,5,2,0.0,0,0,76,6,3,0,0,0,0,4,0,0,241.0,,0,2,58.98,0,0
1,1,158,2015,11,39,20,2,5,2,0.0,0,0,135,6,3,0,0,0,0,0,0,0,240.0,,0,2,66.6,0,1
1,0,125,2015,11,39,20,2,5,2,0.0,0,0,59,5,3,0,0,0,0,0,1,0,243.0,,0,0,58.93,0,2
1,1,4,2015,11,39,20,4,6,3,0.0,0,0,135,5,3,0,0,0,3,3,0,0,261.0,,0,2,103.22,0,0
1,0,131,2015,11,39,20,4,7,2,0.0,0,0,59,5,3,0,0,0,0,0,1,0,40.0,,0,2,42.5,0,0
1,0,125,2015,11,39,20,4,7,2,0.0,0,2,59,5,3,0,0,0,0,0,0,0,243.0,,0,0,68.5,0,0
1,0,93,2015,11,39,20,4,7,2,0.0,0,0,59,5,3,0,0,0,3,3,0,0,243.0,,0,2,55.64,0,1
1,1,185,2015,11,39,21,1,1,2,0.0,0,2,135,4,3,0,0,0,0,0,0,0,208.0,,0,3,26.0,0,0
1,1,34,2015,11,39,21,1,1,1,0.0,0,2,135,4,3,0,0,0,0,0,0,0,208.0,,0,3,64.0,0,0
1,1,12,2015,11,39,21,1,1,1,0.0,0,2,135,4,3,0,0,0,0,0,0,0,208.0,,0,3,64.0,0,0
1,0,130,2015,11,39,21,1,1,2,0.0,0,0,135,6,3,0,0,0,0,5,0,0,240.0,,0,2,74.0,0,1
1,1,185,2015,11,39,21,1,1,2,0.0,0,2,135,4,3,0,0,0,0,0,0,0,208.0,,0,3,26.0,0,0
1,1,185,2015,11,39,21,1,1,2,0.0,0,2,135,4,3,0,0,0,0,0,0,0,208.0,,0,3,26.0,0,0
1,1,33,2015,11,39,21,1,1,2,0.0,0,2,135,4,3,0,0,0,0,0,0,0,208.0,,0,3,90.0,0,0
1,1,185,2015,11,39,21,1,1,2,0.0,0,2,135,4,3,0,0,0,0,0,0,0,208.0,,0,3,26.0,0,0
1,0,121,2015,11,39,21,1,1,2,0.0,0,0,135,6,3,0,0,0,4,6,0,0,242.0,,0,2,99.0,0,2
1,1,58,2015,11,39,21,1,1,2,0.0,0,2,135,4,3,0,0,0,0,0,0,0,208.0,,0,3,90.0,0,0
1,0,185,2015,11,39,21,1,1,2,0.0,0,2,56,4,3,0,0,0,0,0,0,0,208.0,,0,3,90.0,0,1
1,0,128,2015,11,39,21,1,2,2,0.0,0,0,76,6,3,0,0,0,0,7,0,0,240.0,,0,2,79.0,0,1
1,0,111,2015,11,39,21,1,2,2,0.0,0,0,123,6,3,0,0,0,3,3,1,0,240.0,,0,2,89.0,0,1
1,1,349,2015,11,39,21,1,3,27,0.0,0,2,135,3,1,0,0,0,0,0,0,0,,,0,1,0.0,0,0
1,1,73,2015,11,39,21,1,4,1,0.0,0,0,135,6,3,0,0,0,0,0,0,0,240.0,,0,2,72.0,0,0
1,1,61,2015,11,39,21,1,5,2,0.0,0,0,135,6,3,0,0,0,0,0,0,0,240.0,,0,2,89.0,0,1
1,0,94,2015,11,39,21,2,5,2,0.0,0,0,59,5,3,0,0,0,0,0,0,0,175.0,,0,2,59.02,0,0
1,0,96,2015,11,39,21,2,5,2,0.0,0,0,34,5,3,0,0,0,3,6,0,0,8.0,,0,2,79.5,1,1
1,0,109,2015,11,39,21,2,5,2,0.0,0,0,59,5,3,0,0,0,3,4,0,0,40.0,,0,0,74.93,0,0
1,0,65,2015,11,39,21,2,5,2,0.0,0,0,59,6,3,0,0,0,5,5,0,0,241.0,,0,2,89.14,0,1
1,0,124,2015,11,39,21,2,5,2,0.0,0,0,56,6,3,0,0,0,0,0,0,0,147.0,,0,2,53.69,1,0
1,0,84,2015,11,39,21,2,5,2,0.0,0,2,59,5,3,0,0,0,4,5,0,0,26.0,,0,2,114.48,0,0
1,0,95,2015,11,39,21,3,6,2,0.0,0,0,59,6,3,0,0,0,4,5,0,0,241.0,,0,2,73.98,0,0
1,0,90,2015,11,39,21,3,7,2,0.0,0,2,59,6,3,0,0,0,3,5,0,0,147.0,,0,2,99.5,0,1
1,0,90,2015,11,39,21,3,7,2,0.0,0,2,59,6,3,0,0,0,3,5,0,0,147.0,,0,2,99.5,0,1
1,0,112,2015,11,39,21,3,7,2,0.0,0,0,135,5,3,0,0,0,0,0,0,0,142.0,,0,2,59.2,0,0
1,0,130,2015,11,39,21,3,8,2,0.0,0,0,123,5,3,0,0,0,4,4,0,0,71.0,,0,0,65.64,0,0
1,0,78,2015,11,39,22,0,2,2,0.0,0,0,25,6,3,0,0,0,0,4,1,0,240.0,,0,2,89.0,1,1
1,1,36,2015,11,39,22,0,4,2,0.0,0,0,135,6,3,0,0,0,2,2,0,0,241.0,,0,2,79.0,0,1
1,1,159,2015,11,39,22,0,5,2,0.0,0,0,135,6,3,0,0,0,0,0,0,0,240.0,,0,2,74.0,0,2
1,1,75,2015,11,39,22,2,5,2,0.0,0,0,135,6,3,0,0,0,0,0,0,0,240.0,,0,2,84.71,0,2
1,0,158,2015,11,39,22,2,5,2,0.0,0,0,76,6,3,0,0,0,0,0,0,0,240.0,,0,2,75.43,0,3
1,0,108,2015,11,39,22,2,5,2,0.0,0,0,123,3,1,0,0,0,0,3,0,0,,,0,2,77.73,1,0
1,0,158,2015,11,39,22,2,5,2,0.0,0,0,76,6,3,0,0,0,0,0,0,0,240.0,,0,2,74.0,1,3
1,0,70,2015,11,39,22,2,5,2,0.0,0,0,76,5,3,0,0,0,4,4,0,0,5.0,,0,2,80.63,0,0
1,1,1,2015,11,39,22,0,3,2,0.0,0,0,43,3,1,0,0,0,4,4,0,0,,,0,2,129.0,0,0
1,0,76,2015,11,39,22,2,6,2,0.0,0,0,59,6,3,0,0,0,6,6,2,0,242.0,,0,2,140.63,1,1
1,1,183,2015,11,39,22,2,8,2,0.0,0,0,76,3,1,0,0,0,3,3,3,0,,,0,2,73.5,0,0
1,0,21,2015,11,39,23,0,1,2,0.0,0,2,43,2,0,0,0,0,0,2,1,0,,110.0,0,3,108.65,0,0
1,0,21,2015,11,39,23,0,1,2,0.0,0,0,135,2,0,0,0,0,0,2,0,0,,110.0,0,3,75.65,0,0
1,0,21,2015,11,39,23,0,1,2,0.0,0,2,43,2,0,0,0,0,0,2,0,0,,110.0,0,3,108.85,0,0
1,1,21,2015,11,39,23,0,1,2,0.0,0,0,135,2,0,0,0,0,0,2,0,0,,110.0,0,2,75.65,0,0
1,1,21,2015,11,39,23,0,1,2,0.0,0,0,135,2,0,0,0,0,0,2,0,0,,110.0,0,3,75.65,0,0
1,0,34,2015,11,39,23,0,2,2,0.0,0,0,133,6,3,0,0,0,4,4,0,0,240.0,,0,2,114.0,1,1
1,0,119,2015,11,39,23,0,2,2,0.0,0,0,169,6,3,0,0,0,0,4,0,0,241.0,,0,2,56.98,0,1
1,1,6,2015,11,39,23,0,2,1,0.0,0,0,135,5,3,0,0,0,5,5,0,0,156.0,,0,2,0.0,0,1
1,1,6,2015,11,39,23,0,2,1,0.0,0,0,135,5,3,0,0,0,5,5,0,0,156.0,,0,2,0.0,0,1
1,0,8,2015,11,39,23,1,4,2,0.0,0,0,81,5,3,0,0,0,0,1,0,0,175.0,,0,2,74.8,1,0
1,1,68,2015,11,39,23,0,4,2,0.0,0,0,135,6,3,0,0,0,0,0,0,0,240.0,,0,2,89.0,0,1
1,1,68,2015,11,39,23,0,4,2,0.0,0,0,135,6,3,0,0,0,4,4,0,0,240.0,,0,2,114.0,0,1
1,0,137,2015,11,39,23,2,5,2,0.0,0,0,76,6,3,0,0,0,0,0,0,0,240.0,,0,2,87.86,0,1
1,0,154,2015,11,39,23,2,6,3,0.0,0,0,76,3,1,0,0,0,6,6,1,0,,,0,2,130.5,0,1
1,0,76,2015,11,39,23,2,7,2,0.0,0,0,133,5,3,0,0,0,4,4,0,0,69.0,,0,0,64.0,0,0
1,0,21,2015,11,39,24,0,3,2,0.0,0,0,135,6,3,0,0,0,3,3,0,0,240.0,,0,2,112.0,1,0
1,0,71,2015,11,39,24,0,2,2,0.0,0,0,59,5,3,0,0,0,3,3,0,0,115.0,,0,0,75.5,0,0
1,0,36,2015,11,39,24,0,2,2,0.0,0,0,51,6,3,0,0,0,0,5,0,0,240.0,,0,2,89.0,0,3
1,0,64,2015,11,39,24,0,3,2,0.0,0,0,56,6,3,0,0,0,0,2,0,0,240.0,,0,2,80.1,0,2
1,0,29,2015,11,39,24,0,1,2,0.0,0,2,135,5,3,0,0,0,0,5,0,0,175.0,,0,2,97.2,0,0
1,1,352,2015,11,39,24,1,3,27,0.0,0,2,135,3,1,0,0,0,0,0,0,0,,,0,1,0.0,0,0
1,0,76,2015,11,39,24,2,3,2,0.0,0,0,81,6,3,0,0,0,0,4,0,0,240.0,,0,2,76.3,0,1
1,0,76,2015,11,39,24,2,3,2,0.0,0,0,135,6,3,0,0,0,0,4,0,0,240.0,,0,2,74.7,0,0
1,0,75,2015,11,39,24,2,5,2,0.0,0,0,59,5,3,0,0,0,3,3,0,0,40.0,,0,0,55.43,0,1
1,0,115,2015,11,39,24,2,5,2,0.0,0,0,76,6,3,0,0,0,0,3,0,0,147.0,,0,2,48.54,0,0
1,0,84,2015,11,39,24,2,8,2,0.0,0,0,59,5,3,0,0,0,4,4,0,0,40.0,,0,0,83.8,0,1
1,0,77,2015,11,39,24,4,10,2,0.0,0,0,59,5,3,0,0,0,0,0,0,0,243.0,,0,0,43.93,0,0
1,1,7,2015,11,39,25,0,1,3,0.0,0,0,135,3,1,0,0,0,2,6,0,0,,,0,2,129.0,0,0
1,0,0,2015,11,39,25,0,1,2,0.0,0,0,135,6,3,0,0,0,0,0,0,0,,240.0,0,1,80.1,0,0
1,0,16,2015,11,39,25,0,1,1,0.0,0,3,135,3,1,0,0,0,0,0,4,0,,312.0,0,3,80.0,0,1
1,0,2,2015,11,39,25,0,1,2,2.0,0,0,135,6,3,0,0,0,6,6,0,0,240.0,,0,2,173.0,1,0
1,0,16,2015,11,39,25,0,1,1,0.0,0,3,135,3,1,0,0,0,0,0,4,0,,312.0,0,3,80.0,0,1
1,0,0,2015,11,39,25,0,1,2,0.0,0,0,51,3,1,0,0,0,0,0,0,0,,,0,2,89.0,0,0
1,0,9,2015,11,39,25,0,2,2,0.0,0,0,51,6,3,0,0,0,3,4,0,0,240.0,,0,2,108.5,1,1
1,0,8,2015,11,39,25,0,2,2,0.0,0,2,51,6,3,0,0,0,4,4,1,0,240.0,,0,2,136.5,0,1
1,1,109,2015,11,39,25,0,2,2,0.0,0,0,135,6,3,0,0,0,0,0,0,0,240.0,,0,2,83.0,0,0
1,0,9,2015,11,39,25,0,2,2,0.0,0,0,135,6,3,0,0,0,3,4,0,0,240.0,,0,2,96.5,0,1
1,0,8,2015,11,39,25,0,2,2,0.0,0,2,51,6,3,0,0,0,4,4,1,0,240.0,,0,2,142.5,1,1
1,1,60,2015,11,39,25,2,3,2,0.0,0,0,135,6,3,0,0,0,3,3,0,0,240.0,,0,2,95.0,0,2
1,0,79,2015,11,39,25,2,3,2,0.0,0,0,76,3,1,0,0,0,3,3,0,0,250.0,,0,2,89.0,0,1
1,0,79,2015,11,39,25,2,3,2,0.0,0,0,76,3,1,0,0,0,3,3,0,0,250.0,,0,2,89.0,0,1
1,1,67,2015,11,39,25,2,4,2,0.0,0,2,135,6,3,0,0,0,0,0,0,0,240.0,,0,2,109.0,0,2
1,1,74,2015,11,39,25,2,5,2,0.0,0,0,135,6,3,0,0,0,3,3,0,0,240.0,,0,2,89.06,0,3
1,0,119,2015,11,39,25,2,5,2,0.0,0,0,59,5,3,0,0,0,3,3,0,0,171.0,,0,2,72.14,0,0
1,0,51,2015,11,39,25,2,5,2,0.0,0,0,76,6,3,0,0,0,3,3,0,0,240.0,,0,2,90.49,0,1
1,0,106,2015,11,39,25,2,5,2,0.0,0,0,59,6,3,0,0,0,0,0,0,0,241.0,,0,2,53.68,0,1
1,0,119,2015,11,39,25,2,6,2,0.0,0,0,59,6,3,0,0,0,5,5,0,0,241.0,,0,2,85.5,1,1
1,1,74,2015,11,39,25,2,5,2,0.0,0,0,135,6,3,0,0,0,3,3,0,0,240.0,,0,2,89.06,0,3
1,0,39,2015,11,39,26,0,1,2,0.0,0,0,135,6,3,0,0,0,3,3,0,0,241.0,,0,2,80.08,0,1
1,0,1,2015,11,39,26,1,1,2,0.0,0,0,51,6,3,0,0,0,0,7,0,0,240.0,,0,2,89.0,0,1
1,1,37,2015,11,39,26,1,1,2,0.0,0,0,135,6,3,0,0,0,4,4,0,0,240.0,,0,2,114.0,0,3
1,1,37,2015,11,39,26,1,1,2,1.0,0,0,135,6,3,0,0,0,3,3,0,0,240.0,,0,2,119.0,0,4
1,0,10,2015,11,39,26,1,1,2,0.0,0,0,59,2,0,0,0,0,4,5,0,0,,110.0,0,3,104.72,0,0
1,1,75,2015,11,39,26,1,1,2,0.0,0,0,135,6,3,0,0,0,0,0,0,0,240.0,,0,2,73.35,0,1
1,1,59,2015,11,39,26,1,1,2,0.0,0,2,135,5,3,0,0,0,0,0,0,0,208.0,,0,2,74.0,0,0
1,1,61,2015,11,39,26,2,1,2,0.0,0,0,135,6,3,0,0,0,0,0,0,0,240.0,,0,2,79.0,0,0
1,1,61,2015,11,39,26,2,1,2,0.0,0,0,135,6,3,0,0,0,0,0,0,0,240.0,,0,2,79.0,0,2
1,1,61,2015,11,39,26,2,1,2,0.0,0,0,135,6,3,0,0,0,3,3,0,0,242.0,,0,2,94.0,0,1
1,0,44,2015,11,39,26,2,1,2,0.0,0,0,59,3,1,0,0,0,4,6,0,0,250.0,,0,2,116.0,0,1
1,0,47,2015,11,39,26,2,3,2,0.0,0,0,123,6,3,0,0,0,3,3,1,0,242.0,,0,2,82.8,0,1
1,0,64,2015,11,39,26,2,4,2,0.0,0,0,76,6,3,0,0,0,0,0,0,0,240.0,,0,2,73.5,0,1
1,1,354,2015,11,39,26,2,5,26,0.0,0,0,135,5,3,0,0,0,0,0,0,0,96.0,,0,1,0.0,0,0
1,0,98,2015,11,39,26,2,5,2,0.0,0,0,135,3,1,0,0,0,6,6,0,0,,,0,2,128.42,1,0
1,0,136,2015,11,39,26,2,5,2,0.0,0,0,34,5,3,0,0,0,0,0,0,0,36.0,,0,2,55.09,0,0
1,0,116,2015,11,39,26,2,5,2,0.0,0,0,59,6,3,0,0,0,4,5,0,0,240.0,,0,2,93.86,0,0
1,1,54,2015,11,39,26,2,6,2,0.0,0,0,135,6,3,0,0,0,0,0,0,0,242.0,,0,2,69.13,0,1
1,0,41,2015,11,40,27,2,2,2,0.0,0,0,34,6,3,0,0,0,4,4,0,0,242.0,,0,2,122.0,1,1
1,0,11,2015,11,40,27,1,0,2,0.0,0,0,43,2,0,0,0,0,3,3,0,0,,110.0,0,3,88.4,0,0
1,0,32,2015,11,40,27,1,0,2,0.0,0,0,43,5,3,0,0,0,4,4,0,0,251.0,,0,2,94.5,0,0
1,1,73,2015,11,40,27,2,1,2,0.0,0,0,135,6,3,0,0,0,0,0,0,0,240.0,,0,2,78.6,0,2
1,0,53,2015,11,40,27,2,3,2,0.0,0,0,59,6,3,0,0,0,3,4,0,0,240.0,,0,2,85.08,0,2
1,0,100,2015,11,40,27,2,5,2,0.0,0,0,59,5,3,0,0,0,3,3,0,0,243.0,,0,2,55.43,0,0
1,0,73,2015,11,40,27,2,5,2,0.0,0,2,59,5,3,0,0,0,4,4,0,0,40.0,,0,0,93.43,0,0
1,0,177,2015,11,40,27,2,5,2,0.0,0,0,59,5,3,0,0,0,0,0,0,0,243.0,,0,0,36.13,0,0
1,0,51,2015,11,40,27,2,5,2,0.0,0,0,59,5,3,0,0,0,3,3,0,0,243.0,,0,0,55.43,0,1
1,1,81,2015,11,40,27,2,5,2,0.0,0,0,135,6,3,0,0,0,0,0,0,0,240.0,,0,2,66.29,0,0
1,0,47,2015,11,40,27,2,5,2,0.0,0,2,76,5,3,0,0,0,3,3,0,0,142.0,,0,0,90.74,0,0
1,1,81,2015,11,40,27,2,5,2,0.0,0,0,135,6,3,0,0,0,0,0,0,0,240.0,,0,2,66.29,0,0
1,0,163,2015,11,40,27,2,5,2,0.0,0,0,59,5,3,0,0,0,0,0,0,0,243.0,,0,0,38.25,0,0
1,0,59,2015,11,40,27,2,5,2,0.0,0,2,76,6,3,0,0,0,3,3,0,0,240.0,,0,2,106.31,0,2
1,1,55,2015,11,40,27,3,5,2,0.0,0,0,135,3,1,0,0,0,3,3,0,0,250.0,,0,2,74.2,0,0
1,0,97,2015,11,40,27,4,6,2,0.0,0,2,76,6,3,0,0,0,0,0,1,0,240.0,,0,2,93.2,0,0
1,0,85,2015,11,40,27,4,8,2,0.0,0,0,76,6,3,0,0,0,4,4,0,0,240.0,,0,2,83.67,0,1
1,0,177,2015,11,40,27,4,10,1,0.0,0,2,59,5,3,0,0,0,0,0,0,0,243.0,,0,0,42.23,0,0
1,0,0,2015,11,40,28,1,0,1,0.0,0,0,59,6,3,0,0,0,0,0,0,0,241.0,,0,2,68.53,1,1
1,0,0,2015,11,40,28,1,1,2,0.0,0,0,56,6,3,0,0,0,0,0,0,0,240.0,,0,2,86.1,1,2
1,1,80,2015,11,40,28,1,3,2,0.0,0,0,135,6,3,0,0,0,4,4,0,0,241.0,,0,2,63.14,0,1
1,1,77,2015,11,40,28,1,3,2,0.0,0,0,135,5,3,0,0,0,4,4,0,0,175.0,,0,2,74.6,0,1
1,0,69,2015,11,40,28,1,3,1,0.0,0,0,101,6,3,0,0,0,0,0,0,0,240.0,,0,2,60.5,0,2
1,1,80,2015,11,40,28,1,3,2,0.0,0,0,135,6,3,0,0,0,0,0,0,0,240.0,,0,2,69.5,0,2
1,1,77,2015,11,40,28,1,3,2,0.0,0,0,135,6,3,0,0,0,3,3,0,0,241.0,,0,2,55.44,0,1
1,0,56,2015,11,40,28,1,3,2,0.0,0,0,59,5,3,0,0,0,0,0,0,0,115.0,,0,2,44.5,0,0
1,1,77,2015,11,40,28,1,3,2,0.0,0,0,135,6,3,0,0,0,3,3,0,0,241.0,,0,2,55.44,0,1
1,1,80,2015,11,40,28,1,3,1,0.0,0,0,135,6,3,0,0,0,3,3,0,0,241.0,,0,2,55.44,0,1
1,1,80,2015,11,40,28,1,3,2,0.0,0,0,135,6,3,0,0,0,3,3,0,0,241.0,,0,2,55.44,0,1
1,1,98,2015,11,40,28,1,3,2,0.0,0,2,135,6,3,0,0,0,0,0,0,0,240.0,,0,2,99.5,0,0
1,1,56,2015,11,40,28,2,5,2,0.0,0,2,135,6,3,0,0,0,3,3,0,0,240.0,,0,2,108.09,0,2
1,0,60,2015,11,40,28,2,5,2,0.0,0,2,59,5,3,0,0,0,3,3,0,0,40.0,,0,0,68.0,0,1
1,0,77,2015,11,40,28,2,5,2,0.0,0,2,133,6,3,0,0,0,3,3,0,0,241.0,,0,2,78.1,0,2
1,0,53,2015,11,40,28,2,5,2,0.0,0,2,12,5,3,0,0,0,0,0,0,0,69.0,,0,0,70.5,0,0
1,0,72,2015,11,40,28,3,5,2,0.0,0,0,51,6,3,0,0,0,3,3,0,0,240.0,,0,2,76.5,1,2
1,1,119,2015,11,40,28,1,4,2,0.0,0,0,135,6,3,0,0,0,0,0,0,0,240.0,,0,2,66.8,0,0
1,0,164,2015,11,40,28,3,9,2,0.0,0,0,133,5,3,0,0,0,0,3,0,0,6.0,,0,2,39.24,0,0
1,1,64,2015,11,40,29,0,5,1,0.0,0,0,135,6,3,0,0,0,0,0,0,0,240.0,,0,2,48.78,0,1
1,1,89,2015,11,40,29,1,5,2,0.0,0,0,135,6,3,0,0,0,0,0,0,0,240.0,,0,2,62.0,0,2
1,1,57,2015,11,40,29,2,5,1,0.0,0,2,135,5,3,0,0,0,0,0,0,0,40.0,,0,0,54.4,0,1
1,0,54,2015,11,40,29,2,5,2,0.0,0,0,76,5,3,0,0,0,3,3,0,0,171.0,,0,2,56.59,0,0
1,0,172,2015,11,40,29,2,5,2,0.0,0,0,76,5,3,0,0,0,4,4,0,0,8.0,,0,0,59.03,0,2
1,0,60,2015,11,40,29,0,4,2,0.0,0,0,59,5,3,0,0,0,3,6,0,0,5.0,,0,2,62.0,0,0
1,1,13,2015,11,40,29,2,5,2,0.0,0,1,135,3,1,0,0,0,5,5,3,0,250.0,,0,2,148.12,0,0
1,0,165,2015,11,40,29,2,5,2,0.0,0,0,76,5,3,0,0,0,0,0,0,0,175.0,,0,2,44.5,0,0
1,1,57,2015,11,40,29,2,5,1,0.0,0,2,135,5,3,0,0,0,0,0,0,0,40.0,,0,0,54.4,0,1
1,0,55,2015,11,40,29,2,5,2,0.0,0,0,59,5,3,0,0,0,0,0,0,0,69.0,,0,0,44.5,0,1
1,1,76,2015,11,40,29,2,6,2,0.0,0,0,135,6,3,0,0,0,0,0,0,0,240.0,,0,2,81.45,0,1
1,0,81,2015,11,40,29,2,6,2,0.0,0,0,76,6,3,0,0,0,4,4,0,0,240.0,,0,2,81.75,0,3
1,1,76,2015,11,40,29,2,6,2,0.0,0,0,135,6,3,0,0,0,0,0,0,0,240.0,,0,2,81.45,0,1
1,0,96,2015,11,40,29,2,7,2,0.0,0,0,76,5,3,0,0,0,3,3,0,0,36.0,,0,2,48.8,0,2
1,0,61,2015,11,40,29,2,10,2,0.0,0,2,23,6,3,0,0,0,0,0,0,0,240.0,,0,2,80.1,0,2
1,0,19,2015,11,40,30,0,1,2,0.0,0,0,135,3,1,0,0,0,5,5,1,0,,,0,2,106.0,0,1
1,0,50,2015,11,40,30,0,1,1,1.0,0,0,135,3,1,0,0,0,0,4,0,0,,,0,2,104.0,0,0
1,0,0,2015,11,40,30,0,1,2,0.0,0,0,43,2,0,0,0,0,6,6,0,0,110.0,,0,2,90.1,0,0
1,0,2,2015,11,40,30,0,2,2,0.0,0,0,135,2,0,0,0,0,0,7,1,0,,318.0,0,2,55.5,0,1
1,0,2,2015,11,40,30,0,3,1,0.0,0,2,56,5,3,0,0,0,0,0,0,0,256.0,,0,3,58.5,0,0
1,0,2,2015,11,40,30,0,3,1,0.0,0,2,56,5,3,0,0,0,0,0,0,0,256.0,,0,3,58.5,0,0
1,0,55,2015,11,40,30,0,3,2,0.0,0,2,56,5,3,0,0,0,0,2,0,0,256.0,,0,3,73.0,0,0
1,0,56,2015,11,40,30,0,3,2,0.0,0,0,99,6,3,0,0,0,0,7,0,0,240.0,,0,2,55.8,0,2
1,0,2,2015,11,40,30,0,3,1,0.0,0,2,56,5,3,0,0,0,0,0,0,0,256.0,,0,3,58.5,0,0
1,0,2,2015,11,40,30,0,3,1,0.0,0,2,56,5,3,0,0,0,0,0,0,0,256.0,,0,3,58.5,0,0
1,0,55,2015,11,40,30,0,3,2,0.0,0,2,56,5,3,0,0,0,0,0,0,0,256.0,,0,3,73.0,0,0
1,0,55,2015,11,40,30,0,3,2,0.0,0,2,56,5,3,0,0,0,0,2,0,0,256.0,,0,3,73.0,0,0
1,1,55,2015,11,40,30,0,3,1,0.0,0,2,135,5,3,0,0,0,0,0,0,0,256.0,,0,3,67.5,0,0
1,1,2,2015,11,40,30,0,3,1,0.0,0,2,135,5,3,0,0,0,0,0,0,0,256.0,,0,3,13.0,0,0
1,0,54,2015,11,40,30,2,4,2,0.0,0,0,135,6,3,0,0,0,3,4,0,0,240.0,,0,2,64.33,0,1
1,1,142,2015,11,40,30,2,4,2,0.0,0,0,135,6,3,0,0,0,4,4,0,0,240.0,,0,2,79.83,0,1
1,0,51,2015,11,40,30,2,4,2,0.0,1,2,135,6,3,0,0,0,3,4,0,0,240.0,,0,2,100.33,1,2
1,0,49,2015,11,40,30,2,5,2,0.0,0,0,56,5,3,0,0,0,0,0,0,0,171.0,,0,2,44.5,0,0
1,0,93,2015,11,40,30,2,5,2,0.0,0,2,59,5,3,0,0,0,0,0,0,0,2.0,,0,2,71.93,0,0
1,0,48,2015,11,40,30,2,5,2,0.0,0,0,76,5,3,0,0,0,3,3,0,0,171.0,,0,2,52.73,0,0
1,1,68,2015,11,40,30,2,5,2,0.0,0,0,135,6,3,0,0,0,0,0,0,0,240.0,,0,2,58.57,0,0
1,0,92,2015,11,40,30,2,5,2,0.0,0,0,43,5,3,0,0,0,0,0,0,0,171.0,,0,2,48.0,0,1
1,0,97,2015,11,40,30,2,5,2,0.0,0,0,139,6,3,0,0,0,4,4,0,0,241.0,,0,2,62.43,1,2
1,0,48,2015,11,40,30,2,5,2,0.0,0,0,135,5,3,0,0,0,3,3,0,0,171.0,,0,2,52.73,0,0
1,0,58,2015,11,40,30,2,5,2,0.0,0,0,59,6,3,0,0,0,0,0,0,0,241.0,,0,2,44.27,0,1
1,1,70,2015,11,40,30,2,5,2,0.0,0,0,135,6,3,0,0,0,0,0,0,0,240.0,,0,2,58.57,0,0
1,0,41,2015,11,40,30,4,10,1,0.0,0,0,59,5,3,0,0,0,0,0,0,0,142.0,,0,0,54.4,0,0
1,0,0,2015,10,40,1,0,1,3,0.0,0,0,100,6,3,0,0,0,0,6,0,0,,,0,3,120.0,0,2
1,1,63,2015,10,40,1,0,2,2,0.0,0,0,135,6,3,0,0,0,4,4,0,0,240.0,,0,2,68.4,0,2
1,0,44,2015,10,40,1,0,3,2,1.0,0,2,135,3,1,0,0,0,3,3,0,0,,,0,2,118.5,0,2
1,0,19,2015,10,40,1,0,3,2,0.0,0,0,56,6,3,0,0,0,4,5,0,0,240.0,,0,2,87.0,0,1
1,0,57,2015,10,40,1,0,3,1,0.0,0,0,123,6,3,0,0,0,0,2,0,0,240.0,,0,2,48.3,1,2
1,0,24,2015,10,40,1,0,3,1,0.0,0,0,56,6,3,0,0,0,4,4,0,0,240.0,,0,2,93.0,1,2
1,0,22,2015,10,40,1,1,3,2,0.0,0,0,56,3,1,0,0,0,4,4,0,0,250.0,,0,2,65.0,0,1
1,0,51,2015,10,40,1,1,3,2,0.0,0,0,56,6,3,0,0,0,0,3,0,0,240.0,,0,2,56.0,0,3
1,0,23,2015,10,40,1,1,3,2,0.0,0,0,56,3,1,0,0,0,4,4,0,0,250.0,,0,2,65.0,0,1
1,0,79,2015,10,40,1,2,3,2,0.0,0,0,76,5,3,0,0,0,4,4,0,0,115.0,,0,0,66.0,0,0
1,0,48,2015,10,40,1,2,3,2,0.0,0,2,15,6,3,0,0,0,0,2,1,0,240.0,,0,2,86.0,0,1
1,0,51,2015,10,40,1,2,3,1,1.0,0,0,135,3,1,0,0,0,3,3,0,0,,,0,2,74.4,0,0
1,0,78,2015,10,40,1,2,5,2,0.0,0,2,59,5,3,0,0,0,0,0,0,0,314.0,,0,0,74.23,0,0
1,0,24,2015,10,40,1,2,5,2,0.0,0,0,51,3,1,0,0,0,5,5,0,0,250.0,,0,2,103.0,1,1
1,0,45,2015,10,40,1,2,5,2,0.0,0,2,59,5,3,0,0,0,3,3,0,0,2.0,,0,0,82.0,0,0
1,1,24,2015,10,40,1,2,5,1,0.0,0,0,135,6,3,0,0,0,0,0,0,0,240.0,,0,2,77.0,0,0
1,0,44,2015,10,40,1,2,5,2,0.0,0,2,59,5,3,0,0,0,0,0,0,0,243.0,,0,0,69.93,0,1
1,0,78,2015,10,40,1,2,5,2,0.0,0,0,59,5,3,0,0,0,0,0,0,0,243.0,,0,0,43.93,0,0
1,0,45,2015,10,40,1,2,5,2,0.0,0,0,76,6,3,0,0,0,0,0,0,0,240.0,,0,2,57.43,0,2
1,0,115,2015,10,40,1,2,5,2,0.0,0,0,59,6,3,0,0,0,0,0,0,0,147.0,,0,2,36.74,0,1
1,0,50,2015,10,40,1,2,5,2,0.0,0,2,59,5,3,0,0,0,0,0,0,0,243.0,,0,2,63.08,0,2
1,0,45,2015,10,40,1,2,5,2,0.0,0,0,76,6,3,0,0,0,0,0,0,0,240.0,,0,2,47.0,0,2
1,1,103,2015,10,40,1,2,5,2,0.0,0,0,135,6,3,0,0,0,0,0,0,0,240.0,,0,2,50.4,0,0
1,0,145,2015,10,40,1,2,5,2,0.0,0,0,59,5,3,0,0,0,3,3,0,0,243.0,,0,0,55.43,0,0
1,0,113,2015,10,40,2,0,2,2,0.0,0,0,6,6,3,0,0,0,4,5,0,0,240.0,,0,2,76.0,1,0
1,0,102,2015,10,40,2,0,2,2,0.0,0,0,135,6,3,0,0,0,0,3,0,0,240.0,,0,2,56.0,1,0
1,0,113,2015,10,40,2,0,2,2,0.0,0,0,6,6,3,0,0,0,4,5,0,0,240.0,,0,2,78.0,0,0
1,0,0,2015,10,40,2,0,2,2,0.0,0,0,51,3,1,0,0,0,0,7,0,0,,,0,2,0.0,0,2
1,1,29,2015,10,40,2,1,2,2,1.0,0,0,135,3,1,0,0,0,6,6,1,0,250.0,,0,2,117.0,0,0
1,1,115,2015,10,40,2,2,2,2,2.0,0,0,135,6,3,0,0,0,6,6,0,0,240.0,,0,2,106.0,0,0
1,0,73,2015,10,40,2,2,2,2,0.0,0,0,76,6,3,0,0,0,0,4,0,0,240.0,,0,2,47.0,0,0
1,0,115,2015,10,40,2,2,2,2,0.0,0,0,76,6,3,0,0,0,0,4,1,0,240.0,,0,2,56.0,0,1
1,0,115,2015,10,40,2,2,3,2,2.0,0,0,76,6,3,0,0,0,6,6,0,0,240.0,,0,2,106.0,0,1
1,0,20,2015,10,40,2,2,5,2,0.0,0,0,101,5,3,0,0,0,0,0,0,0,171.0,,0,3,44.5,0,1
1,0,56,2015,10,40,2,2,5,1,0.0,0,2,123,5,3,0,0,0,4,4,0,0,71.0,,0,0,77.0,0,0
1,0,50,2015,10,40,2,2,5,2,0.0,0,0,76,6,3,0,0,0,0,7,0,0,240.0,,0,2,50.4,0,2
1,0,20,2015,10,40,2,2,5,2,0.0,0,0,101,5,3,0,0,0,0,0,0,0,171.0,,0,2,44.5,0,0
1,0,53,2015,10,40,2,2,5,2,0.0,0,0,123,6,3,0,0,0,3,3,0,0,240.0,,0,2,59.4,0,1
1,0,46,2015,10,40,2,2,5,2,0.0,0,0,123,5,3,0,0,0,3,3,1,0,71.0,,0,2,55.43,0,0
1,1,23,2015,10,40,2,2,5,2,0.0,0,0,135,5,3,0,0,0,0,0,0,0,171.0,,0,2,44.5,0,0
1,0,63,2015,10,40,2,2,5,1,0.0,0,2,59,5,3,0,0,0,0,0,0,0,40.0,,0,0,42.23,0,0
1,0,200,2015,10,40,2,2,5,2,0.0,0,2,76,5,3,0,0,0,3,3,0,0,115.0,,0,2,72.0,0,0
1,0,56,2015,10,40,2,2,6,2,0.0,0,0,123,6,3,0,0,0,3,3,0,0,240.0,,0,2,60.9,1,3
1,0,49,2015,10,40,2,2,6,2,0.0,0,0,100,6,3,0,0,0,3,3,0,0,240.0,,0,2,67.25,0,2
1,0,56,2015,10,40,2,2,6,2,0.0,0,0,123,6,3,0,0,0,3,3,0,0,240.0,,0,2,63.9,0,3
1,0,0,2015,10,40,3,0,1,1,0.0,0,0,12,3,1,0,0,0,0,2,0,0,,,0,2,74.0,1,0
1,1,87,2015,10,40,3,0,1,2,0.0,0,0,135,4,3,0,0,0,0,0,0,1,96.0,,0,2,36.05,0,0
1,1,87,2015,10,40,3,0,1,2,0.0,0,0,135,4,3,0,0,0,0,0,0,1,96.0,,0,2,36.05,0,0
1,1,87,2015,10,40,3,0,1,2,0.0,0,0,135,4,3,0,0,0,0,0,0,1,96.0,,0,2,36.05,0,0
1,1,87,2015,10,40,3,0,1,2,0.0,0,0,135,4,3,0,0,0,0,0,0,1,96.0,,0,2,36.05,0,0
1,0,114,2015,10,40,3,0,1,1,0.0,0,0,59,6,3,0,0,0,0,0,0,0,240.0,,0,3,42.3,0,0
1,0,1,2015,10,40,3,0,1,1,0.0,0,0,43,3,1,0,0,0,0,0,0,0,250.0,,0,2,90.0,0,0
1,0,5,2015,10,40,3,0,1,2,0.0,0,0,135,3,1,0,0,0,0,2,0,0,,,0,2,67.0,0,0
1,0,1,2015,10,40,3,0,1,2,0.0,0,0,135,3,1,0,0,0,4,6,0,0,,,0,2,110.0,1,0
1,1,87,2015,10,40,3,0,1,2,0.0,0,0,135,4,3,0,0,0,0,0,0,1,96.0,,0,2,36.05,0,0
1,1,87,2015,10,40,3,0,1,2,0.0,0,0,135,4,3,0,0,0,0,0,0,1,96.0,,0,2,36.05,0,0
1,1,4,2015,10,40,3,1,1,2,0.0,0,0,135,5,3,0,0,0,0,0,0,0,175.0,,0,2,58.0,0,1
1,1,4,2015,10,40,3,1,1,2,0.0,0,0,135,5,3,0,0,0,0,0,0,0,175.0,,0,2,58.0,0,1
1,0,192,2015,10,40,3,2,2,1,0.0,0,0,59,6,3,0,0,0,0,0,0,0,240.0,,0,3,38.07,0,0
1,0,192,2015,10,40,3,2,2,1,0.0,0,0,59,6,3,0,0,0,0,0,0,0,240.0,,0,3,40.07,0,0
1,0,192,2015,10,40,3,2,2,1,0.0,0,0,59,6,3,0,0,0,0,2,0,0,240.0,,0,3,38.07,0,0
1,0,39,2015,10,40,3,2,2,2,0.0,0,2,76,5,3,0,0,0,0,0,0,0,314.0,,0,0,81.6,0,0
1,0,25,2015,10,40,3,2,2,1,0.0,0,0,127,6,3,0,0,0,0,0,0,0,241.0,,0,2,59.29,0,1
1,1,192,2015,10,40,3,2,2,1,0.0,0,0,135,6,3,0,0,0,0,0,0,0,240.0,,0,2,38.07,0,0
1,0,192,2015,10,40,3,2,2,1,0.0,0,0,59,6,3,0,0,0,0,0,0,0,240.0,,0,3,40.07,0,0
1,0,53,2015,10,40,3,2,2,2,0.0,0,0,76,6,3,0,0,0,3,5,0,0,240.0,,0,2,59.4,0,1
1,1,21,2015,10,40,3,2,3,2,0.0,0,0,135,6,3,0,0,0,0,0,0,0,240.0,,0,2,77.0,0,0
1,0,19,2015,10,40,3,2,5,2,0.0,0,0,15,6,3,0,0,0,0,0,0,0,240.0,,0,2,74.14,0,1
1,0,10,2015,10,40,3,2,1,2,0.0,0,0,51,6,3,0,0,0,4,4,0,0,240.0,,0,2,116.0,1,1
1,0,61,2015,10,40,3,2,1,2,0.0,0,2,135,6,3,0,0,0,0,0,0,0,240.0,,0,2,86.0,0,1
1,1,72,2015,10,40,3,2,2,2,0.0,0,0,135,6,3,0,0,0,0,0,0,0,240.0,,0,2,50.4,0,2
1,0,70,2015,10,40,3,2,5,2,0.0,0,0,43,6,3,0,0,0,0,0,0,0,241.0,,0,2,40.96,0,0
1,0,46,2015,10,40,3,2,5,2,0.0,0,0,135,5,3,0,0,0,0,0,0,0,36.0,,0,2,44.8,1,0
1,0,38,2015,10,40,3,2,5,2,0.0,0,0,59,3,1,0,0,0,5,5,0,0,250.0,,0,2,93.43,1,0
1,0,53,2015,10,40,3,2,5,2,0.0,0,0,59,5,3,0,0,0,3,3,0,0,40.0,,0,0,47.33,0,0
1,0,51,2015,10,40,3,2,5,2,0.0,0,0,59,6,3,0,0,0,6,6,0,0,241.0,,0,2,83.05,0,2
1,0,124,2015,10,40,3,2,5,2,0.0,0,0,76,6,3,0,0,0,4,5,3,0,240.0,,0,2,87.43,0,0
1,1,361,2015,10,40,3,2,5,26,0.0,0,0,135,5,3,0,0,0,0,0,0,0,96.0,,0,1,0.0,0,0
1,0,25,2015,10,40,3,2,5,2,0.0,0,0,59,6,3,0,0,0,0,0,0,0,240.0,,0,2,68.16,0,1
1,1,49,2015,10,40,3,2,5,2,0.0,0,0,135,6,3,0,0,0,3,3,1,0,240.0,,0,2,66.0,0,1
1,0,53,2015,10,40,3,2,5,2,0.0,0,0,59,6,3,0,0,0,0,0,0,0,240.0,,0,2,56.0,0,2
1,0,14,2015,10,40,3,2,5,2,0.0,0,0,76,3,1,0,0,0,6,6,0,0,250.0,,0,2,136.71,0,0
1,0,163,2015,10,40,3,2,5,2,0.0,0,0,56,3,1,0,0,0,3,3,1,0,,,0,2,51.3,0,1
1,0,2,2015,10,41,4,1,0,2,0.0,0,2,43,2,0,0,0,0,0,4,0,0,110.0,,0,2,92.6,0,0
1,0,1,2015,10,41,4,1,0,1,0.0,0,0,135,6,3,0,0,0,0,0,1,0,240.0,,0,2,47.0,0,0
1,0,0,2015,10,41,4,2,0,2,0.0,0,0,162,6,3,0,0,0,0,3,0,0,240.0,,0,3,56.0,0,0
1,1,338,2015,10,41,4,2,0,55,0.0,0,2,135,3,1,0,0,0,0,0,0,0,,,0,1,0.0,0,0
1,0,0,2015,10,41,4,2,0,2,0.0,0,0,162,6,3,0,0,0,0,3,0,0,240.0,,0,3,56.0,0,0
1,1,34,2015,10,41,4,2,2,2,2.0,0,0,135,6,3,0,0,0,6,6,0,0,240.0,,0,2,117.0,0,0
1,1,34,2015,10,41,4,2,2,2,0.0,0,0,135,6,3,0,0,0,6,6,0,0,242.0,,0,2,122.0,0,0
1,0,81,2015,10,41,4,2,5,2,0.0,0,0,76,5,3,0,0,0,0,4,0,0,175.0,,0,2,63.66,0,0
1,0,26,2015,10,41,4,2,5,2,0.0,0,0,59,3,1,0,0,0,0,0,0,0,250.0,,0,2,68.43,0,1
1,0,75,2015,10,41,4,4,6,2,0.0,0,0,76,6,3,0,0,0,0,0,1,0,240.0,,0,2,60.4,0,1
1,0,54,2015,10,41,4,4,7,2,0.0,0,2,59,5,3,0,0,0,4,4,0,0,40.0,,0,0,78.2,0,0
1,1,170,2015,10,41,4,4,8,2,0.0,0,0,34,4,3,0,0,0,0,0,0,1,15.0,,0,2,44.5,0,0
1,1,170,2015,10,41,4,4,8,2,0.0,0,0,34,4,3,0,0,0,0,0,0,1,15.0,,0,2,44.5,0,0
1,1,170,2015,10,41,4,4,8,2,0.0,0,0,34,4,3,0,0,0,0,0,0,1,15.0,,0,2,44.5,0,0
1,1,170,2015,10,41,4,4,8,2,0.0,0,0,34,4,3,0,0,0,0,0,0,1,15.0,,0,2,44.5,0,0
1,1,170,2015,10,41,4,4,8,2,0.0,0,0,34,4,3,0,0,0,0,0,0,1,15.0,,0,2,44.5,0,0
1,1,170,2015,10,41,4,4,8,2,0.0,0,0,34,4,3,0,0,0,0,0,0,1,15.0,,0,2,44.5,0,0
1,1,170,2015,10,41,4,4,8,2,0.0,0,0,34,4,3,0,0,0,0,0,0,1,15.0,,0,2,44.5,0,0
1,1,170,2015,10,41,4,4,8,2,0.0,0,0,34,4,3,0,0,0,0,0,0,1,15.0,,0,2,44.5,0,0
1,1,170,2015,10,41,4,4,8,2,0.0,0,0,34,4,3,0,0,0,0,0,0,1,15.0,,0,2,44.5,0,0
1,1,170,2015,10,41,4,4,8,2,0.0,0,0,34,4,3,0,0,0,0,0,0,1,15.0,,0,2,44.5,0,0
1,1,170,2015,10,41,4,4,8,2,0.0,0,0,34,4,3,0,0,0,0,0,0,1,15.0,,0,2,44.5,0,0
1,1,170,2015,10,41,4,4,8,2,0.0,0,0,34,4,3,0,0,0,0,0,0,1,15.0,,0,2,44.5,0,0
1,0,69,2015,10,41,4,2,3,2,0.0,0,0,76,5,3,0,0,0,0,0,0,0,6.0,,0,2,41.25,0,1
1,0,69,2015,10,41,4,2,3,2,0.0,0,0,76,5,3,0,0,0,0,2,0,0,6.0,,0,2,40.05,0,1
1,1,38,2015,10,41,4,2,3,2,2.0,0,0,135,6,3,0,0,0,6,6,0,0,240.0,,0,2,117.0,0,1
1,0,90,2015,10,41,4,4,10,2,0.0,0,0,135,6,3,0,0,0,3,3,0,0,240.0,,0,2,107.43,0,0
1,0,111,2015,10,41,4,2,4,2,0.0,0,0,59,6,3,0,0,0,0,0,0,0,240.0,,0,2,57.67,0,0
1,0,18,2015,10,41,4,2,4,2,0.0,0,0,76,6,3,0,0,0,0,0,0,0,240.0,,0,2,63.47,0,1
1,0,7,2015,10,41,5,1,0,2,0.0,0,0,51,6,3,0,0,0,0,3,0,0,240.0,,0,2,60.3,1,1
1,0,1,2015,10,41,5,1,1,2,0.0,0,0,15,6,3,0,0,0,0,6,0,0,240.0,,0,1,61.5,0,1
1,0,69,2015,10,41,5,1,1,2,0.0,0,2,169,6,3,0,0,0,0,0,0,0,242.0,,0,2,88.0,0,1
1,1,7,2015,10,41,5,1,0,2,0.0,0,0,135,2,0,0,0,0,0,5,0,0,,110.0,0,2,56.95,0,0
1,0,10,2015,10,41,5,1,3,2,0.0,0,0,135,3,1,0,0,0,0,2,0,0,,,0,2,67.0,0,1
1,0,55,2015,10,41,5,1,3,2,0.0,0,0,59,5,3,0,0,0,0,3,0,0,2.0,,0,0,54.5,0,0
1,0,10,2015,10,41,5,1,3,2,0.0,1,0,135,3,1,0,0,0,0,2,0,0,,,0,2,67.0,0,2

1,0,52,2015,10,41,5,2,5,2,0.0,0,0,135,5,3,0,0,0,4,4,0,0,171.0,,0,2,54.72,0,0
1,0,14,2015,10,41,5,2,5,2,0.0,1,0,59,6,3,0,0,0,2,2,1,0,241.0,,0,2,83.6,0,2
1,0,17,2015,10,41,5,2,5,2,0.0,0,0,29,6,3,0,0,0,0,0,0,0,240.0,,0,2,73.0,1,1
1,1,74,2015,10,41,5,3,6,2,0.0,0,2,135,6,3,0,0,0,0,0,0,0,240.0,,0,2,86.0,0,2
1,1,74,2015,10,41,5,3,6,2,0.0,0,2,135,6,3,0,0,0,0,0,0,0,240.0,,0,2,86.0,0,2
1,1,74,2015,10,41,5,3,6,2,0.0,0,2,135,6,3,0,0,0,0,0,0,0,240.0,,0,2,86.0,0,2
1,1,74,2015,10,41,5,3,6,2,0.0,0,2,135,6,3,0,0,0,0,0,1,0,240.0,,0,2,86.0,0,2
1,0,207,2015,10,41,5,3,7,2,0.0,0,2,59,5,3,0,0,0,0,0,0,0,156.0,,0,2,65.45,0,0
1,1,102,2015,10,41,5,3,9,2,0.0,0,0,135,6,3,0,0,0,3,3,0,0,240.0,,0,2,71.67,0,0
1,1,1,2015,10,41,6,0,1,1,0.0,0,0,135,2,0,0,0,0,0,0,0,0,,94.0,0,2,37.0,0,0
1,1,1,2015,10,41,6,0,1,1,0.0,0,0,135,2,0,0,0,0,0,0,0,0,,94.0,0,2,37.0,0,0
1,1,1,2015,10,41,6,0,1,1,0.0,0,0,135,2,0,0,0,0,0,0,0,0,,94.0,0,2,37.0,0,0
1,0,0,2015,10,41,6,0,0,2,0.0,0,0,135,3,1,0,0,0,0,0,0,0,,,0,2,0.0,0,0
1,1,43,2015,10,41,6,0,1,1,0.0,0,0,135,6,3,0,0,0,0,0,1,0,240.0,,0,2,52.2,0,0
1,0,70,2015,10,41,6,0,1,2,0.0,0,0,107,6,3,0,0,0,0,0,0,0,241.0,,0,2,43.12,0,1
1,0,0,2015,10,41,6,0,2,2,0.0,0,0,29,3,1,0,0,0,0,0,1,0,,,0,2,66.0,1,0
1,1,91,2015,10,41,6,0,2,2,2.0,0,0,135,6,3,0,0,0,6,6,0,0,240.0,,0,2,106.0,0,0
1,1,1,2015,10,41,6,0,3,2,0.0,0,0,135,3,1,0,0,0,0,0,0,0,,,0,2,56.0,0,0
1,0,1,2015,10,41,6,0,3,0,0.0,0,3,135,2,0,0,0,0,0,8,1,0,,174.0,0,3,0.0,0,0
1,0,43,2015,10,41,6,0,4,2,0.0,0,0,76,6,3,0,0,0,0,0,0,0,240.0,,0,2,62.8,0,1
1,0,3,2015,10,41,6,0,2,2,0.0,0,0,135,6,3,0,0,0,4,6,0,0,240.0,,0,2,87.0,0,0
1,0,31,2015,10,41,6,1,5,2,2.0,0,0,174,3,1,0,0,0,6,6,0,0,250.0,,0,2,96.67,1,0
1,1,328,2015,10,41,6,2,5,20,0.0,0,0,135,3,1,0,0,0,3,3,1,0,,,0,1,0.0,0,0
1,1,328,2015,10,41,6,2,5,6,0.0,0,0,135,3,1,0,0,0,4,4,0,0,,,0,1,0.0,0,0
1,0,87,2015,10,41,6,2,5,2,0.0,0,2,133,6,3,0,0,0,4,4,0,0,240.0,,0,2,118.0,0,1
1,1,328,2015,10,41,6,2,5,5,0.0,0,0,135,3,1,0,0,0,0,0,0,0,,,0,1,0.0,0,0
1,0,84,2015,10,41,6,2,5,2,0.0,0,2,133,6,3,0,0,0,4,4,0,0,240.0,,0,2,98.4,0,1
1,0,123,2015,10,41,6,2,5,2,0.0,0,0,59,6,3,0,0,0,3,3,0,0,147.0,,0,2,43.3,0,1
1,1,4,2015,10,41,7,0,1,1,0.0,0,0,135,6,3,0,0,0,0,0,0,0,240.0,,0,2,58.0,0,3
1,0,13,2015,10,41,7,0,1,1,0.0,0,0,135,3,1,0,0,0,0,0,0,0,250.0,,0,2,58.0,0,0
1,1,4,2015,10,41,7,0,1,1,0.0,0,0,135,6,3,0,0,0,0,0,0,0,240.0,,0,2,58.0,0,3
1,1,4,2015,10,41,7,0,1,1,0.0,0,0,135,6,3,0,0,0,0,0,0,0,240.0,,0,2,58.0,0,3
1,1,4,2015,10,41,7,0,1,1,0.0,0,0,135,6,3,0,0,0,0,0,0,0,240.0,,0,2,58.0,0,3
1,0,33,2015,10,41,7,0,2,2,0.0,0,0,43,6,3,0,0,0,0,0,0,0,240.0,,0,2,66.3,1,2
1,0,13,2015,10,41,7,0,2,2,0.0,0,1,135,1,1,0,0,0,5,5,0,0,,,0,2,0.0,0,2
1,0,21,2015,10,41,7,0,2,1,0.0,0,0,76,3,1,0,0,0,0,0,1,0,,,0,2,47.0,0,1
1,0,0,2015,10,41,7,0,1,3,0.0,0,0,1,1,1,0,0,0,0,2,1,0,,,0,2,0.0,0,0
1,0,2,2015,10,41,7,0,1,2,0.0,0,0,135,3,1,0,0,0,0,0,0,0,250.0,,0,2,67.0,0,1
1,0,6,2015,10,41,7,0,1,2,0.0,0,0,135,6,3,0,0,0,0,0,0,0,241.0,,0,2,49.01,0,0
1,0,78,2015,10,41,7,0,4,2,0.0,0,0,135,5,3,0,0,0,0,0,0,0,36.0,,0,2,64.29,1,0
1,0,21,2015,10,41,7,0,2,1,0.0,0,0,123,3,1,0,0,0,0,0,1,0,,,0,2,47.0,0,1
1,0,175,2015,10,41,7,2,5,2,0.0,0,0,15,5,3,0,0,0,0,4,0,0,6.0,,0,2,41.6,1,0
1,0,158,2015,10,41,7,2,5,2,0.0,0,0,59,5,3,0,0,0,3,3,0,0,177.0,,0,3,55.43,0,1
1,0,11,2015,10,41,7,2,5,2,0.0,0,0,59,5,3,0,0,0,0,0,0,0,314.0,,0,2,48.74,0,0
1,0,158,2015,10,41,7,2,5,2,0.0,0,0,59,5,3,0,0,0,3,3,0,0,177.0,,0,3,55.43,0,1
1,1,16,2015,10,41,7,2,5,2,0.0,0,0,135,3,1,0,0,0,0,0,0,0,250.0,,0,2,68.86,0,1
1,0,174,2015,10,41,7,2,5,1,0.0,0,2,135,5,3,0,0,0,3,3,0,0,171.0,,0,3,67.0,0,1
1,0,174,2015,10,41,7,2,5,1,0.0,0,2,43,5,3,0,0,0,3,3,0,0,171.0,,0,3,68.43,0,1
1,1,21,2015,10,41,8,0,1,1,0.0,0,0,135,3,1,0,0,0,0,0,0,0,,,0,2,47.0,0,1
1,0,13,2015,10,41,8,0,1,1,0.0,0,0,51,5,1,0,0,0,0,6,0,0,126.0,,0,2,40.0,0,0
1,0,3,2015,10,41,8,0,1,2,0.0,0,0,135,6,3,0,0,0,0,5,0,0,240.0,,0,2,67.0,0,1
1,0,3,2015,10,41,8,0,1,2,0.0,0,0,135,6,3,0,0,0,0,3,0,0,240.0,,0,2,67.0,1,1
1,1,22,2015,10,41,8,0,1,1,0.0,0,0,135,3,1,0,0,0,0,0,2,0,,,0,2,47.0,0,1
1,0,3,2015,10,41,8,0,1,2,0.0,0,0,135,3,1,0,0,0,5,5,0,0,250.0,,0,2,87.0,1,1
1,0,33,2015,10,41,8,0,3,2,1.0,0,0,135,2,0,0,0,0,0,0,3,0,,,0,3,67.5,0,0
1,0,3,2015,10,41,8,0,3,2,0.0,0,0,51,3,1,0,0,0,3,3,0,0,250.0,,0,2,73.67,0,0
1,0,44,2015,10,41,8,0,3,2,0.0,0,0,135,2,0,0,0,0,0,0,0,0,,,0,0,50.0,0,0
1,0,77,2015,10,41,8,0,3,2,0.0,0,0,135,3,1,0,0,0,0,0,1,0,250.0,,0,0,50.0,0,1
1,0,10,2015,10,41,8,0,3,2,0.0,0,0,56,6,3,0,0,0,3,4,0,0,240.0,,0,2,73.66,0,2
1,0,44,2015,10,41,8,0,3,2,0.0,0,0,135,2,0,0,0,0,0,0,1,0,,,0,0,50.0,0,0
1,0,76,2015,10,41,8,0,3,2,0.0,0,0,135,3,1,0,0,0,0,0,0,0,250.0,,0,0,56.0,1,1
1,0,71,2015,10,41,8,0,3,1,0.0,0,0,135,3,1,0,0,0,0,0,0,0,250.0,,0,0,48.0,1,1
1,0,9,2015,10,41,8,0,3,2,0.0,0,0,135,2,0,0,0,0,0,3,2,0,281.0,,0,0,45.0,0,0
1,0,33,2015,10,41,8,0,3,2,0.0,0,0,135,2,0,0,0,0,0,0,2,0,,,0,3,50.0,0,0
1,0,3,2015,10,41,8,0,3,2,0.0,0,0,51,3,1,0,0,0,0,3,0,0,250.0,,0,2,67.0,0,0
1,0,77,2015,10,41,8,0,3,2,1.0,0,0,135,3,1,0,0,0,0,0,1,0,250.0,,0,0,71.0,1,2
1,0,59,2015,10,41,8,0,3,2,0.0,0,0,135,2,0,0,0,0,0,0,0,0,281.0,,50,0,45.0,0,0
1,0,77,2015,10,41,8,0,3,2,0.0,0,0,135,3,1,0,0,0,0,0,0,0,250.0,,0,0,50.0,0,0
1,1,77,2015,10,41,8,0,3,2,2.0,0,0,135,3,1,0,0,0,2,2,0,0,250.0,,0,2,66.0,0,2
1,0,3,2015,10,41,8,0,3,2,0.0,0,0,135,2,0,0,0,0,0,3,0,0,281.0,,0,0,45.0,0,0
1,0,71,2015,10,41,8,0,3,2,1.0,0,0,135,3,1,0,0,0,0,0,0,0,250.0,,0,0,71.0,1,2
1,0,29,2015,10,41,8,1,3,2,0.0,0,0,43,6,3,0,0,0,3,3,0,0,240.0,,0,2,85.0,1,1
1,0,10,2015,10,41,8,2,5,1,0.0,0,0,76,5,3,0,0,0,0,0,0,0,314.0,,0,3,41.37,0,1
1,1,330,2015,10,41,8,2,5,1,0.0,0,2,135,5,3,0,0,0,0,0,0,0,142.0,,0,2,0.0,0,0
1,0,22,2015,10,41,8,2,5,2,0.0,0,0,59,6,3,0,0,0,3,3,0,0,241.0,,0,2,53.37,0,1
1,0,132,2015,10,41,8,1,3,2,0.0,0,0,76,5,3,0,0,0,0,0,0,0,8.0,,0,0,44.5,0,0
1,0,10,2015,10,41,8,2,5,2,0.0,0,0,59,5,3,0,0,0,0,0,0,0,314.0,,0,3,48.57,0,1
1,0,94,2015,10,41,8,2,5,2,0.0,0,0,76,3,1,0,0,0,5,5,0,0,250.0,,0,2,77.43,0,0
1,1,94,2015,10,41,8,2,7,2,0.0,0,0,135,6,3,0,0,0,3,3,0,0,240.0,,0,2,123.56,0,1
1,0,128,2015,10,41,8,4,8,2,0.0,0,0,59,5,3,0,0,0,4,4,2,0,314.0,,0,2,62.47,0,0
1,0,1,2015,10,41,9,0,1,1,0.0,0,0,135,6,3,0,0,0,0,3,0,0,240.0,,0,2,58.0,0,0
1,0,16,2015,10,41,9,0,1,1,0.0,0,0,135,2,0,0,0,0,0,0,0,0,,274.0,0,3,48.0,0,0
1,0,1,2015,10,41,9,0,1,2,0.0,0,0,135,3,1,0,0,0,3,3,0,0,250.0,,0,2,67.0,0,1
1,1,134,2015,10,41,9,0,2,2,0.0,0,0,135,6,3,0,0,0,0,0,0,0,240.0,,0,2,56.0,0,0
1,0,77,2015,10,41,9,0,2,2,0.0,1,0,135,3,1,0,0,0,0,0,0,0,250.0,,0,0,56.0,1,2
1,0,77,2015,10,41,9,0,2,1,0.0,0,0,135,3,1,0,0,0,0,0,0,0,250.0,,0,0,42.0,0,1
1,0,34,2015,10,41,9,0,2,2,1.0,0,0,135,2,0,0,0,0,0,0,2,0,,,0,2,67.5,0,1
1,0,4,2015,10,41,9,0,2,2,0.0,0,0,76,6,3,0,0,0,4,4,0,0,240.0,,0,2,89.0,0,2
1,1,78,2015,10,41,9,0,2,1,0.0,0,0,135,2,0,0,0,0,0,0,0,0,281.0,,0,0,50.0,0,0
1,1,77,2015,10,41,9,0,2,2,0.0,0,0,135,3,1,0,0,0,0,0,0,0,250.0,,0,0,50.0,0,1
1,0,77,2015,10,41,9,0,2,2,0.0,0,0,135,3,1,0,0,0,0,0,0,0,250.0,,0,0,56.0,1,1
1,1,78,2015,10,41,9,1,2,2,0.0,0,1,51,4,3,0,0,0,0,0,0,1,134.0,,0,2,92.0,0,0
1,1,78,2015,10,41,9,1,2,2,0.0,0,1,51,4,3,0,0,0,0,0,0,1,134.0,,0,2,92.0,0,0
1,1,78,2015,10,41,9,1,2,2,0.0,0,1,51,4,3,0,0,0,0,0,0,1,134.0,,0,2,92.0,0,0
1,1,78,2015,10,41,9,1,2,2,0.0,0,1,51,4,3,0,0,0,0,0,0,1,134.0,,0,2,92.0,0,0
1,1,78,2015,10,41,9,1,2,2,0.0,0,1,51,4,3,0,0,0,0,0,0,1,134.0,,0,2,92.0,0,0
1,1,78,2015,10,41,9,1,2,2,0.0,0,1,51,4,3,0,0,0,0,0,0,1,134.0,,0,2,92.0,0,0
1,0,63,2015,10,41,9,1,2,2,0.0,0,0,51,6,3,0,0,0,0,0,0,0,241.0,,0,2,43.12,0,2
1,1,78,2015,10,41,9,1,2,2,0.0,0,1,51,4,3,0,0,0,0,0,0,1,134.0,,0,2,92.0,0,0
1,1,78,2015,10,41,9,1,2,2,0.0,0,1,51,4,3,0,0,0,0,0,0,1,134.0,,0,2,92.0,0,0
1,0,8,2015,10,41,9,1,2,2,0.0,0,0,51,6,3,0,0,0,4,4,0,0,240.0,,0,2,104.67,1,1
1,0,4,2015,10,41,9,1,2,2,1.0,0,0,51,6,3,0,0,0,6,6,1,0,240.0,,0,2,113.33,0,1
1,0,77,2015,10,41,9,0,2,2,1.0,0,0,135,3,1,0,0,0,0,2,0,0,250.0,,0,0,50.0,1,2
1,0,67,2015,10,41,9,0,2,2,1.0,0,0,135,3,1,0,0,0,0,0,0,0,250.0,,0,0,50.0,0,2
1,0,21,2015,10,41,9,1,2,2,0.0,0,0,51,6,3,0,0,0,0,0,0,0,240.0,,0,2,67.0,0,1
1,0,13,2015,10,41,9,1,2,2,0.0,0,2,51,5,3,0,0,0,0,0,1,0,314.0,,0,2,72.8,0,1
1,1,78,2015,10,41,9,1,2,2,0.0,0,1,51,4,3,0,0,0,0,0,0,1,134.0,,0,2,92.0,0,0
1,1,78,2015,10,41,9,1,2,2,0.0,0,1,51,4,3,0,0,0,0,0,0,1,134.0,,0,2,92.0,0,0
1,1,78,2015,10,41,9,1,2,2,0.0,0,1,51,4,3,0,0,0,0,0,0,1,134.0,,0,2,92.0,0,0
1,1,78,2015,10,41,9,1,2,2,0.0,0,1,51,4,3,0,0,0,0,0,0,1,134.0,,0,2,92.0,0,0
1,1,78,2015,10,41,9,1,2,2,0.0,0,1,51,4,3,0,0,0,0,0,0,1,134.0,,0,2,92.0,0,0
1,1,78,2015,10,41,9,1,2,2,0.0,0,1,51,4,3,0,0,0,0,0,0,1,134.0,,0,2,92.0,0,0
1,1,78,2015,10,41,9,1,2,2,0.0,0,1,51,4,3,0,0,0,0,0,0,1,134.0,,0,2,92.0,0,0
1,1,78,2015,10,41,9,1,2,2,0.0,0,1,51,4,3,0,0,0,0,0,0,1,134.0,,0,2,92.0,0,0
1,1,78,2015,10,41,9,1,2,2,0.0,0,1,51,4,3,0,0,0,0,0,0,1,134.0,,0,2,92.0,0,0
1,1,78,2015,10,41,9,1,2,2,0.0,0,1,51,4,3,0,0,0,0,0,0,1,134.0,,0,2,92.0,0,0
1,1,78,2015,10,41,9,1,2,2,0.0,0,1,51,4,3,0,0,0,0,0,0,1,134.0,,0,2,92.0,0,0
1,1,78,2015,10,41,9,1,2,2,0.0,0,1,51,4,3,0,0,0,0,0,0,1,134.0,,0,2,92.0,0,0
1,1,78,2015,10,41,9,1,2,2,0.0,0,1,51,4,3,0,0,0,0,0,0,1,134.0,,0,2,92.0,0,0
1,0,63,2015,10,41,9,1,2,2,1.0,0,0,51,6,3,0,0,0,0,0,0,0,241.0,,0,2,54.02,0,3
1,0,9,2015,10,41,9,1,2,2,0.0,0,0,51,3,1,0,0,0,0,0,0,0,250.0,,0,2,63.33,0,1
1,0,3,2015,10,41,9,1,2,2,0.0,0,0,43,6,3,0,0,0,4,4,0,0,240.0,,0,2,83.33,0,2
1,1,78,2015,10,41,9,1,2,2,0.0,0,1,51,4,3,0,0,0,0,0,0,1,134.0,,0,2,92.0,0,0
1,1,78,2015,10,41,9,1,2,2,0.0,0,1,51,4,3,0,0,0,0,0,0,1,134.0,,0,2,92.0,0,0
1,1,78,2015,10,41,9,1,2,2,0.0,0,1,51,4,3,0,0,0,0,0,0,1,134.0,,0,2,92.0,0,0
1,0,63,2015,10,41,9,1,2,2,0.0,0,0,51,6,3,0,0,0,0,0,0,0,241.0,,0,2,43.12,0,2
1,0,14,2015,10,41,9,1,2,2,0.0,0,2,51,5,3,0,0,0,0,0,0,0,314.0,,0,2,78.8,1,0
1,0,8,2015,10,41,9,1,2,1,0.0,0,0,76,5,3,0,0,0,0,0,0,0,314.0,,0,2,55.73,0,0
1,0,25,2015,10,41,9,1,2,2,0.0,0,0,51,5,3,0,0,0,0,0,0,0,196.0,,0,2,44.5,0,0
1,1,78,2015,10,41,9,1,2,2,0.0,0,1,51,4,3,0,0,0,0,0,0,1,134.0,,0,2,92.0,0,0
1,1,78,2015,10,41,9,1,2,2,0.0,0,1,51,4,3,0,0,0,0,0,0,1,134.0,,0,2,92.0,0,0
1,1,78,2015,10,41,9,1,2,2,0.0,0,1,51,4,3,0,0,0,0,0,0,1,134.0,,0,2,92.0,0,0
1,1,78,2015,10,41,9,1,2,2,0.0,0,1,51,4,3,0,0,0,0,0,0,1,134.0,,0,2,92.0,0,0
1,0,22,2015,10,41,9,2,2,2,0.0,0,0,135,6,3,0,0,0,3,3,0,0,240.0,,0,2,83.0,1,2
1,0,0,2015,10,41,9,2,2,2,0.0,0,0,80,3,1,0,0,0,0,0,0,0,,,0,2,67.0,0,0
1,0,22,2015,10,41,9,2,2,2,0.0,0,0,135,6,3,0,0,0,3,3,0,0,240.0,,0,2,77.0,0,2
1,0,10,2015,10,41,9,2,2,2,0.0,0,0,51,6,3,0,0,0,3,3,0,0,240.0,,0,2,71.5,0,2
1,0,4,2015,10,41,9,2,3,2,0.0,0,0,59,6,3,0,0,0,3,3,0,0,240.0,,0,2,70.4,0,1
1,0,7,2015,10,41,9,2,3,2,0.0,0,0,51,5,3,0,0,0,3,3,0,0,175.0,,0,2,73.68,1,0
1,0,350,2015,10,41,9,2,5,2,0.0,0,2,99,5,3,0,0,0,3,3,0,0,171.0,,0,2,82.0,0,0
1,1,2,2015,10,41,10,0,1,2,0.0,0,0,135,3,1,0,0,0,0,0,0,0,,,0,2,56.0,0,0
1,0,11,2015,10,41,10,0,1,2,0.0,0,0,135,2,0,0,0,0,0,4,0,0,281.0,,0,0,45.0,0,0
1,0,11,2015,10,41,10,0,1,2,0.0,0,0,135,2,0,0,0,0,0,4,0,0,281.0,,0,0,45.0,0,0
1,0,5,2015,10,41,10,0,1,2,0.0,0,0,51,6,3,0,0,0,0,4,0,0,240.0,,0,2,60.3,0,1
1,1,35,2015,10,41,10,0,1,2,1.0,0,0,135,2,0,0,0,0,0,0,4,0,,,0,2,67.5,0,0
1,0,12,2015,10,41,10,1,1,2,0.0,0,0,51,6,3,0,0,0,0,3,0,0,240.0,,0,2,61.5,0,0
1,0,4,2015,10,41,10,1,1,2,0.0,0,2,51,3,1,0,0,0,3,3,0,0,250.0,,0,2,107.5,1,1
1,0,5,2015,10,41,10,1,1,2,0.0,0,2,51,6,3,0,0,0,3,3,1,0,240.0,,0,2,101.5,0,2
1,0,12,2015,10,41,10,1,1,2,1.0,0,0,51,6,3,0,0,0,0,4,0,0,240.0,,0,2,76.35,1,2
1,1,21,2015,10,41,10,1,1,2,0.0,0,0,135,5,3,0,0,0,0,0,0,0,314.0,,0,3,49.2,0,1
1,0,11,2015,10,41,10,1,1,2,0.0,0,2,51,6,3,0,0,0,0,7,1,0,240.0,,0,2,82.35,0,0
1,0,4,2015,10,41,10,1,1,2,2.0,0,0,30,6,3,0,0,0,6,6,0,0,240.0,,0,2,111.5,0,0
1,0,5,2015,10,41,10,1,1,2,0.0,0,0,59,6,3,0,0,0,0,7,0,0,240.0,,0,2,67.5,1,2
1,0,19,2015,10,41,10,1,1,2,2.0,0,0,51,6,3,0,0,0,6,6,0,0,240.0,,0,2,117.0,0,3
1,0,5,2015,10,41,10,1,1,2,0.0,0,0,51,6,3,0,0,0,3,3,0,0,240.0,,0,2,77.5,1,1
1,0,4,2015,10,41,10,1,1,2,1.0,0,0,51,3,1,0,0,0,5,5,0,0,,,0,2,102.5,1,3
1,0,4,2015,10,41,10,1,1,2,0.0,0,2,51,3,1,0,0,0,3,3,0,0,250.0,,0,2,101.5,0,1
1,0,5,2015,10,41,10,1,1,2,0.0,0,2,51,6,3,0,0,0,3,3,1,0,240.0,,0,2,101.5,0,2
1,0,12,2015,10,41,10,1,1,2,0.0,0,0,51,6,3,0,0,0,0,4,0,0,240.0,,0,2,61.35,1,1
1,0,16,2015,10,41,10,1,1,2,0.0,0,0,51,6,3,0,0,0,0,3,0,0,240.0,,0,2,61.35,1,2
1,1,21,2015,10,41,10,1,1,2,0.0,0,0,135,5,3,0,0,0,0,0,0,0,314.0,,0,3,49.2,0,1
1,0,0,2015,10,41,10,1,1,2,0.0,0,0,51,3,1,0,0,0,5,5,0,0,,,0,2,90.0,0,1
1,1,143,2015,10,41,10,2,5,2,0.0,0,0,135,4,3,0,0,0,0,0,0,1,96.0,,0,2,36.05,0,0
1,1,143,2015,10,41,10,2,5,2,0.0,0,0,135,4,3,0,0,0,0,0,0,1,96.0,,0,2,36.05,0,0
1,1,143,2015,10,41,10,2,5,2,0.0,0,0,135,4,3,0,0,0,0,0,0,1,96.0,,0,2,36.05,0,0
1,1,143,2015,10,41,10,2,5,2,0.0,0,0,135,4,3,0,0,0,0,0,0,1,96.0,,0,2,36.05,0,0
1,1,143,2015,10,41,10,2,5,2,0.0,0,0,135,4,3,0,0,0,0,0,0,1,96.0,,0,2,36.05,0,0
1,1,143,2015,10,41,10,2,5,2,0.0,0,0,135,4,3,0,0,0,0,0,0,1,96.0,,0,2,36.05,0,0
1,1,143,2015,10,41,10,2,5,2,0.0,0,0,135,4,3,0,0,0,0,0,0,1,96.0,,0,2,36.05,0,0
1,1,143,2015,10,41,10,2,5,2,0.0,0,0,135,4,3,0,0,0,0,0,0,1,96.0,,0,2,36.05,0,0
1,1,143,2015,10,41,10,2,5,2,0.0,0,0,135,4,3,0,0,0,0,0,0,1,96.0,,0,2,36.05,0,0
1,1,143,2015,10,41,10,2,5,2,0.0,0,0,135,4,3,0,0,0,0,0,0,1,96.0,,0,2,36.05,0,0
1,1,368,2015,10,41,10,2,5,1,0.0,0,0,135,5,3,0,0,0,0,0,0,0,96.0,,0,2,4.0,0,0
1,1,143,2015,10,41,10,2,5,2,0.0,0,0,135,4,3,0,0,0,0,0,0,1,96.0,,0,2,36.05,0,0
1,1,143,2015,10,41,10,2,5,2,0.0,0,0,135,4,3,0,0,0,0,0,0,1,96.0,,0,2,36.05,0,0
1,1,143,2015,10,41,10,2,5,2,0.0,0,0,135,4,3,0,0,0,0,0,0,1,96.0,,0,2,36.05,0,0
1,1,143,2015,10,41,10,2,2,2,0.0,0,2,135,6,3,0,0,0,3,3,0,0,240.0,,0,2,98.0,0,0
1,0,78,2015,10,41,10,3,6,2,0.0,0,0,59,3,1,0,0,0,5,5,0,0,250.0,,0,2,79.22,0,1
1,0,78,2015,10,41,10,6,15,2,0.0,0,2,15,3,1,0,0,0,3,3,1,0,,,0,2,106.0,0,1
1,0,2,2015,10,42,11,1,0,2,0.0,0,0,51,6,3,0,0,0,0,0,0,0,240.0,,0,2,50.4,0,1
1,0,2,2015,10,42,11,1,0,2,0.0,0,0,51,6,3,0,0,0,3,3,0,0,240.0,,0,2,66.0,0,1
1,0,2,2015,10,42,11,1,0,2,0.0,0,0,51,6,3,0,0,0,0,0,0,0,240.0,,0,2,50.4,0,1
1,0,39,2015,10,42,11,1,0,2,0.0,0,0,135,5,3,0,0,0,0,0,2,0,171.0,,0,2,46.5,0,0
1,1,46,2015,10,42,11,1,0,2,0.0,0,0,135,6,3,0,0,0,0,0,0,0,240.0,,0,2,50.4,0,0
1,0,0,2015,10,42,11,1,0,2,0.0,0,0,51,6,3,0,0,0,3,3,0,0,240.0,,0,2,66.0,0,1
1,0,9,2015,10,42,11,1,0,2,0.0,0,0,135,3,1,0,0,0,0,0,0,0,250.0,,0,2,56.0,0,0
1,0,6,2015,10,42,11,2,0,2,0.0,0,0,135,6,3,0,0,0,4,4,1,0,240.0,113.0,0,2,82.0,1,1
1,0,5,2015,10,42,11,2,0,2,0.0,0,0,135,6,3,0,0,0,0,0,0,0,240.0,,0,2,50.4,0,2
1,0,2,2015,10,42,11,2,0,1,0.0,0,0,135,5,3,0,0,0,0,0,0,0,314.0,,0,2,37.6,0,0
1,0,1,2015,10,42,11,2,0,2,0.0,0,0,51,6,3,0,0,0,0,0,0,0,240.0,,0,2,56.4,1,0
1,1,99,2015,10,42,11,1,0,2,0.0,0,0,135,5,3,0,0,0,4,4,1,0,251.0,,0,2,67.0,0,0
1,0,1,2015,10,42,11,1,0,2,0.0,0,0,51,6,3,0,0,0,0,0,0,0,240.0,,0,2,56.4,1,0
1,1,87,2015,10,42,11,2,2,1,0.0,0,0,135,6,3,0,0,0,0,0,0,0,240.0,,0,2,42.3,0,0
1,1,12,2015,10,42,11,2,2,2,0.0,0,0,135,6,3,0,0,0,0,0,0,0,240.0,,0,2,50.4,0,2
1,0,41,2015,10,42,11,2,2,2,0.0,0,0,59,6,3,0,0,0,0,0,0,0,240.0,,0,2,56.0,0,1
1,1,102,2015,10,42,11,2,2,2,0.0,0,0,135,6,3,0,0,0,0,0,0,0,240.0,,0,2,50.4,0,0
1,1,87,2015,10,42,11,2,2,1,0.0,0,0,135,6,3,0,0,0,0,0,0,0,240.0,,0,2,42.3,0,0
1,0,83,2015,10,42,11,2,3,2,0.0,0,0,140,6,3,0,0,0,0,0,0,0,240.0,,0,2,56.52,0,2
1,0,13,2015,10,42,11,2,3,2,0.0,0,0,59,5,3,0,0,0,3,3,0,0,36.0,,0,2,58.24,0,0
1,0,5,2015,10,42,11,2,5,1,0.0,0,0,59,6,3,0,0,0,5,5,0,0,241.0,,0,2,69.85,0,1
1,0,5,2015,10,42,11,2,5,2,0.0,0,2,135,6,3,0,0,0,0,0,0,0,242.0,,0,2,92.71,0,0
1,0,5,2015,10,42,11,4,5,1,0.0,0,3,135,2,0,0,0,0,0,8,0,0,,174.0,0,3,0.0,0,0
1,0,0,2015,10,42,12,0,0,2,0.0,0,0,135,6,3,0,0,0,3,0,0,0,240.0,,0,2,0.0,0,2
1,0,0,2015,10,42,12,0,0,0,0.0,0,3,135,2,0,0,0,0,0,8,0,0,,174.0,0,2,0.0,0,0
1,0,13,2015,10,42,12,1,0,2,0.0,0,0,135,2,0,0,0,0,0,0,0,0,,195.0,0,2,48.0,0,0
1,0,13,2015,10,42,12,1,0,2,0.0,0,0,135,2,0,0,0,0,0,0,0,0,,195.0,0,2,53.0,0,1
1,0,20,2015,10,42,12,1,0,2,0.0,0,0,135,2,0,0,0,0,0,0,0,0,,195.0,0,2,48.0,0,0
1,0,0,2015,10,42,12,1,1,1,0.0,0,0,135,5,3,0,0,0,0,0,0,0,96.0,,0,2,37.0,0,0
1,0,2,2015,10,42,12,1,1,2,0.0,0,0,51,6,3,0,0,0,0,0,1,0,240.0,,0,2,56.0,0,1
1,0,4,2015,10,42,12,1,1,1,0.0,0,0,135,2,0,0,0,0,0,0,0,0,,113.0,0,2,48.0,0,0
1,0,6,2015,10,42,12,1,5,2,0.0,0,0,59,6,3,0,0,0,4,4,0,0,241.0,,0,2,61.28,0,1
1,1,334,2015,10,42,12,2,5,10,0.0,0,0,135,3,1,0,0,0,4,4,0,0,,,0,1,0.0,0,0
1,1,334,2015,10,42,12,2,5,20,0.0,0,0,135,3,1,0,0,0,3,3,0,0,,,0,1,0.0,0,0
1,1,334,2015,10,42,12,2,5,5,0.0,0,0,135,3,1,0,0,0,0,0,0,0,,,0,1,0.0,0,0
1,0,283,2015,10,42,12,2,5,2,0.0,0,0,56,4,1,0,0,0,4,5,0,0,273.0,,0,3,79.0,0,0
1,0,19,2015,10,42,12,3,5,2,2.0,0,0,59,5,3,0,0,0,2,2,1,0,147.0,,0,2,74.28,0,0
1,0,1,2015,10,42,13,0,1,1,0.0,0,0,135,6,3,0,0,0,0,0,0,0,240.0,,0,2,47.0,0,1
1,0,1,2015,10,42,13,0,1,2,0.0,0,0,59,6,3,0,0,0,0,4,0,0,240.0,,0,2,50.4,0,0
1,0,0,2015,10,42,13,0,1,1,0.0,0,0,135,3,1,0,0,0,0,0,0,0,,,0,2,56.0,0,0
1,0,17,2015,10,42,13,0,1,2,0.0,0,0,51,6,3,0,0,0,0,0,2,0,240.0,,0,2,8.0,0,1
1,0,0,2015,10,42,13,0,1,2,0.0,0,0,135,3,1,0,0,0,0,0,0,0,,,0,2,56.0,1,0
1,0,0,2015,10,42,13,0,2,1,0.0,0,0,135,6,3,0,0,0,0,0,0,0,240.0,,0,2,47.0,0,1
1,1,21,2015,10,42,13,0,3,2,2.0,0,0,135,6,3,0,0,0,6,6,0,0,240.0,,0,2,117.0,0,0
1,0,56,2015,10,42,13,2,5,2,2.0,0,0,76,6,3,0,0,0,6,6,0,0,240.0,,0,2,107.43,0,0
1,0,73,2015,10,42,13,2,6,2,0.0,0,0,59,3,1,0,0,0,4,5,0,0,250.0,,0,2,73.38,0,2
1,0,32,2015,10,42,14,0,1,2,0.0,0,2,56,3,1,0,0,0,4,4,0,0,250.0,,0,2,117.0,1,0
1,0,1,2015,10,42,14,0,1,1,0.0,0,0,135,5,3,0,0,0,0,0,1,0,5.0,,0,3,37.6,1,1
1,0,2,2015,10,42,14,0,1,1,0.0,0,0,123,6,3,0,0,0,0,0,0,0,240.0,,0,3,42.3,1,1
1,0,0,2015,10,42,14,0,1,2,0.0,0,0,135,6,3,0,0,0,3,3,0,0,240.0,,0,2,56.0,0,0
1,0,1,2015,10,42,14,0,1,1,0.0,0,0,51,5,3,0,0,0,0,0,1,0,5.0,,0,3,37.6,0,1
1,0,0,2015,10,42,14,0,1,2,0.0,0,0,51,6,3,0,0,0,3,3,0,0,240.0,,0,2,56.0,0,2
1,0,2,2015,10,42,14,0,1,1,0.0,0,0,123,6,3,0,0,0,0,0,0,0,240.0,,0,3,42.3,0,1
1,0,106,2015,10,42,14,2,6,2,0.0,0,0,59,6,3,0,0,0,0,0,0,0,242.0,,0,2,64.5,0,1
1,0,7,2015,10,42,15,0,0,2,0.0,0,0,59,4,0,0,0,0,0,8,3,0,,223.0,0,3,0.0,0,0
1,0,7,2015,10,42,15,0,3,1,0.0,0,0,59,4,0,0,0,0,0,4,1,0,,223.0,0,3,43.0,1,0
1,0,27,2015,10,42,15,1,3,2,1.0,0,0,59,3,1,0,0,0,6,6,0,0,250.0,,0,2,111.5,0,1
1,0,150,2015,10,42,15,2,4,2,0.0,0,0,59,5,3,0,0,0,0,0,0,0,8.0,,0,0,33.3,0,0
1,0,153,2015,10,42,16,0,0,2,0.0,0,0,135,6,3,0,0,0,3,3,1,0,240.0,,0,3,0.0,0,3
1,0,153,2015,10,42,16,0,0,2,0.0,0,0,135,6,3,0,0,0,3,3,1,0,240.0,,0,3,0.0,0,3
1,0,153,2015,10,42,16,0,0,2,0.0,0,0,135,6,3,0,0,0,3,3,2,0,240.0,,0,3,0.0,0,3
1,0,0,2015,10,42,16,0,1,2,0.0,0,0,43,3,1,0,0,0,0,0,1,0,,,0,2,73.0,1,0
1,0,8,2015,10,42,16,0,1,2,0.0,0,0,135,4,0,0,0,0,0,0,2,0,,223.0,0,3,44.5,0,0
1,0,1,2015,10,42,16,0,1,1,0.0,0,2,135,1,1,0,0,0,4,3,0,0,,,0,2,0.0,0,3
1,0,8,2015,10,42,16,0,2,2,0.0,0,0,59,4,0,0,0,0,0,0,1,0,,223.0,0,3,44.5,0,1
1,0,130,2015,10,42,16,0,2,2,0.0,0,0,169,6,3,0,0,0,5,4,0,0,241.0,,0,2,98.4,1,0
1,0,88,2015,10,42,16,1,2,1,0.0,0,0,59,6,3,0,0,0,0,0,0,0,240.0,,0,2,70.0,1,2
1,0,88,2015,10,42,16,1,2,2,0.0,0,0,59,6,3,0,0,0,0,0,0,0,240.0,,0,2,75.0,0,2
1,0,0,2015,10,42,16,2,2,2,0.0,0,0,135,6,3,0,0,0,0,0,0,0,240.0,,0,2,57.83,1,0
1,0,25,2015,10,42,16,2,5,2,0.0,0,0,59,5,3,0,0,0,4,5,0,0,314.0,,0,2,68.57,0,0
1,0,2,2015,10,42,17,0,1,2,0.0,0,0,135,3,1,0,0,0,0,0,1,0,,,0,2,67.0,0,0
1,1,9,2015,10,42,17,1,1,2,0.0,0,0,135,6,3,0,0,0,4,4,0,0,240.0,,0,2,81.5,0,1
1,0,136,2015,10,42,17,2,5,2,0.0,0,0,59,6,3,0,0,0,0,0,0,0,240.0,,0,2,54.77,0,0
1,0,95,2015,10,42,17,2,6,2,0.0,0,0,135,6,3,0,0,0,0,0,0,0,240.0,,0,2,45.56,0,2
1,1,50,2015,10,43,18,1,0,2,0.0,0,0,51,3,1,0,0,0,4,4,0,0,,,0,2,59.4,0,1
1,0,9,2015,10,43,18,2,2,2,0.0,0,2,59,3,1,0,0,0,5,5,1,0,250.0,,0,2,108.0,0,1
1,1,37,2015,10,43,18,2,3,2,0.0,0,0,135,6,3,0,0,0,3,3,1,0,240.0,,0,2,56.0,0,3
1,1,37,2015,10,43,18,2,3,2,0.0,0,0,135,6,3,0,0,0,3,3,0,0,240.0,,0,2,56.0,0,3
1,1,73,2015,10,43,18,2,3,2,0.0,0,0,135,6,3,0,0,0,4,4,0,0,240.0,,0,2,65.0,0,3
1,0,17,2015,10,43,18,2,5,2,0.0,0,0,59,5,3,0,0,0,0,3,0,0,243.0,,0,2,42.5,0,0
1,0,74,2015,10,43,18,2,5,2,2.0,0,0,59,6,3,0,0,0,2,2,0,0,241.0,,0,2,50.05,0,0
1,1,92,2015,10,43,18,2,5,2,0.0,0,2,135,5,3,0,0,0,0,0,0,0,142.0,,0,0,86.5,0,0
1,0,47,2015,10,43,18,2,5,2,1.0,0,0,59,6,3,0,0,0,4,4,1,0,241.0,,0,2,67.92,0,1
1,0,41,2015,10,43,18,2,5,2,0.0,0,0,59,5,3,0,0,0,0,4,0,0,243.0,,0,0,43.93,0,0
1,1,72,2015,10,43,18,2,5,2,0.0,0,0,135,6,3,0,0,0,0,0,0,0,240.0,,0,2,45.0,0,2
1,1,82,2015,10,43,18,2,5,2,0.0,0,0,135,6,3,0,0,0,3,3,1,0,240.0,,0,2,55.14,0,2
1,0,86,2015,10,43,18,2,5,2,0.0,0,0,59,5,3,0,0,0,0,0,0,0,243.0,,0,2,38.25,0,0
1,0,68,2015,10,43,18,4,6,2,0.0,0,0,76,6,3,0,0,0,3,3,0,0,240.0,,0,2,55.0,0,2
1,0,80,2015,10,43,18,4,5,2,0.0,0,0,76,6,3,0,0,0,0,6,0,0,147.0,,0,2,81.34,0,0
1,1,119,2015,10,43,19,1,0,2,0.0,0,0,135,6,3,0,0,0,0,0,0,0,240.0,,0,2,40.5,0,1
1,1,119,2015,10,43,19,1,0,2,0.0,0,0,135,6,3,0,0,0,0,0,0,0,240.0,,0,2,40.5,0,1
1,0,5,2015,10,43,19,1,0,1,0.0,0,0,135,2,0,0,0,0,0,3,0,0,,154.0,0,2,37.0,0,0
1,0,0,2015,10,43,19,1,1,2,0.0,0,0,51,6,3,0,0,0,0,3,0,0,240.0,,0,2,56.0,1,1
1,0,7,2015,10,43,19,1,1,2,0.0,0,0,135,5,3,0,0,0,0,3,0,0,8.0,,0,3,37.0,0,0
1,0,7,2015,10,43,19,1,1,2,0.0,0,0,135,5,3,0,0,0,0,3,0,0,8.0,,0,3,37.0,0,0
1,0,0,2015,10,43,19,1,0,2,0.0,0,0,135,3,1,0,0,0,0,5,0,0,,,0,2,68.4,0,0
1,0,7,2015,10,43,19,1,1,1,0.0,0,0,135,5,3,0,0,0,0,3,0,0,127.0,,0,2,39.0,0,0
1,0,10,2015,10,43,19,1,2,2,0.0,0,2,51,6,3,0,0,0,0,3,1,0,240.0,,0,2,86.0,0,1
1,0,34,2015,10,43,19,1,2,2,0.0,0,0,51,6,3,0,0,0,3,3,0,0,240.0,,0,2,62.0,1,1
1,0,10,2015,10,43,19,1,2,2,0.0,0,2,51,6,3,0,0,0,0,3,0,0,240.0,,0,2,92.0,1,1
1,0,73,2015,10,43,19,1,3,2,0.0,0,0,59,6,3,0,0,0,3,3,0,0,241.0,,0,2,40.23,0,1
1,0,47,2015,10,43,19,1,4,2,0.0,0,2,51,4,1,0,0,0,0,0,0,0,,,47,3,76.8,0,0
1,0,47,2015,10,43,19,1,4,2,0.0,0,2,51,4,1,0,0,0,0,0,0,0,,,47,3,76.8,0,0
1,0,47,2015,10,43,19,1,4,2,0.0,0,2,51,4,1,0,0,0,0,0,0,0,,,47,3,76.8,0,0
1,0,5,2015,10,43,19,1,4,1,0.0,0,2,51,4,1,0,0,0,0,0,0,0,,,0,3,58.4,0,0
1,0,47,2015,10,43,19,1,4,2,0.0,0,2,51,4,1,0,0,0,0,0,0,0,,,47,3,76.8,0,0
1,0,47,2015,10,43,19,1,4,2,0.0,0,2,51,4,1,0,0,0,0,0,0,0,,,47,3,76.8,0,0
1,0,47,2015,10,43,19,1,4,2,0.0,0,2,51,4,1,0,0,0,0,0,0,0,,,47,3,76.8,0,0
1,0,47,2015,10,43,19,1,4,2,0.0,0,2,51,4,1,0,0,0,0,0,0,0,,,47,3,76.8,0,0
1,0,47,2015,10,43,19,1,4,2,0.0,0,2,51,4,1,0,0,0,0,0,0,0,,,47,3,76.8,0,0
1,1,33,2015,10,43,19,1,4,2,0.0,0,0,135,6,3,0,0,0,3,3,0,0,240.0,,0,2,56.0,0,2
1,0,47,2015,10,43,19,1,4,2,0.0,0,2,51,4,1,0,0,0,0,0,0,0,,,47,3,76.8,0,0
1,0,47,2015,10,43,19,1,4,2,0.0,0,2,51,4,1,0,0,0,0,0,0,0,,,47,3,76.8,0,0
1,0,47,2015,10,43,19,1,4,2,0.0,0,2,51,4,1,0,0,0,0,0,0,0,,,47,3,76.8,0,0
1,0,47,2015,10,43,19,1,4,2,0.0,0,2,51,4,1,0,0,0,0,0,0,0,,,47,3,76.8,0,0
1,0,47,2015,10,43,19,1,4,2,0.0,0,2,51,4,1,0,0,0,0,0,0,0,,,47,3,76.8,0,0
1,0,47,2015,10,43,19,1,4,2,0.0,0,2,51,4,1,0,0,0,0,0,0,0,,,47,3,76.8,0,0
1,0,47,2015,10,43,19,1,4,2,0.0,0,2,51,4,1,0,0,0,0,0,0,0,,,47,3,76.8,0,0
1,0,47,2015,10,43,19,1,4,2,0.0,0,2,51,4,1,0,0,0,0,0,0,0,,,47,3,76.8,0,0
1,0,47,2015,10,43,19,1,4,2,0.0,0,2,51,4,1,0,0,0,0,0,0,0,,,47,3,76.8,0,0
1,0,124,2015,10,43,19,1,4,2,0.0,0,0,76,6,3,0,0,0,3,3,0,0,240.0,,0,2,57.0,0,0
1,0,47,2015,10,43,19,1,4,2,0.0,0,2,51,4,1,0,0,0,0,0,0,0,,,47,3,76.8,0,0
1,0,47,2015,10,43,19,1,4,2,0.0,0,2,51,4,1,0,0,0,0,0,0,0,,,47,3,76.8,0,0
1,0,47,2015,10,43,19,1,4,2,0.0,0,2,135,4,1,0,0,0,0,0,0,0,,,47,3,76.8,0,0
1,0,3,2015,10,43,19,1,4,1,0.0,0,2,51,4,1,0,0,0,0,0,0,0,,,0,2,58.4,0,0
1,0,47,2015,10,43,19,1,4,2,0.0,0,2,51,4,1,0,0,0,0,0,0,0,,,47,3,76.8,0,0
1,0,86,2015,10,43,19,2,5,2,0.0,0,2,59,5,3,0,0,0,4,4,0,0,40.0,,0,0,79.63,0,0
1,0,69,2015,10,43,19,2,5,2,0.0,0,0,59,5,3,0,0,0,0,0,0,0,40.0,,0,0,37.56,0,0
1,0,75,2015,10,43,19,3,5,2,0.0,0,0,51,6,3,0,0,0,0,0,0,0,147.0,,0,2,36.9,0,1
1,0,118,2015,10,43,19,3,8,2,0.0,0,2,59,5,3,0,0,0,3,3,0,0,314.0,,0,2,70.0,0,1
1,1,125,2015,10,43,19,3,8,2,0.0,0,0,135,5,3,0,0,0,0,0,0,0,142.0,,0,2,62.0,0,0
1,0,60,2015,10,43,19,5,12,2,0.0,0,2,59,5,3,0,0,0,0,0,0,0,171.0,,0,2,67.56,0,0
1,0,0,2015,10,43,20,0,1,2,0.0,0,0,51,3,1,0,0,0,3,3,1,0,,,0,2,56.0,1,0
1,0,0,2015,10,43,20,0,1,2,0.0,0,0,51,3,1,0,0,0,3,3,0,0,,,0,2,56.0,0,0
1,0,0,2015,10,43,20,0,1,2,0.0,0,0,135,3,1,0,0,0,4,4,0,0,,,0,2,66.0,0,0
1,0,99,2015,10,43,20,0,2,2,0.0,0,0,56,3,1,0,0,0,5,5,1,0,250.0,,0,2,75.0,0,1
1,0,12,2015,10,43,20,0,2,1,0.0,0,0,51,6,3,0,0,0,0,5,0,0,240.0,,0,2,47.0,0,0
1,0,75,2015,10,43,20,0,5,3,0.0,0,0,59,5,3,0,0,0,0,2,0,0,314.0,,0,0,67.15,0,1
1,0,22,2015,10,43,20,0,5,3,0.0,0,0,76,5,3,0,0,0,0,5,0,0,171.0,,0,2,88.67,0,0
1,1,106,2015,10,43,20,0,5,2,2.0,0,0,135,3,1,0,0,0,6,6,1,0,250.0,,0,2,95.0,0,2
1,0,40,2015,10,43,20,2,5,3,0.0,0,2,59,5,3,0,0,0,3,3,0,0,115.0,,0,0,113.33,0,1
1,0,108,2015,10,43,20,2,5,2,0.0,0,0,59,5,3,0,0,0,0,0,0,0,314.0,,0,0,36.0,0,1
1,0,75,2015,10,43,20,2,7,2,0.0,0,0,59,5,3,0,0,0,4,4,0,0,40.0,,0,0,54.4,0,0
1,0,75,2015,10,43,20,2,8,1,0.0,0,0,43,6,3,0,0,0,0,0,1,0,240.0,,0,2,36.0,0,1
1,1,197,2015,10,43,20,2,9,1,0.0,0,0,135,6,3,0,0,0,0,0,0,0,240.0,,0,2,42.3,0,2
1,0,0,2015,10,43,21,0,0,1,0.0,0,0,135,6,3,0,0,0,0,8,0,0,240.0,,0,2,0.0,0,2
1,0,121,2015,10,43,21,0,0,1,0.0,0,0,135,6,3,0,0,0,0,8,0,0,240.0,,0,2,0.0,0,2
1,1,1,2015,10,43,21,0,1,1,0.0,0,0,135,5,3,0,0,0,0,0,0,0,146.0,,0,2,37.0,0,0
1,1,19,2015,10,43,21,0,2,2,0.0,0,0,135,5,3,0,0,0,0,0,0,0,208.0,,0,3,8.0,0,0
1,1,28,2015,10,43,21,0,2,2,0.0,0,0,135,5,3,0,0,0,0,0,0,0,208.0,,0,3,0.0,0,0
1,1,92,2015,10,43,21,0,2,2,2.0,0,0,135,6,3,0,0,0,6,6,0,0,240.0,,0,2,95.0,0,0
1,1,28,2015,10,43,21,0,2,2,0.0,0,0,135,5,3,0,0,0,0,0,0,0,208.0,,0,3,0.0,0,0
1,0,19,2015,10,43,21,0,2,2,0.0,0,2,56,5,3,0,0,0,0,3,2,0,208.0,,0,3,70.0,0,0
1,0,28,2015,10,43,21,0,2,2,0.0,0,2,56,5,3,0,0,0,0,2,0,0,208.0,,0,3,70.0,0,0
1,1,19,2015,10,43,21,0,2,1,0.0,0,2,135,5,3,0,0,0,0,0,0,0,208.0,,0,3,60.0,0,0
1,0,83,2015,10,43,21,0,3,2,0.0,0,0,135,6,3,0,0,0,0,0,0,0,241.0,,0,2,34.65,0,2
1,0,40,2015,10,43,21,0,3,2,0.0,0,0,75,6,3,0,0,0,3,3,0,0,240.0,,0,2,56.0,1,3
1,0,83,2015,10,43,21,0,3,2,0.0,0,0,135,6,3,0,0,0,0,0,0,0,241.0,,0,2,41.98,1,2
1,0,54,2015,10,43,21,0,4,2,0.0,0,0,59,5,3,0,0,0,0,0,0,0,177.0,,0,2,40.05,0,0
1,0,86,2015,10,43,21,0,4,2,0.0,0,0,51,6,3,0,0,0,3,3,0,0,240.0,,0,2,61.0,1,2
1,1,145,2015,10,43,21,1,4,2,0.0,0,0,135,6,3,0,0,0,3,3,0,0,240.0,,0,2,66.0,0,0
1,1,120,2015,10,43,21,2,4,2,1.0,0,0,135,6,3,0,0,0,0,0,1,0,241.0,,0,2,34.65,0,1
1,1,118,2015,10,43,21,2,4,2,1.0,0,0,135,6,3,0,0,0,0,0,0,0,241.0,,0,2,45.55,0,2
1,1,107,2015,10,43,21,2,5,2,0.0,0,0,135,6,3,0,0,0,3,3,0,0,240.0,,0,2,55.0,0,1
1,0,34,2015,10,43,21,2,5,2,0.0,0,0,100,3,1,0,0,0,4,4,0,0,250.0,,0,2,59.4,0,0
1,0,48,2015,10,43,21,2,5,2,0.0,0,2,56,6,3,0,0,0,0,3,1,0,240.0,,0,2,86.0,0,3
1,0,92,2015,10,43,21,2,5,2,0.0,0,0,59,6,3,0,0,0,3,4,0,0,240.0,,0,2,66.43,0,1
1,0,160,2015,10,43,21,2,5,1,0.0,0,0,54,3,1,0,0,0,0,3,1,0,,,0,2,47.0,0,0
1,0,21,2015,10,43,21,2,5,2,0.0,0,2,59,6,3,0,0,0,4,4,1,0,240.0,,0,2,112.29,0,1
1,1,107,2015,10,43,21,2,5,2,0.0,0,0,135,6,3,0,0,0,3,3,0,0,240.0,,0,2,55.0,0,1
1,0,21,2015,10,43,21,2,5,2,0.0,0,0,56,6,3,0,0,0,0,0,0,0,240.0,,0,2,70.0,1,2
1,1,30,2015,10,43,21,0,4,2,0.0,0,0,135,6,3,0,0,0,3,3,0,0,242.0,,0,2,59.4,0,0
1,0,92,2015,10,43,22,1,3,2,0.0,0,0,40,6,3,0,0,0,0,4,0,0,240.0,,0,3,40.5,0,2
1,0,24,2015,10,43,22,1,3,2,0.0,0,0,59,6,3,0,0,0,4,5,0,0,241.0,,0,2,61.6,0,2
1,0,36,2015,10,43,22,1,3,2,0.0,0,0,59,5,3,0,0,0,0,2,0,0,2.0,,0,0,42.5,0,0
1,0,24,2015,10,43,22,2,3,2,0.0,0,0,15,6,3,0,0,0,4,4,1,0,240.0,,0,3,82.0,1,2
1,0,47,2015,10,43,22,2,5,2,0.0,0,2,59,5,3,0,0,0,5,5,0,0,177.0,,0,2,81.0,0,0
1,0,21,2015,10,43,22,2,5,2,0.0,0,0,59,5,3,0,0,0,3,3,0,0,243.0,,0,3,60.0,1,2
1,0,21,2015,10,43,22,2,5,2,0.0,0,0,59,5,3,0,0,0,0,2,0,0,243.0,,0,2,43.93,0,0
1,0,0,2015,10,43,22,2,5,2,0.0,0,0,59,5,3,0,0,0,0,3,0,0,243.0,,0,2,42.5,0,1
1,1,3,2015,10,43,22,2,5,2,0.0,0,0,135,3,1,0,0,0,0,7,0,0,250.0,,0,2,36.0,0,0
1,0,133,2015,10,43,22,2,5,2,0.0,0,0,59,5,3,0,0,0,3,3,0,0,243.0,,0,2,60.0,1,1
1,1,122,2015,10,43,22,1,3,1,0.0,0,0,135,6,3,0,0,0,0,3,0,0,240.0,,0,2,36.0,0,2
1,0,122,2015,10,43,22,1,3,2,0.0,0,0,51,6,3,0,0,0,3,4,0,0,240.0,,0,2,55.0,2,2
1,0,92,2015,10,43,22,1,3,1,0.0,0,0,59,6,3,0,0,0,0,4,1,0,240.0,,0,3,40.5,0,2
1,1,64,2015,10,43,22,1,3,2,0.0,0,0,135,6,3,0,0,0,0,0,0,0,240.0,,0,2,50.4,0,2
1,0,120,2015,10,43,22,1,3,2,0.0,0,0,59,6,3,0,0,0,0,4,0,0,240.0,,0,2,40.5,0,0
1,0,122,2015,10,43,22,1,3,2,0.0,0,0,51,6,3,0,0,0,3,4,0,0,240.0,,0,2,55.0,0,2
1,0,122,2015,10,43,22,1,3,1,0.0,0,0,51,6,3,0,0,0,0,3,0,0,240.0,,0,2,36.0,0,2
1,0,122,2015,10,43,22,1,3,2,0.0,0,0,51,6,3,0,0,0,3,4,0,0,240.0,,0,2,55.0,0,2
1,0,122,2015,10,43,22,1,3,2,0.0,0,0,51,6,3,0,0,0,3,4,0,0,240.0,,0,2,55.0,0,2
1,0,19,2015,10,43,22,1,3,2,0.0,0,0,56,6,3,0,0,0,4,4,0,0,240.0,,0,2,81.5,0,1
1,0,24,2015,10,43,22,1,3,1,0.0,0,0,15,6,3,0,0,0,0,4,1,0,240.0,,0,2,56.4,1,1
1,0,21,2015,10,43,22,2,5,2,0.0,0,0,59,5,3,0,0,0,0,0,0,0,243.0,,0,3,42.5,0,2
1,0,21,2015,10,43,22,2,5,2,0.0,0,0,59,5,3,0,0,0,3,3,0,0,243.0,,0,2,55.43,0,0
1,0,52,2015,10,43,22,2,5,2,0.0,0,2,59,5,3,0,0,0,0,0,1,0,26.0,,0,0,70.31,0,0
1,0,61,2015,10,43,22,0,3,2,2.0,0,0,51,6,3,0,0,0,6,6,0,0,240.0,,0,2,104.67,0,0
1,0,24,2015,10,43,22,0,3,2,0.0,0,0,15,6,3,0,0,0,4,4,0,0,240.0,,0,3,76.0,0,2
1,0,24,2015,10,43,22,0,3,2,0.0,0,0,15,6,3,0,0,0,4,4,0,0,240.0,,0,3,76.0,0,2
1,0,24,2015,10,43,22,0,3,2,0.0,0,0,15,6,3,0,0,0,4,4,0,0,240.0,,0,3,76.0,0,2
1,1,29,2015,10,43,22,0,3,2,0.0,0,0,135,3,1,0,0,0,3,3,1,0,,317.0,0,2,56.0,0,0
1,1,22,2015,10,43,22,0,3,1,0.0,0,0,135,6,3,0,0,0,0,5,0,0,,,0,2,66.0,0,0
1,0,24,2015,10,43,22,0,3,2,0.0,0,0,15,6,3,0,0,0,4,6,0,0,240.0,,0,3,82.0,1,2
1,0,29,2015,10,43,22,1,3,2,0.0,0,0,135,3,1,0,0,0,3,3,2,0,,317.0,0,3,56.0,0,0
1,0,4,2015,10,43,23,0,1,2,0.0,0,0,135,6,3,0,0,0,3,3,0,0,240.0,,0,2,77.0,0,1
1,0,10,2015,10,43,23,0,1,2,0.0,0,0,51,6,3,0,0,0,0,3,0,0,240.0,,0,2,50.4,0,2
1,0,0,2015,10,43,23,0,1,2,0.0,0,0,135,3,1,0,0,0,3,3,0,0,,,0,2,73.0,1,1
1,0,1,2015,10,43,23,0,2,2,0.0,0,0,135,6,3,0,0,0,3,3,0,0,240.0,,0,2,72.0,1,1
1,0,30,2015,10,43,23,0,2,2,0.0,0,0,135,3,1,0,0,0,3,3,2,0,,317.0,0,3,56.0,0,0
1,0,29,2015,10,43,23,0,2,2,0.0,0,0,135,3,1,0,0,0,0,3,0,0,,,0,3,56.0,0,2
1,0,11,2015,10,43,23,0,2,1,0.0,0,0,51,1,3,0,0,0,5,6,0,0,253.0,,0,2,0.0,0,1
1,0,29,2015,10,43,23,0,2,2,0.0,0,0,51,3,1,0,0,0,0,3,0,0,,,0,3,56.0,0,2
1,0,0,2015,10,43,23,0,2,2,0.0,0,0,135,3,1,0,0,0,0,0,1,0,,,0,2,64.0,1,0
1,0,3,2015,10,43,23,0,2,2,0.0,0,0,135,6,3,0,0,0,3,3,0,0,240.0,,0,2,66.0,0,1
1,0,29,2015,10,43,23,0,2,2,0.0,0,0,135,3,1,0,0,0,0,3,2,0,,,0,3,56.0,0,1
1,0,0,2015,10,43,23,1,2,2,0.0,0,0,135,3,1,0,0,0,3,3,0,0,,,0,2,70.0,1,0
1,0,93,2015,10,43,23,2,2,2,0.0,0,0,59,6,3,0,0,0,0,0,0,0,241.0,,0,2,34.65,0,1
1,0,39,2015,10,43,23,2,2,2,0.0,0,0,76,6,3,0,0,0,3,3,0,0,240.0,,0,2,58.0,0,0
1,0,93,2015,10,43,23,2,2,2,0.0,0,0,59,6,3,0,0,0,0,3,0,0,241.0,,0,2,34.65,0,1
1,0,119,2015,10,43,23,2,3,2,0.0,0,0,59,5,3,0,0,0,0,2,0,0,2.0,,0,0,44.5,0,1
1,0,119,2015,10,43,23,2,3,2,0.0,0,0,59,5,3,0,0,0,0,2,0,0,2.0,,0,0,44.5,0,1
1,0,73,2015,10,43,23,2,4,2,0.0,0,0,76,6,3,0,0,0,0,0,0,0,241.0,,0,2,38.92,1,1
1,0,51,2015,10,43,23,2,5,2,0.0,0,2,59,3,1,0,0,0,5,5,0,0,250.0,,0,2,119.43,1,0
1,1,165,2015,10,43,23,2,5,1,0.0,0,0,135,6,3,0,0,0,0,0,0,0,240.0,,0,2,47.0,0,2
1,1,165,2015,10,43,23,2,5,2,0.0,0,0,135,6,3,0,0,0,0,0,0,0,240.0,,0,2,56.0,0,1
1,0,27,2015,10,43,23,2,5,2,0.0,0,0,51,6,3,0,0,0,3,3,0,0,240.0,,0,2,56.0,0,0
1,1,165,2015,10,43,23,2,5,2,0.0,0,0,135,6,3,0,0,0,0,0,0,0,240.0,,0,2,56.0,0,2
1,1,165,2015,10,43,23,2,5,1,0.0,0,0,135,6,3,0,0,0,0,0,0,0,240.0,,0,2,47.0,0,2
1,1,52,2015,10,43,23,2,5,2,0.0,0,2,135,6,3,0,0,0,4,4,0,0,240.0,,0,2,106.0,0,2
1,0,22,2015,10,43,23,2,5,3,0.0,0,2,59,5,3,0,0,0,0,1,0,0,2.0,,0,2,99.5,0,0
1,0,72,2015,10,43,23,4,7,2,0.0,0,0,59,5,3,0,0,0,4,4,0,0,5.0,,0,2,52.51,0,0
1,0,23,2015,10,43,23,4,11,1,0.0,0,0,54,6,3,0,0,0,0,0,2,0,240.0,,0,2,49.8,0,0
1,0,13,2015,10,43,23,0,2,2,0.0,0,0,135,6,3,0,0,0,0,3,0,0,240.0,,0,2,73.0,1,0
1,0,39,2015,10,43,23,0,2,2,0.0,0,2,51,3,1,0,0,0,4,4,0,0,250.0,,0,2,96.0,0,0
1,0,163,2015,10,43,23,1,2,1,0.0,0,0,59,6,3,0,0,0,0,2,0,0,240.0,,0,3,47.0,0,1
1,0,30,2015,10,43,23,1,2,2,0.0,0,0,135,3,1,0,0,0,3,3,4,0,,317.0,0,3,56.0,0,0
1,1,7,2015,10,43,23,0,2,2,1.0,0,0,135,3,1,0,0,0,6,6,0,0,,,0,2,106.0,0,2
1,0,11,2015,10,43,23,0,2,2,0.0,0,0,51,6,3,0,0,0,0,3,0,0,240.0,,0,2,66.3,1,1
1,1,111,2015,10,43,23,1,2,2,0.0,0,0,135,6,3,0,0,0,0,0,0,0,240.0,,0,2,45.0,0,1
1,0,0,2015,10,43,24,0,1,1,0.0,0,0,135,3,1,0,0,0,0,0,0,0,,,0,2,39.0,1,0
1,1,148,2015,10,43,24,0,1,2,0.0,0,0,135,4,1,0,0,0,0,0,0,1,,,0,2,47.0,0,0
1,1,148,2015,10,43,24,0,1,2,0.0,0,0,135,4,1,0,0,0,0,0,0,1,,,0,2,47.0,0,0
1,1,148,2015,10,43,24,0,1,1,0.0,0,0,135,4,1,0,0,0,0,0,0,1,,,0,2,39.0,0,0
1,1,148,2015,10,43,24,0,1,1,0.0,0,0,135,4,1,0,0,0,0,0,0,1,,,0,2,39.0,0,0
1,1,148,2015,10,43,24,0,1,1,0.0,0,0,135,4,1,0,0,0,0,0,0,1,,,0,2,39.0,0,0
1,1,148,2015,10,43,24,0,1,2,0.0,0,0,135,4,1,0,0,0,0,0,0,1,,,0,2,47.0,0,0
1,1,148,2015,10,43,24,0,1,2,0.0,0,0,135,4,1,0,0,0,0,0,0,1,,,0,2,47.0,0,0
1,1,148,2015,10,43,24,0,1,2,0.0,0,0,135,4,1,0,0,0,0,0,0,1,,,0,2,47.0,0,0
1,1,148,2015,10,43,24,0,1,1,0.0,0,0,135,4,1,0,0,0,0,0,0,1,,,0,2,39.0,0,0
1,1,148,2015,10,43,24,0,1,1,0.0,0,0,135,4,1,0,0,0,0,0,0,1,,,0,2,39.0,0,0
1,1,148,2015,10,43,24,0,1,2,0.0,0,0,135,4,1,0,0,0,0,0,0,1,,,0,2,47.0,0,0
1,1,148,2015,10,43,24,0,1,2,0.0,0,0,135,4,1,0,0,0,0,0,0,1,,,0,2,47.0,0,0
1,1,148,2015,10,43,24,0,1,1,0.0,0,0,135,4,1,0,0,0,0,0,0,1,,,0,2,39.0,0,0
1,1,148,2015,10,43,24,0,1,1,0.0,0,0,135,4,1,0,0,0,0,0,0,1,,,0,2,39.0,0,0
1,1,148,2015,10,43,24,0,1,2,0.0,0,0,135,4,1,0,0,0,0,0,0,1,,,0,2,47.0,0,0
1,1,148,2015,10,43,24,0,1,2,0.0,0,0,135,4,1,0,0,0,0,0,0,1,,,0,2,47.0,0,0
1,1,148,2015,10,43,24,0,1,1,0.0,0,0,135,4,1,0,0,0,0,0,0,1,,,0,2,39.0,0,0
1,1,148,2015,10,43,24,0,1,1,0.0,0,0,135,4,1,0,0,0,0,0,0,1,,,0,2,39.0,0,0
1,1,53,2015,10,43,24,0,1,2,0.0,0,0,135,6,3,0,0,0,3,3,0,0,240.0,,0,2,66.0,0,3
1,1,148,2015,10,43,24,0,1,2,0.0,0,0,135,4,1,0,0,0,0,0,0,1,,,0,2,47.0,0,0
1,1,148,2015,10,43,24,0,1,2,0.0,0,0,135,4,1,0,0,0,0,0,0,1,,,0,2,47.0,0,0
1,1,148,2015,10,43,24,0,1,2,0.0,0,0,135,4,1,0,0,0,0,0,0,1,,,0,2,47.0,0,0
1,1,148,2015,10,43,24,0,1,1,0.0,0,0,135,4,1,0,0,0,0,0,0,1,,,0,2,39.0,0,0
1,1,148,2015,10,43,24,0,1,1,0.0,0,0,135,4,1,0,0,0,0,0,0,1,,,0,2,39.0,0,0
1,1,148,2015,10,43,24,0,1,1,0.0,0,0,135,4,1,0,0,0,0,0,0,1,,,0,2,39.0,0,0
1,1,53,2015,10,43,24,0,1,2,0.0,0,0,135,6,3,0,0,0,3,3,0,0,240.0,,0,2,66.0,0,3
1,1,148,2015,10,43,24,0,1,2,0.0,0,0,135,4,1,0,0,0,0,0,0,1,,,0,2,47.0,0,0
1,1,148,2015,10,43,24,0,1,2,0.0,0,0,135,4,1,0,0,0,0,0,0,1,,,0,2,47.0,0,0
1,1,148,2015,10,43,24,0,1,2,0.0,0,0,135,4,1,0,0,0,0,0,0,1,,,0,2,47.0,0,0
1,1,148,2015,10,43,24,0,1,1,0.0,0,0,135,4,1,0,0,0,0,0,0,1,,,0,2,39.0,0,0
1,1,148,2015,10,43,24,0,1,1,0.0,0,0,135,4,1,0,0,0,0,0,0,1,,,0,2,39.0,0,0
1,1,148,2015,10,43,24,0,1,2,0.0,0,0,135,4,1,0,0,0,0,0,0,1,,,0,2,47.0,0,0
1,1,148,2015,10,43,24,0,1,2,0.0,0,0,135,4,1,0,0,0,0,0,0,1,,,0,2,47.0,0,0
1,1,148,2015,10,43,24,0,1,2,0.0,0,0,135,4,1,0,0,0,0,0,0,1,,,0,2,47.0,0,0
1,1,148,2015,10,43,24,0,1,1,0.0,0,0,135,4,1,0,0,0,0,0,0,1,,,0,2,39.0,0,0
1,1,148,2015,10,43,24,0,1,1,0.0,0,0,135,4,1,0,0,0,0,0,0,1,,,0,2,39.0,0,0
1,1,148,2015,10,43,24,0,1,1,0.0,0,0,135,4,1,0,0,0,0,0,0,1,,,0,2,39.0,0,0
1,1,99,2015,10,43,24,1,1,2,0.0,0,0,135,6,3,0,0,0,4,4,0,0,240.0,,0,2,65.0,0,2
1,0,3,2015,10,43,24,1,1,2,0.0,0,0,59,6,3,0,0,0,4,4,0,0,240.0,,0,2,76.0,0,1
1,1,4,2015,10,43,24,2,1,2,0.0,0,0,135,3,1,0,0,0,3,3,0,0,,,0,2,45.0,0,0
1,0,9,2015,10,43,24,2,1,2,0.0,0,0,135,6,3,0,0,0,3,3,0,0,240.0,,0,2,66.0,0,1
1,1,9,2015,10,43,24,2,1,2,0.0,0,0,135,5,3,0,0,0,3,3,0,0,171.0,,0,2,54.0,0,0
1,1,4,2015,10,43,24,2,1,2,0.0,0,0,135,3,1,0,0,0,0,0,0,0,,,0,2,45.0,0,0
1,0,50,2015,10,43,24,2,2,2,0.0,0,0,59,5,3,0,0,0,0,0,0,0,177.0,,0,2,42.05,0,0
1,0,5,2015,10,43,24,2,2,2,0.0,0,0,59,5,3,0,0,0,0,0,0,0,314.0,,0,2,47.0,0,0
1,0,98,2015,10,43,24,2,3,2,0.0,0,0,76,5,3,0,0,0,4,4,0,0,175.0,,0,2,52.0,0,0
1,1,110,2015,10,43,24,1,1,2,0.0,0,0,135,6,3,0,0,0,4,4,0,0,240.0,,0,2,65.0,0,1
1,0,96,2015,10,43,24,2,4,2,2.0,0,0,175,6,3,0,0,0,6,6,0,0,240.0,,0,2,96.67,0,3
1,1,40,2015,10,43,24,2,5,2,0.0,0,0,135,6,3,0,0,0,4,4,0,0,240.0,,0,2,76.0,0,2
1,1,40,2015,10,43,24,2,5,2,0.0,0,0,135,6,3,0,0,0,4,4,0,0,240.0,,0,2,76.0,0,2
1,0,50,2015,10,43,24,2,5,2,0.0,0,0,59,5,3,0,0,0,0,0,0,0,143.0,,0,0,42.5,0,1
1,0,120,2015,10,43,24,4,6,2,0.0,0,0,76,5,3,0,0,0,0,0,0,0,175.0,,0,2,34.56,0,0
1,0,9,2015,10,43,24,4,7,2,0.0,0,0,29,6,3,0,0,0,3,3,0,0,240.0,,0,2,63.82,0,2
1,0,28,2015,10,43,24,0,1,2,0.0,0,0,135,3,1,0,0,0,4,5,0,0,250.0,,0,2,66.0,1,0
1,1,148,2015,10,43,24,0,1,2,0.0,0,0,135,4,1,0,0,0,0,0,0,1,,,0,2,47.0,0,0
1,1,148,2015,10,43,24,0,1,2,0.0,0,0,135,4,1,0,0,0,0,0,0,1,,,0,2,47.0,0,0
1,1,148,2015,10,43,24,0,1,1,0.0,0,0,135,4,1,0,0,0,0,0,0,1,,,0,2,39.0,0,0
1,1,148,2015,10,43,24,0,1,1,0.0,0,0,135,4,1,0,0,0,0,0,0,1,,,0,2,39.0,0,0
1,1,148,2015,10,43,24,0,1,1,0.0,0,0,135,4,1,0,0,0,0,0,0,1,,,0,2,39.0,0,0
1,0,1,2015,10,43,24,0,1,2,0.0,0,0,135,6,3,0,0,0,0,3,0,0,240.0,,0,2,67.0,0,3
1,1,16,2015,10,44,25,2,3,2,2.0,0,0,135,6,3,0,0,0,6,6,0,0,240.0,,0,2,106.0,0,0
1,0,115,2015,10,44,25,2,4,2,0.0,0,0,76,5,3,0,0,0,0,0,0,0,8.0,,0,0,36.0,0,2
1,0,62,2015,10,44,25,2,4,1,1.0,0,0,59,5,3,0,0,0,3,3,0,0,314.0,,0,0,44.8,0,0
1,0,68,2015,10,44,25,2,5,2,0.0,0,2,59,5,3,0,0,0,0,0,0,0,243.0,,0,0,69.93,0,0
1,0,62,2015,10,44,25,2,5,2,0.0,0,0,43,6,3,0,0,0,0,0,1,0,240.0,,0,2,47.0,0,2
1,0,9,2015,10,44,25,3,5,2,1.0,0,0,76,6,3,0,0,0,2,2,0,0,242.0,,0,2,75.0,0,0
1,0,35,2015,10,44,26,0,0,2,0.0,0,0,135,6,3,0,0,0,3,3,0,0,242.0,,0,2,0.0,0,0
1,0,1,2015,10,44,26,1,0,2,0.0,0,0,135,6,3,0,0,0,0,0,0,0,240.0,,0,2,54.0,1,0
1,1,51,2015,10,44,26,1,2,2,0.0,0,0,135,5,3,0,0,0,3,3,1,0,8.0,,0,0,48.6,0,1
1,1,25,2015,10,44,26,1,2,2,0.0,0,0,135,5,3,0,0,0,3,3,0,0,8.0,,0,0,48.6,0,1
1,0,60,2015,10,44,26,1,4,2,0.0,0,0,76,6,3,0,0,0,4,4,1,0,240.0,,0,2,66.0,0,2
1,1,27,2015,10,44,26,5,14,1,0.0,0,0,135,2,0,0,0,0,0,4,0,0,,281.0,0,2,36.0,0,3
1,0,24,2015,10,44,26,7,15,1,0.0,0,0,12,2,0,0,0,0,4,6,2,0,185.0,281.0,0,3,52.2,0,0
1,1,114,2015,10,44,26,7,16,1,0.0,0,0,135,4,0,0,0,0,0,0,0,1,281.0,,0,0,36.0,0,0
1,1,114,2015,10,44,26,7,16,1,0.0,0,0,135,4,0,0,0,0,0,0,0,1,281.0,,0,0,36.0,0,0
1,1,114,2015,10,44,26,7,16,1,0.0,0,0,135,4,0,0,0,0,0,0,0,1,281.0,,0,0,36.0,0,0
1,1,114,2015,10,44,26,7,16,1,0.0,0,0,135,4,0,0,0,0,0,0,0,1,281.0,,0,0,36.0,0,0
1,1,114,2015,10,44,26,7,16,1,0.0,0,0,135,4,0,0,0,0,0,0,0,1,281.0,,0,2,36.0,0,0
1,0,3,2015,10,44,27,0,1,2,0.0,0,0,135,6,3,0,0,0,0,0,0,0,240.0,,0,2,43.2,0,1
1,0,0,2015,10,44,27,0,1,1,0.0,0,0,135,3,1,0,0,0,3,3,0,0,,,0,2,45.0,0,0
1,0,0,2015,10,44,27,0,1,2,0.0,0,0,123,3,1,0,0,0,4,4,1,0,,,0,2,66.0,1,0
1,0,0,2015,10,44,27,0,1,2,0.0,0,0,135,6,3,0,0,0,0,0,0,0,240.0,,0,2,48.0,1,1
1,0,0,2015,10,44,27,0,1,1,0.0,0,0,135,3,1,0,0,0,3,3,0,0,,,0,2,45.0,0,0
1,1,0,2015,10,44,27,0,1,2,0.0,0,0,135,4,1,0,0,0,0,0,0,0,,,0,2,36.0,0,0
1,0,3,2015,10,44,27,0,2,2,0.0,0,0,12,6,3,0,0,0,0,0,0,0,240.0,,0,2,49.2,1,1
1,0,10,2015,10,44,27,0,2,2,0.0,0,2,51,5,3,0,0,0,0,0,0,0,196.0,,0,3,72.5,0,2
1,0,0,2015,10,44,27,0,2,2,0.0,0,0,11,6,3,0,0,0,0,0,0,0,240.0,,0,2,48.0,0,1
1,0,0,2015,10,44,27,0,2,2,0.0,0,0,51,6,3,0,0,0,0,0,0,0,240.0,,0,2,58.0,0,2
1,0,10,2015,10,44,27,0,2,2,0.0,0,2,51,5,3,0,0,0,0,0,0,0,196.0,,0,3,72.5,0,2
1,0,1,2015,10,44,27,0,3,1,0.0,0,0,135,6,3,0,0,0,0,0,0,0,240.0,,0,2,39.0,0,1
1,0,34,2015,10,44,27,0,4,2,0.0,0,0,76,6,3,0,0,0,3,5,0,0,240.0,,0,2,56.0,0,1
1,0,42,2015,10,44,27,0,4,2,0.0,0,0,133,6,3,0,0,0,3,3,0,0,240.0,,0,2,77.0,1,2
1,0,3,2015,10,44,27,2,5,2,0.0,0,2,54,6,3,0,0,0,0,0,1,0,240.0,,0,2,70.2,0,3
1,0,61,2015,10,44,27,2,5,2,1.0,0,0,135,5,3,0,0,0,0,0,0,0,156.0,,0,2,49.01,0,1
1,0,0,2015,10,44,28,0,1,2,0.0,0,0,135,3,1,0,0,0,3,3,0,0,,,0,2,48.0,1,0
1,0,2,2015,10,44,28,0,1,1,0.0,0,0,135,2,0,0,0,0,0,0,0,0,,118.0,0,2,48.0,0,0
1,0,19,2015,10,44,28,0,1,2,0.0,0,2,135,6,3,0,0,0,0,0,2,0,240.0,,0,2,77.4,0,0
1,0,0,2015,10,44,28,0,1,1,0.0,0,0,135,2,0,0,0,0,0,0,0,0,,,0,2,48.0,0,0
1,0,49,2015,10,44,28,2,5,1,0.0,0,2,29,3,1,0,0,0,0,0,1,0,,,0,2,63.76,0,1
1,0,49,2015,10,44,28,2,5,1,0.0,0,2,56,3,1,0,0,0,0,0,0,0,,,0,2,69.76,1,1
1,0,49,2015,10,44,28,2,5,1,0.0,0,2,29,3,1,0,0,0,0,0,0,0,,,0,2,63.76,0,1
1,0,49,2015,10,44,28,2,5,1,0.0,0,2,29,3,1,0,0,0,0,0,0,0,,,0,2,65.19,0,1
1,0,0,2015,10,44,28,0,1,1,0.0,0,0,43,2,0,0,0,0,0,3,0,0,,59.0,0,2,48.0,0,0
1,0,2,2015,10,44,28,0,2,1,0.0,0,0,135,3,1,0,0,0,0,0,0,0,,,0,2,39.0,0,0
1,0,1,2015,10,44,29,0,1,2,0.0,0,0,135,3,1,0,0,0,0,3,0,0,,,0,2,48.0,1,0
1,0,1,2015,10,44,29,0,1,1,0.0,0,0,135,6,3,0,0,0,0,3,0,0,240.0,,0,2,39.0,1,0
1,0,2,2015,10,44,29,0,2,1,0.0,0,0,169,6,3,0,0,0,0,3,0,0,240.0,,0,2,35.1,0,1
1,0,2,2015,10,44,29,0,2,2,0.0,0,0,135,6,3,0,0,0,0,3,1,0,240.0,,0,2,41.1,1,1
1,0,3,2015,10,44,29,0,1,2,0.0,0,0,135,6,3,0,0,0,0,0,0,0,240.0,,0,2,48.0,0,1
1,1,7,2015,10,44,29,0,1,1,0.0,0,0,135,2,0,0,0,0,0,0,0,0,,274.0,0,2,48.0,0,0
1,0,3,2015,10,44,29,0,3,2,0.0,0,0,135,6,3,0,0,0,0,0,1,0,240.0,,0,2,48.0,0,2
1,0,2,2015,10,44,29,0,3,2,0.0,0,0,135,4,1,0,0,0,0,4,1,0,,,0,2,42.0,1,0
1,0,3,2015,10,44,29,0,3,2,0.0,0,0,135,6,3,0,0,0,0,0,2,0,240.0,,0,2,48.0,0,2
1,0,153,2015,10,44,29,0,3,2,0.0,0,0,135,4,1,0,0,0,0,0,0,0,,,0,2,36.0,0,0
1,0,153,2015,10,44,29,1,3,2,0.0,0,0,135,4,1,0,0,0,0,0,1,0,,,0,2,36.0,0,0
1,1,63,2015,10,44,29,3,8,2,0.0,0,0,135,3,1,0,0,0,4,4,0,0,250.0,,0,2,56.02,0,0
1,0,153,2015,10,44,29,2,3,2,0.0,0,0,135,4,1,0,0,0,0,0,0,0,,,0,3,36.0,0,0
1,0,1,2015,10,44,30,0,1,1,0.0,0,0,135,3,1,0,0,0,5,5,0,0,,,0,2,76.0,1,1
1,0,2,2015,10,44,30,0,1,2,0.0,0,0,51,6,3,0,0,0,0,3,1,0,240.0,,0,2,48.0,0,2
1,0,16,2015,10,44,30,0,1,2,0.0,0,0,135,3,1,0,0,0,3,3,0,0,250.0,,0,2,56.0,0,0
1,0,1,2015,10,44,30,0,2,2,0.0,0,0,135,3,1,0,0,0,3,3,0,0,,,0,2,48.0,0,0
1,0,154,2015,10,44,30,0,2,2,0.0,0,0,135,4,1,0,0,0,0,0,0,0,,,0,2,36.0,0,0
1,0,154,2015,10,44,30,0,2,2,0.0,0,0,135,4,1,0,0,0,0,0,0,0,,,0,2,36.0,0,0
1,0,25,2015,10,44,30,0,2,2,0.0,0,0,169,6,3,0,0,0,0,0,0,0,240.0,,0,2,56.0,0,0
1,0,3,2015,10,44,30,0,2,2,0.0,0,0,135,4,1,0,0,0,0,3,0,0,,,0,2,42.0,1,1
1,0,154,2015,10,44,30,0,2,2,0.0,0,0,135,4,1,0,0,0,0,0,0,0,,,0,2,42.0,1,0
1,0,13,2015,10,44,30,0,2,2,0.0,1,0,135,6,3,0,0,0,4,4,1,0,240.0,,0,2,76.0,0,3
1,0,6,2015,10,44,30,1,2,2,0.0,0,0,51,3,1,0,0,0,0,0,0,0,,,0,2,54.0,1,0
1,0,1,2015,10,44,30,0,0,1,0.0,0,0,135,6,3,0,0,0,0,0,0,0,240.0,,0,2,0.0,0,0
1,0,3,2015,10,44,30,0,2,2,0.0,0,0,135,4,1,0,0,0,0,3,0,0,,,0,2,36.0,0,1
1,0,3,2015,10,44,30,0,2,2,0.0,0,0,135,3,1,0,0,0,5,5,0,0,,,0,2,72.0,1,1
1,0,4,2015,10,44,30,1,2,2,0.0,0,0,51,6,3,0,0,0,0,0,0,0,240.0,,0,2,48.0,0,1
1,0,11,2015,10,44,30,1,2,2,0.0,0,0,51,5,3,0,0,0,0,0,0,0,177.0,,0,3,41.45,0,1
1,0,11,2015,10,44,30,1,2,2,0.0,0,0,51,5,3,0,0,0,0,0,0,0,177.0,,0,3,47.45,1,1
1,0,154,2015,10,44,30,1,2,2,0.0,0,0,135,4,1,0,0,0,0,0,0,0,,,0,2,36.0,0,0
1,0,4,2015,10,44,30,1,2,1,0.0,0,0,135,6,3,0,0,0,4,4,0,0,241.0,,0,2,47.12,0,0
1,0,45,2015,10,44,30,1,2,2,0.0,0,0,34,5,3,0,0,0,3,3,0,0,96.0,,0,2,54.0,0,1
1,0,11,2015,10,44,30,1,2,2,0.0,0,0,51,5,3,0,0,0,0,0,0,0,,,0,2,45.66,0,1
1,0,7,2015,10,44,30,2,2,2,0.0,0,0,37,3,1,0,0,0,4,4,2,0,,,0,2,36.0,0,0
1,0,85,2015,10,44,30,2,5,2,0.0,0,0,15,6,3,0,0,0,3,3,0,0,241.0,,0,2,37.4,0,1
1,0,4,2015,10,44,30,2,6,2,0.0,0,0,59,6,3,0,0,0,4,4,0,0,241.0,,0,2,49.74,0,0
1,0,10,2015,10,44,31,0,0,1,0.0,0,0,135,6,3,0,0,0,0,4,0,0,240.0,,0,2,0.0,0,0
1,0,12,2015,10,44,31,0,1,2,0.0,0,0,135,6,3,0,0,0,0,3,0,0,240.0,,0,2,50.4,0,1
1,0,5,2015,10,44,31,0,1,2,0.0,0,0,135,4,1,0,0,0,0,0,0,0,,,0,2,36.0,0,0
1,1,155,2015,10,44,31,0,1,2,0.0,0,0,135,4,1,0,0,0,0,0,0,1,,,0,2,36.0,0,0
1,1,155,2015,10,44,31,0,1,2,0.0,0,0,135,4,1,0,0,0,0,0,0,1,,,0,2,36.0,0,0
1,0,155,2015,10,44,31,0,1,2,0.0,0,0,29,4,1,0,0,0,0,0,0,0,,,0,2,36.0,0,0
1,1,155,2015,10,44,31,0,1,2,0.0,0,0,135,4,1,0,0,0,0,0,0,1,,,0,2,36.0,0,0
1,0,155,2015,10,44,31,0,1,2,0.0,0,0,135,4,1,0,0,0,0,0,0,0,,,0,2,36.0,0,1
1,1,155,2015,10,44,31,0,1,2,0.0,0,0,135,4,1,0,0,0,0,0,0,1,,,0,2,36.0,0,0
1,1,155,2015,10,44,31,0,1,2,0.0,0,0,135,4,1,0,0,0,0,0,0,0,,,0,2,56.0,0,0
1,0,4,2015,10,44,31,0,1,1,0.0,0,0,135,4,1,0,0,0,5,5,0,0,,,0,2,72.0,1,0
1,0,4,2015,10,44,31,0,1,2,0.0,0,0,135,5,3,0,0,0,0,0,0,0,330.0,,0,2,44.5,0,0
1,0,0,2015,10,44,31,0,1,2,0.0,0,0,51,3,1,0,0,0,3,3,0,0,,,0,2,49.0,0,0
1,0,3,2015,10,44,31,0,1,2,0.0,0,0,135,4,1,0,0,0,0,0,0,0,,,0,2,36.0,1,0
1,0,8,2015,10,44,31,0,1,2,0.0,0,0,135,6,3,0,0,0,0,3,0,0,240.0,,0,2,48.0,0,1
1,0,0,2015,10,44,31,0,1,2,1.0,0,0,135,6,3,0,0,0,0,3,1,0,240.0,,0,2,49.0,0,0
1,1,155,2015,10,44,31,0,1,1,0.0,0,0,135,4,1,0,0,0,0,3,0,0,,,0,2,36.0,0,0
1,1,155,2015,10,44,31,0,1,2,0.0,0,0,135,4,1,0,0,0,0,0,0,1,,,0,2,36.0,0,0
1,1,155,2015,10,44,31,0,1,2,0.0,0,0,135,4,1,0,0,0,0,0,0,1,,,0,2,36.0,0,0
1,1,155,2015,10,44,31,0,1,2,0.0,0,0,135,4,1,0,0,0,0,0,0,1,,,0,2,36.0,0,0
1,0,1,2015,10,44,31,0,1,2,1.0,0,0,51,3,1,0,0,0,4,4,0,0,250.0,,0,2,58.0,0,1
1,1,155,2015,10,44,31,0,1,2,0.0,0,0,135,4,1,0,0,0,0,0,0,1,,,0,3,36.0,0,0
1,0,155,2015,10,44,31,0,1,2,0.0,0,0,135,4,1,0,0,0,0,0,0,0,,,0,2,42.0,1,0
1,1,155,2015,10,44,31,0,1,2,0.0,0,0,135,4,1,0,0,0,0,0,0,1,,,0,2,36.0,0,0
1,1,155,2015,10,44,31,0,1,2,0.0,0,0,135,4,1,0,0,0,0,0,0,1,,,0,2,36.0,0,0
1,0,155,2015,10,44,31,0,1,2,0.0,0,0,135,4,1,0,0,0,0,3,0,0,,,0,2,36.0,1,0
1,1,155,2015,10,44,31,0,1,1,0.0,0,0,135,4,1,0,0,0,0,0,0,0,,,0,2,36.0,0,0
1,0,155,2015,10,44,31,0,1,2,0.0,0,0,135,4,1,0,0,0,0,0,0,0,,,0,2,36.0,0,0
1,1,155,2015,10,44,31,0,1,2,0.0,0,0,135,4,1,0,0,0,0,0,0,1,,,0,2,36.0,0,0
1,1,155,2015,10,44,31,0,1,2,0.0,0,0,135,4,1,0,0,0,0,0,0,1,,,0,2,36.0,0,0
1,0,4,2015,10,44,31,0,1,2,0.0,0,0,135,5,3,0,0,0,0,0,0,0,330.0,,0,2,44.5,0,0
1,0,3,2015,10,44,31,0,1,1,0.0,0,0,135,4,1,0,0,0,0,3,0,0,,,0,2,36.0,0,0
1,0,4,2015,10,44,31,0,1,1,0.0,0,0,135,5,3,0,0,0,0,0,0,0,330.0,,0,2,37.0,1,0
1,1,3,2015,10,44,31,0,1,2,0.0,0,0,135,4,1,0,0,0,0,0,0,0,,,0,2,36.0,0,0
1,0,54,2015,10,44,31,0,1,2,0.0,0,0,169,6,3,0,0,0,0,3,0,0,241.0,,0,2,38.81,1,1
1,0,3,2015,10,44,31,0,1,1,0.0,0,0,135,4,1,0,0,0,0,0,0,0,,,0,2,36.0,0,0
1,0,1,2015,10,44,31,0,1,2,0.0,0,0,135,5,3,0,0,0,0,0,0,0,175.0,,0,2,39.2,0,0
1,0,0,2015,10,44,31,0,1,2,0.0,0,0,135,4,1,0,0,0,0,0,0,0,,,0,2,36.0,0,0
1,0,155,2015,10,44,31,0,1,2,0.0,0,0,135,4,1,0,0,0,0,0,0,0,,,0,2,36.0,0,0
1,0,155,2015,10,44,31,0,1,2,0.0,0,0,135,4,1,0,0,0,0,0,0,0,,,0,2,36.0,1,0
1,1,155,2015,10,44,31,0,1,2,0.0,0,0,135,4,1,0,0,0,0,3,0,0,,,0,2,36.0,0,0
1,0,0,2015,10,44,31,0,1,2,0.0,0,0,135,6,3,0,0,0,0,3,0,0,240.0,,0,2,49.0,0,0
1,0,155,2015,10,44,31,0,1,2,0.0,0,0,135,4,1,0,0,0,0,0,0,0,,,0,2,36.0,1,1
1,0,155,2015,10,44,31,0,1,1,0.0,0,0,135,4,1,0,0,0,0,0,0,0,,,0,2,36.0,1,0
1,0,155,2015,10,44,31,0,1,2,0.0,0,0,135,4,1,0,0,0,0,4,0,0,,,0,2,36.0,1,0
1,1,155,2015,10,44,31,0,1,2,0.0,0,0,135,4,1,0,0,0,0,0,0,1,,,0,2,36.0,0,0
1,1,155,2015,10,44,31,0,1,2,0.0,0,0,135,4,1,0,0,0,0,0,0,1,,,0,2,36.0,0,0
1,1,155,2015,10,44,31,0,1,2,0.0,0,0,135,4,1,0,0,0,0,0,0,1,,,0,2,36.0,0,0
1,1,155,2015,10,44,31,0,1,2,0.0,0,0,135,4,1,0,0,0,0,0,0,1,,,0,2,36.0,0,0
1,1,155,2015,10,44,31,0,1,2,0.0,0,0,135,4,1,0,0,0,0,0,0,1,,,0,2,36.0,0,0
1,1,1,2015,10,44,31,0,1,2,0.0,0,0,135,4,1,0,0,0,0,0,0,0,,,0,2,36.0,0,0
1,0,2,2015,10,44,31,0,1,2,0.0,0,2,135,3,1,0,0,0,4,4,1,0,250.0,,0,2,88.0,0,1
1,1,74,2015,10,44,31,1,1,2,0.0,0,0,135,6,3,0,0,0,0,0,0,0,240.0,,0,2,46.0,0,2
1,0,2,2015,10,44,31,1,1,3,1.0,0,0,59,6,3,0,0,0,7,7,0,0,240.0,,0,2,114.0,1,1
1,1,11,2015,10,44,31,1,1,2,0.0,0,0,135,6,3,0,0,0,0,0,0,0,240.0,,0,2,58.0,0,1
1,0,12,2015,10,44,31,1,1,1,0.0,0,0,135,4,1,0,0,0,0,0,0,0,,,0,2,36.0,0,1
1,0,155,2015,10,44,31,1,1,1,0.0,0,0,135,4,1,0,0,0,0,0,1,0,,,0,2,36.0,0,0
1,0,0,2015,10,44,31,1,1,2,0.0,0,0,51,3,1,0,0,0,3,3,0,0,250.0,,0,2,48.0,0,0
1,0,155,2015,10,44,31,1,1,2,0.0,0,0,135,4,1,0,0,0,0,0,0,0,,,0,2,36.0,0,1
1,0,0,2015,10,44,31,2,1,2,0.0,0,0,56,6,3,0,0,0,4,6,1,0,240.0,,0,2,69.0,0,1
1,1,75,2015,10,44,31,2,2,2,0.0,0,2,135,6,3,0,0,0,0,0,1,0,240.0,,0,2,71.0,0,2
1,1,128,2015,10,44,31,2,2,2,0.0,0,0,135,6,3,0,0,0,0,0,0,0,240.0,,0,2,34.43,0,2
1,1,128,2015,10,44,31,2,2,2,0.0,0,0,135,6,3,0,0,0,0,0,0,0,240.0,,0,2,34.43,0,2
1,1,51,2015,10,44,31,2,3,2,0.0,0,0,135,6,3,0,0,0,0,0,0,0,240.0,,0,2,51.84,0,2
1,0,25,2015,10,44,31,2,4,2,0.0,0,0,135,6,3,0,0,0,0,3,0,0,240.0,,0,2,46.65,1,1
1,1,81,2015,10,44,31,2,5,2,0.0,0,0,135,6,3,0,0,0,0,0,0,0,240.0,,0,2,37.29,0,1
1,0,39,2015,10,44,31,2,5,2,0.0,0,0,59,5,3,0,0,0,0,0,0,0,36.0,,0,2,47.6,0,0
1,1,58,2015,10,44,31,2,5,2,0.0,0,0,135,6,3,0,0,0,0,0,0,0,240.0,,0,2,34.97,0,0
1,0,5,2015,10,44,31,2,5,2,0.0,0,0,59,5,3,0,0,0,4,4,0,0,156.0,,0,2,46.76,0,2
1,1,33,2015,9,45,1,1,0,1,0.0,0,0,135,2,0,0,0,0,0,0,0,0,,94.0,0,2,25.0,0,0
1,1,1,2015,9,45,1,1,0,2,0.0,0,0,135,6,3,0,0,0,0,3,0,0,240.0,,0,2,49.0,0,1
1,0,4,2015,9,45,1,1,0,1,0.0,0,0,135,6,3,0,0,0,0,3,0,0,240.0,,0,2,39.0,0,0
1,0,5,2015,9,45,1,1,0,2,0.0,0,2,51,5,3,0,0,0,0,0,0,0,196.0,,0,2,55.0,0,0
1,0,1,2015,9,45,1,1,0,2,0.0,0,0,51,6,3,0,0,0,0,3,1,0,240.0,,0,2,44.1,0,1
1,1,33,2015,9,45,1,1,0,1,0.0,0,0,135,2,0,0,0,0,0,0,0,0,,94.0,0,2,25.0,0,0
1,0,76,2015,9,45,1,2,3,2,0.0,0,2,59,5,3,0,0,0,3,3,0,0,156.0,,0,0,55.04,0,0
1,1,171,2015,9,45,1,3,5,2,0.0,0,0,135,6,3,0,0,0,0,0,0,0,240.0,,0,2,36.0,0,0
1,0,146,2015,9,45,1,4,5,2,0.0,0,0,59,5,3,0,0,0,5,5,0,0,36.0,,0,2,56.16,0,0
1,0,83,2015,9,45,2,1,4,2,0.0,0,2,59,5,3,0,0,0,4,4,0,0,156.0,,0,2,61.87,0,0
1,0,39,2015,9,45,2,1,4,2,0.0,0,0,76,5,3,0,0,0,0,0,0,0,156.0,,0,2,24.8,0,1
1,0,24,2015,9,45,2,1,4,2,0.0,0,0,51,6,3,0,0,0,0,0,0,0,240.0,,0,2,46.0,0,1
1,0,1,2015,9,45,2,1,2,2,0.0,0,0,43,3,1,0,0,0,3,3,1,0,,,0,2,48.0,0,2
1,0,0,2015,9,45,2,1,5,2,0.0,0,0,59,6,3,0,0,0,0,3,1,0,240.0,,0,2,50.5,0,1
1,0,20,2015,9,45,2,2,5,2,0.0,1,0,133,5,3,0,0,0,0,3,0,0,69.0,,0,2,29.0,0,1
1,0,20,2015,9,45,2,2,5,2,0.0,1,0,133,5,3,0,0,0,0,3,0,0,69.0,,0,2,29.0,0,1
1,0,21,2015,9,45,2,2,5,2,0.0,0,0,54,6,3,0,0,0,4,4,0,0,240.0,,0,2,69.43,0,0
1,1,31,2015,9,45,2,5,11,1,0.0,0,0,135,2,0,0,0,0,0,0,0,0,281.0,,0,3,40.0,0,0
1,1,31,2015,9,45,2,5,11,1,0.0,0,0,135,2,0,0,0,0,0,0,0,0,281.0,,0,3,40.0,0,0
1,1,31,2015,9,45,2,5,11,1,0.0,0,0,135,2,0,0,0,0,0,0,0,0,281.0,,0,3,40.0,0,0
1,1,31,2015,9,45,2,5,11,1,0.0,0,0,135,2,0,0,0,0,0,0,0,0,281.0,,0,3,40.0,0,0
1,1,31,2015,9,45,2,5,11,1,0.0,0,0,135,2,0,0,0,0,0,0,0,0,281.0,,0,3,40.0,0,0
1,1,31,2015,9,45,2,5,11,1,0.0,0,0,135,2,0,0,0,0,0,0,0,0,281.0,,0,3,40.0,0,0
1,1,31,2015,9,45,2,5,11,1,0.0,0,0,135,2,0,0,0,0,0,0,0,0,281.0,,0,3,40.0,0,0
1,0,36,2015,9,45,3,0,0,2,0.0,0,0,135,6,3,0,0,0,0,0,0,0,241.0,,0,2,0.0,0,1
1,0,5,2015,9,45,3,0,1,1,0.0,0,0,56,2,0,0,0,0,0,4,0,0,,,0,2,46.0,1,0
1,0,5,2015,9,45,3,0,1,2,0.0,0,0,56,2,0,0,0,0,4,6,0,0,,,0,2,58.0,0,0
1,0,0,2015,9,45,3,0,1,1,0.0,0,0,135,6,3,0,0,0,0,0,0,0,240.0,,0,2,42.0,1,1
1,0,0,2015,9,45,3,0,1,1,0.0,0,0,135,3,1,0,0,0,0,0,0,0,,,0,2,46.0,1,0
1,0,7,2015,9,45,3,0,1,2,0.0,0,0,135,3,1,0,0,0,3,3,0,0,,,0,2,48.0,1,1
1,0,0,2015,9,45,3,0,2,1,0.0,0,0,135,6,3,0,0,0,0,0,0,0,240.0,,0,2,40.0,1,1
1,1,6,2015,9,45,3,0,3,2,0.0,0,0,135,6,3,0,0,0,0,3,1,0,240.0,,0,2,43.2,0,2
1,0,24,2015,9,45,3,0,3,2,0.0,0,0,51,2,0,0,0,0,0,0,1,0,334.0,281.0,0,3,48.0,0,0
1,0,6,2015,9,45,3,0,3,2,0.0,0,0,135,6,3,0,0,0,0,3,1,0,240.0,,0,2,43.2,0,2
1,0,26,2015,9,45,3,0,4,2,0.0,0,0,135,5,3,0,0,0,3,3,0,0,15.0,,0,2,33.3,0,0
1,0,3,2015,9,45,3,0,4,2,2.0,0,0,15,5,3,0,0,0,2,2,0,0,196.0,,0,2,41.4,0,0
1,1,26,2015,9,45,3,0,4,2,0.0,0,0,135,5,3,0,0,0,0,0,0,0,177.0,,0,3,26.1,0,0
1,0,49,2015,9,45,3,0,4,1,0.0,0,0,135,2,0,0,0,0,0,3,0,0,,53.0,0,2,35.0,0,0
1,0,25,2015,9,45,3,0,4,1,0.0,0,0,15,5,3,0,0,0,3,3,0,0,314.0,,0,2,47.6,0,0
1,1,26,2015,9,45,3,0,4,1,0.0,0,0,135,5,3,0,0,0,0,0,0,0,177.0,,0,3,22.5,0,0
1,0,6,2015,9,45,3,2,5,3,0.0,0,0,123,5,3,0,0,0,3,3,0,0,8.0,,0,2,48.9,0,1
1,0,8,2015,9,45,3,0,2,2,0.0,0,0,51,6,3,0,0,0,0,0,0,0,240.0,,0,2,43.2,1,1
1,0,24,2015,9,45,3,2,10,1,0.0,0,0,135,2,0,0,0,0,0,0,2,0,328.0,281.0,0,3,40.0,0,0
1,0,24,2015,9,45,3,3,10,2,0.0,0,0,81,2,0,0,0,0,0,0,2,0,326.0,281.0,0,3,48.0,0,0
1,0,24,2015,9,45,3,3,10,2,0.0,0,0,81,2,0,0,0,0,0,0,1,0,326.0,281.0,0,2,48.0,0,0
1,0,24,2015,9,45,3,3,10,2,0.0,0,0,51,2,0,0,0,0,0,0,2,0,334.0,281.0,0,3,48.0,0,0
1,0,24,2015,9,45,3,3,10,1,0.0,0,0,81,2,0,0,0,0,0,0,6,0,328.0,281.0,0,2,40.0,0,0
1,0,24,2015,9,45,3,3,10,2,0.0,0,0,81,2,0,0,0,0,0,0,1,0,326.0,281.0,0,2,48.0,0,0
1,0,24,2015,9,45,3,3,10,1,0.0,0,0,56,2,0,0,0,0,0,0,2,0,334.0,281.0,0,3,40.0,0,0
1,0,24,2015,9,45,3,3,10,1,0.0,0,0,56,2,0,0,0,0,0,5,2,0,334.0,281.0,0,3,40.0,0,0
1,0,1,2015,9,45,4,0,1,1,0.0,0,0,135,2,0,0,0,0,0,0,0,0,,286.0,0,2,35.0,0,0
1,0,2,2015,9,45,4,0,1,2,0.0,0,0,135,6,3,0,0,0,0,0,0,0,240.0,,0,2,59.0,0,0
1,0,2,2015,9,45,4,0,2,1,0.0,0,0,135,6,3,0,0,0,0,0,0,0,240.0,,0,2,36.0,0,1
1,0,0,2015,9,45,4,0,2,1,0.0,0,0,135,6,3,0,0,0,0,0,1,0,240.0,,0,2,44.1,0,1
1,1,50,2015,9,45,4,1,4,2,0.0,0,0,135,5,3,0,0,0,0,0,0,0,156.0,,0,0,24.79,0,0
1,1,25,2015,9,45,4,2,9,2,0.0,0,0,135,2,0,0,0,0,0,0,1,0,,281.0,0,3,48.0,0,0
1,1,25,2015,9,45,4,2,9,1,0.0,0,0,135,2,0,0,0,0,0,0,0,0,,281.0,0,3,40.0,0,0
1,0,33,2015,9,45,4,2,9,1,0.0,0,0,135,2,0,0,0,0,0,0,3,0,185.0,281.0,0,3,42.55,0,0
1,0,0,2015,9,45,5,0,1,1,0.0,0,0,135,2,0,0,0,0,0,0,0,0,,12.0,0,2,35.0,0,0
1,0,0,2015,9,45,5,0,1,1,0.0,0,0,135,2,0,0,0,0,0,0,0,0,,,0,2,40.0,0,0
1,0,0,2015,9,45,5,0,1,1,0.0,0,0,135,2,0,0,0,0,0,0,0,0,,,0,2,40.0,0,0
1,0,28,2015,9,45,5,2,4,2,0.0,0,2,51,6,3,0,0,0,4,4,1,0,240.0,,0,2,105.5,0,2
1,0,28,2015,9,45,5,2,4,2,0.0,0,2,51,6,3,0,0,0,4,4,1,0,240.0,,0,2,111.5,1,2
1,0,34,2015,9,45,5,2,8,1,0.0,0,0,135,2,0,0,0,0,0,0,1,0,185.0,281.0,0,3,36.0,0,0
1,0,65,2015,9,45,5,2,8,2,0.0,0,0,59,5,3,0,0,0,4,4,0,0,314.0,,0,0,54.99,0,0
1,0,34,2015,9,45,5,2,8,2,0.0,0,0,135,2,0,0,0,0,0,0,2,0,185.0,281.0,0,3,43.2,0,0
1,0,11,2015,9,45,6,0,1,1,0.0,0,0,169,6,3,0,0,0,0,0,1,0,240.0,,0,2,44.1,0,1
1,0,1,2015,9,45,6,0,1,1,0.0,0,0,135,6,3,0,0,0,0,3,0,0,240.0,,0,2,36.0,0,1
1,0,4,2015,9,45,6,0,1,1,0.0,0,2,51,6,3,0,0,0,0,3,0,0,240.0,,0,2,70.0,0,0
1,0,0,2015,9,45,6,0,1,2,1.0,0,2,135,3,1,0,0,0,0,2,0,0,250.0,,0,2,93.0,0,0
1,0,15,2015,9,45,6,0,2,2,0.0,0,0,176,5,3,0,0,0,0,3,0,0,115.0,,0,2,26.1,0,0
1,0,0,2015,9,45,6,0,2,2,0.0,0,0,51,6,3,0,0,0,3,3,0,0,240.0,,0,2,54.4,0,1
1,0,38,2015,9,45,6,0,2,2,0.0,0,0,51,6,3,0,0,0,0,3,0,0,240.0,,0,2,57.0,0,1
1,0,0,2015,9,45,6,0,2,2,1.0,0,2,59,6,3,0,0,0,0,2,1,0,241.0,,0,2,77.3,1,0
1,0,91,2015,9,45,6,2,2,2,0.0,0,0,59,5,3,0,0,0,0,3,0,0,156.0,,0,0,24.8,0,2
1,1,123,2015,9,45,6,2,2,2,0.0,0,0,135,6,3,0,0,0,3,3,1,0,240.0,,0,2,62.5,0,0
1,1,123,2015,9,45,6,2,2,2,0.0,0,0,135,6,3,0,0,0,3,3,1,0,240.0,,0,2,62.5,0,0
1,0,27,2015,9,45,6,2,7,1,0.0,0,0,56,2,0,0,0,0,0,0,1,0,334.0,281.0,0,3,40.0,0,0
1,0,35,2015,9,45,6,4,7,1,0.0,0,0,12,2,0,0,0,0,4,4,2,0,185.0,281.0,0,3,52.2,0,0
1,0,35,2015,9,45,6,4,7,1,0.0,0,0,12,2,0,0,0,0,0,0,2,0,185.0,281.0,0,3,36.0,0,0
1,0,35,2015,9,45,6,4,7,1,0.0,0,0,12,2,0,0,0,0,0,0,2,0,185.0,281.0,0,3,36.0,0,0
1,0,35,2015,9,45,6,4,7,1,0.0,0,0,12,2,0,0,0,0,0,0,3,0,185.0,281.0,0,3,36.0,0,0
1,0,27,2015,9,45,6,2,7,1,0.0,0,0,56,2,0,0,0,0,0,0,1,0,334.0,281.0,0,3,40.0,0,0
1,0,35,2015,9,45,6,2,7,1,0.0,0,0,12,2,0,0,0,0,4,4,2,0,185.0,281.0,0,3,52.2,1,0
1,0,54,2015,9,45,7,0,0,2,0.0,0,0,135,6,3,0,0,0,3,3,0,0,240.0,,0,3,0.0,0,3
1,0,0,2015,9,45,7,0,1,2,0.0,0,0,135,6,3,0,0,0,3,3,0,0,240.0,,0,2,52.4,1,1
1,0,25,2015,9,45,7,0,1,2,0.0,1,0,135,5,3,0,0,0,0,4,0,0,321.0,,0,2,30.0,1,1
1,1,18,2015,9,45,7,0,1,2,1.0,0,0,135,5,3,0,0,0,0,0,0,0,15.0,,0,2,32.62,0,1
1,1,30,2015,9,45,7,0,1,2,0.0,1,0,135,5,3,0,0,0,4,4,0,0,6.0,,0,2,40.5,0,0
1,0,0,2015,9,45,7,0,1,2,0.0,0,0,51,3,1,0,0,0,0,0,0,0,,,0,2,49.0,0,0
1,1,19,2015,9,45,7,0,1,2,1.0,0,0,135,5,3,0,0,0,0,3,0,0,15.0,,0,2,32.62,0,1
1,1,30,2015,9,45,7,0,1,2,0.0,1,0,135,5,3,0,0,0,4,4,0,0,15.0,,0,2,40.5,0,0
1,0,4,2015,9,45,7,0,1,2,0.0,0,0,135,6,3,0,0,0,4,4,0,0,240.0,,0,2,78.0,0,1
1,0,0,2015,9,45,7,1,1,2,0.0,0,2,51,6,3,0,0,0,4,5,1,0,240.0,,0,2,104.0,1,1
1,0,4,2015,9,45,7,2,1,2,0.0,0,2,51,6,3,0,0,0,0,3,0,0,240.0,,0,2,94.0,1,3
1,0,18,2015,9,45,7,2,3,1,0.0,0,0,48,5,3,0,0,0,4,4,0,0,314.0,,0,2,62.16,1,0
1,0,18,2015,9,45,7,2,3,1,0.0,0,0,48,5,3,0,0,0,4,4,0,0,314.0,,0,2,56.16,0,0
1,0,51,2015,9,45,7,2,5,2,0.0,0,0,54,5,3,0,0,0,4,4,0,0,156.0,,0,2,60.3,0,2
1,0,54,2015,9,45,7,2,5,2,0.0,0,0,76,5,3,0,0,0,4,4,0,0,156.0,,0,2,38.47,0,0
1,1,36,2015,9,45,7,2,6,1,0.0,0,0,135,2,0,0,0,0,0,0,0,0,281.0,,0,3,40.0,0,0
1,1,36,2015,9,45,7,2,6,1,0.0,0,0,135,2,0,0,0,0,0,0,0,0,281.0,,0,3,40.0,0,0
1,1,36,2015,9,45,7,2,6,1,0.0,0,0,135,2,0,0,0,0,0,0,0,0,281.0,,0,3,40.0,0,0
1,1,241,2015,9,45,7,2,6,2,0.0,0,2,135,6,3,0,0,0,0,0,0,0,240.0,,0,2,66.0,0,1
1,0,36,2015,9,45,7,2,6,1,0.0,0,0,43,2,0,0,0,0,0,0,1,0,185.0,281.0,0,3,36.0,0,0
1,1,172,2015,9,45,7,2,6,2,0.0,0,0,135,6,3,0,0,0,0,0,0,0,240.0,,0,2,36.0,0,1
1,0,171,2015,9,45,7,2,6,2,0.0,0,0,140,6,3,0,0,0,0,3,0,0,240.0,,0,2,32.4,0,0
1,1,36,2015,9,45,7,2,6,1,0.0,0,0,135,2,0,0,0,0,0,0,1,0,185.0,281.0,0,3,36.0,0,0
1,0,36,2015,9,45,7,2,6,1,0.0,0,0,43,2,0,0,0,0,0,0,2,0,185.0,281.0,0,3,36.0,0,0
1,1,36,2015,9,45,7,2,6,1,0.0,0,0,135,2,0,0,0,0,0,0,0,0,281.0,,0,3,40.0,0,0
1,1,36,2015,9,45,7,2,6,1,0.0,0,0,135,2,0,0,0,0,0,0,0,0,281.0,,0,3,40.0,0,0
1,0,36,2015,9,45,7,2,6,1,0.0,0,0,15,2,0,0,0,0,0,0,2,0,185.0,281.0,0,3,36.0,0,0
1,0,28,2015,9,45,7,2,6,1,0.0,0,0,42,2,0,0,0,0,0,3,1,0,328.0,281.0,0,3,42.0,0,0
1,0,36,2015,9,45,7,2,6,1,0.0,0,0,59,2,0,0,0,0,0,0,2,0,185.0,281.0,0,3,36.0,0,0
1,1,36,2015,9,45,7,2,6,1,0.0,0,0,135,2,0,0,0,0,0,0,0,0,281.0,,0,3,40.0,0,0
1,1,36,2015,9,45,7,2,6,1,0.0,0,0,135,2,0,0,0,0,0,0,0,0,281.0,,0,3,40.0,0,0
1,0,36,2015,9,45,7,2,6,1,0.0,0,0,43,2,0,0,0,0,0,0,1,0,185.0,281.0,0,3,36.0,0,0
1,1,36,2015,9,45,7,2,6,1,0.0,0,0,135,2,0,0,0,0,0,0,0,0,281.0,,0,3,40.0,0,0
1,1,36,2015,9,45,7,2,6,1,0.0,0,0,135,2,0,0,0,0,0,0,0,0,281.0,,0,3,40.0,0,0
1,0,36,2015,9,45,7,2,6,1,0.0,0,0,43,2,0,0,0,0,0,0,1,0,185.0,281.0,0,3,36.0,0,0
1,0,36,2015,9,45,7,2,6,1,0.0,0,0,12,2,0,0,0,0,0,0,2,0,185.0,281.0,0,3,36.75,1,0
1,1,172,2015,9,45,7,2,6,1,0.0,0,0,135,6,3,0,0,0,0,0,0,0,240.0,,0,2,30.0,0,1
1,1,241,2015,9,45,7,2,6,2,0.0,0,2,135,6,3,0,0,0,0,0,0,0,240.0,,0,2,66.0,0,1
1,0,96,2015,9,45,7,4,6,2,0.0,0,0,59,6,3,0,0,0,0,3,0,0,240.0,,0,2,54.88,0,1
1,1,13,2015,9,46,8,2,0,1,0.0,0,2,135,6,3,0,0,0,0,0,0,0,240.0,,0,2,79.0,0,1
1,0,11,2015,9,46,8,2,0,2,0.0,0,2,51,6,3,0,0,0,0,3,1,0,240.0,,0,2,94.0,1,1
1,1,15,2015,9,46,8,2,0,1,0.0,0,2,135,6,3,0,0,0,0,0,1,0,240.0,,0,2,79.0,0,2
1,1,193,2015,9,46,8,2,4,2,0.0,0,2,135,5,3,0,0,0,3,3,0,0,171.0,,0,2,54.0,0,0
1,0,0,2015,9,46,8,2,4,2,0.0,0,0,51,3,1,0,0,0,5,5,0,0,,,0,2,74.0,1,0
1,0,10,2015,9,46,8,2,4,1,0.0,0,0,59,6,3,0,0,0,3,3,1,0,240.0,,0,2,71.33,0,0
1,0,17,2015,9,46,8,2,5,2,0.0,0,0,56,2,0,0,0,0,0,0,1,0,334.0,281.0,0,3,48.0,0,0
1,0,37,2015,9,46,8,2,5,2,0.0,0,0,135,2,0,0,0,0,0,3,2,0,185.0,281.0,0,3,43.2,0,0
1,0,37,2015,9,46,8,2,5,1,0.0,0,0,135,2,0,0,0,0,0,0,1,0,185.0,281.0,0,3,36.0,0,0
1,0,17,2015,9,46,8,2,5,2,0.0,0,0,56,2,0,0,0,0,0,3,1,0,334.0,281.0,0,3,48.0,0,0
1,0,29,2015,9,46,8,2,5,2,0.0,0,0,25,6,3,0,0,0,3,3,0,0,240.0,,0,2,72.29,0,0
1,0,37,2015,9,46,8,2,5,1,0.0,0,0,135,2,0,0,0,0,0,0,2,0,185.0,281.0,0,3,36.0,0,0
1,0,37,2015,9,46,8,2,5,2,0.0,0,0,135,2,0,0,0,0,0,3,1,0,185.0,281.0,0,3,43.2,0,0
1,1,37,2015,9,46,8,2,5,1,0.0,0,0,135,2,0,0,0,0,0,0,1,0,185.0,281.0,0,3,36.0,0,0
1,1,10,2015,9,46,8,4,8,2,0.0,0,0,135,6,3,0,0,0,3,3,0,0,240.0,,0,2,63.92,0,0
1,0,89,2015,9,46,9,0,0,2,0.0,0,0,135,5,3,0,0,0,4,4,0,0,314.0,,0,0,0.0,0,1
1,0,3,2015,9,46,9,1,0,1,0.0,0,0,135,6,3,0,0,0,0,3,0,0,240.0,,0,2,49.0,0,2
1,0,3,2015,9,46,9,1,0,1,0.0,0,0,135,6,3,0,0,0,0,3,0,0,240.0,,0,2,55.0,1,2
1,0,5,2015,9,46,9,1,0,1,0.0,0,0,51,3,1,0,0,0,0,3,0,0,,,0,2,40.0,0,0
1,0,0,2015,9,46,9,1,1,3,1.0,0,0,135,6,3,0,0,0,7,7,1,0,240.0,,0,2,108.0,1,0
1,1,0,2015,9,46,9,1,0,1,0.0,0,0,135,2,0,0,0,0,0,0,0,0,,270.0,0,2,35.0,0,0
1,0,0,2015,9,46,9,1,0,2,0.0,0,0,135,3,1,0,0,0,0,2,1,0,334.0,281.0,0,1,48.0,0,0
1,0,11,2015,9,46,9,1,2,2,0.0,0,2,51,6,3,0,0,0,0,3,2,0,240.0,,0,2,88.0,0,1
1,0,14,2015,9,46,9,1,3,1,0.0,0,0,135,2,0,0,0,0,0,3,0,0,,47.0,0,2,35.0,0,0
1,0,2,2015,9,46,9,1,3,2,0.0,0,2,51,6,3,0,0,0,0,0,1,0,241.0,,0,2,77.23,1,1
1,1,38,2015,9,46,9,1,5,1,0.0,0,0,135,2,0,0,0,0,0,0,3,0,185.0,281.0,0,3,36.0,0,0
1,1,38,2015,9,46,9,1,5,1,0.0,0,0,135,2,0,0,0,0,0,0,3,0,185.0,281.0,0,3,36.0,0,0
1,0,79,2015,9,46,9,1,5,2,0.0,0,0,135,5,3,0,0,0,4,4,0,0,314.0,,0,0,56.16,0,1
1,0,79,2015,9,46,9,1,5,2,0.0,0,0,135,5,3,0,0,0,4,4,0,0,314.0,,0,0,56.16,0,1
1,0,49,2015,9,46,9,1,3,2,0.0,0,0,56,6,3,0,0,0,0,3,0,0,240.0,,0,2,52.2,0,2
1,1,30,2015,9,46,9,2,5,2,0.0,0,0,135,2,0,0,0,0,0,0,4,0,326.0,281.0,0,3,48.0,0,0
1,0,164,2015,9,46,9,2,5,2,0.0,0,2,56,6,3,0,0,0,0,3,0,0,240.0,,0,2,61.2,1,0
1,0,50,2015,9,46,10,0,2,2,0.0,0,2,59,5,3,0,0,0,3,3,0,0,156.0,,0,2,55.04,0,0
1,0,0,2015,9,46,10,0,2,1,0.0,0,0,135,6,3,0,0,0,3,3,0,0,240.0,,0,2,58.0,0,0
1,1,39,2015,9,46,10,0,5,1,0.0,0,0,135,2,0,0,0,0,0,0,0,0,281.0,,0,3,40.0,0,0
1,1,39,2015,9,46,10,0,5,1,0.0,0,0,135,2,0,0,0,0,0,0,0,0,281.0,,0,3,40.0,0,0
1,1,39,2015,9,46,10,0,5,1,0.0,0,0,135,2,0,0,0,0,0,0,0,0,281.0,,0,3,40.0,0,0
1,1,42,2015,9,46,10,0,5,2,0.0,0,0,135,3,1,0,0,0,0,0,0,0,250.0,,0,2,47.7,0,0
1,1,39,2015,9,46,10,0,5,1,0.0,0,0,135,2,0,0,0,0,0,0,0,0,281.0,,0,3,40.0,0,0
1,0,36,2015,9,46,10,0,5,2,1.0,0,0,51,3,1,0,0,0,0,3,2,0,250.0,,0,2,73.2,1,0
1,0,0,2015,9,46,11,0,1,2,0.0,0,0,135,3,1,0,0,0,0,4,0,0,,,0,2,79.0,1,0
1,0,6,2015,9,46,11,0,1,1,0.0,0,0,135,5,3,0,0,0,3,3,1,0,96.0,,0,2,37.0,1,0
1,1,40,2015,9,46,11,0,4,1,0.0,0,0,135,2,0,0,0,0,0,0,0,0,281.0,,0,3,40.0,0,0
1,1,40,2015,9,46,11,0,4,1,0.0,0,0,135,2,0,0,0,0,0,0,0,0,281.0,,0,3,40.0,0,0
1,0,32,2015,9,46,11,0,4,1,0.0,0,0,51,2,0,0,0,0,0,2,4,0,324.0,324.0,0,3,40.5,1,0
1,1,40,2015,9,46,11,0,4,1,0.0,0,0,135,2,0,0,0,0,0,0,0,0,281.0,,0,3,40.0,0,0
1,1,40,2015,9,46,11,0,4,1,0.0,0,0,135,2,0,0,0,0,0,0,1,0,185.0,281.0,0,3,36.0,0,0
1,1,40,2015,9,46,11,0,4,1,0.0,0,0,135,2,0,0,0,0,0,0,0,0,281.0,,0,3,40.0,0,0
1,1,56,2015,9,46,11,0,4,1,0.0,0,0,135,6,3,0,0,0,0,0,0,0,240.0,,0,2,53.0,0,1
1,0,60,2015,9,46,11,0,4,1,0.0,0,0,59,6,3,0,0,0,0,2,0,0,240.0,,0,2,53.0,0,1
1,0,166,2015,9,46,11,0,4,1,0.0,0,0,43,6,3,0,0,0,0,3,0,0,240.0,,0,2,27.9,0,1
1,0,0,2015,9,46,11,0,4,2,0.0,0,0,29,6,3,0,0,0,3,3,1,0,240.0,,0,2,73.0,0,0
1,1,40,2015,9,46,11,0,4,1,0.0,0,0,135,2,0,0,0,0,0,0,0,0,281.0,,0,3,40.0,0,0
1,1,37,2015,9,46,11,0,4,2,0.0,0,0,135,2,0,0,0,0,0,0,0,0,281.0,,0,0,48.0,0,2
1,0,53,2015,9,46,11,0,4,1,0.0,0,0,59,6,3,0,0,0,4,4,1,0,240.0,,0,2,85.5,1,1
1,0,60,2015,9,46,11,0,4,1,0.0,0,0,59,6,3,0,0,0,0,3,0,0,240.0,,0,2,53.0,0,1
1,0,61,2015,9,46,11,0,4,2,0.0,0,0,135,2,0,0,0,0,0,2,3,0,281.0,,0,0,48.0,0,0
1,0,40,2015,9,46,11,0,4,1,0.0,0,0,135,2,0,0,0,0,0,0,2,0,185.0,281.0,0,3,36.0,0,0
1,1,40,2015,9,46,11,0,4,1,0.0,0,0,135,2,0,0,0,0,0,0,0,0,281.0,,0,3,40.0,0,0
1,1,40,2015,9,46,11,0,4,1,0.0,0,0,135,2,0,0,0,0,0,0,0,0,281.0,,0,3,40.0,0,0
1,1,40,2015,9,46,11,0,4,1,0.0,0,0,135,2,0,0,0,0,0,0,0,0,281.0,,0,3,40.0,0,0
1,0,56,2015,9,46,11,0,4,1,0.0,0,0,59,6,3,0,0,0,0,3,0,0,240.0,,0,2,53.0,0,1
1,1,32,2015,9,46,11,0,4,1,0.0,0,0,135,2,0,0,0,0,0,0,1,0,,281.0,0,3,40.0,0,0
1,0,32,2015,9,46,11,0,4,2,0.0,0,0,51,2,0,0,0,0,0,2,4,0,324.0,324.0,0,3,43.2,0,0
1,0,166,2015,9,46,11,0,4,1,0.0,0,0,43,6,3,0,0,0,0,3,1,0,240.0,,0,2,27.9,0,1
1,1,40,2015,9,46,11,0,4,1,0.0,0,0,135,2,0,0,0,0,0,0,0,0,281.0,,0,3,40.0,0,0
1,1,40,2015,9,46,11,0,4,1,0.0,0,0,135,2,0,0,0,0,0,0,0,0,281.0,,0,3,40.0,0,0
1,1,40,2015,9,46,11,0,4,1,0.0,0,0,135,2,0,0,0,0,0,0,0,0,281.0,,0,3,40.0,0,0
1,0,56,2015,9,46,11,0,4,1,0.0,0,0,59,6,3,0,0,0,0,3,0,0,240.0,,0,2,53.0,0,1
1,1,56,2015,9,46,11,0,4,1,0.0,0,0,135,6,3,0,0,0,0,0,0,0,240.0,,0,2,53.0,0,1
1,0,60,2015,9,46,11,0,4,1,0.0,0,0,59,6,3,0,0,0,0,3,0,0,240.0,,0,2,59.0,1,1
1,1,37,2015,9,46,11,0,4,2,1.0,0,0,135,2,0,0,0,0,0,0,0,0,281.0,,0,0,63.0,0,2
1,0,39,2015,9,46,11,1,4,2,0.0,0,0,43,6,3,0,0,0,3,3,0,0,240.0,,0,2,66.64,0,0
1,0,103,2015,9,46,11,1,4,2,0.0,0,0,43,6,3,0,0,0,0,0,0,0,240.0,,0,2,49.59,0,2
1,0,32,2015,9,46,11,0,3,1,0.0,0,0,43,2,0,0,0,0,0,0,3,0,324.0,324.0,0,2,36.0,0,0
1,1,55,2015,9,46,11,0,3,2,0.0,0,0,135,2,0,0,0,0,0,0,0,0,281.0,,0,0,53.0,0,0
1,0,49,2015,9,46,12,0,2,2,0.0,0,0,154,6,3,0,0,0,3,3,0,0,240.0,,0,3,68.0,0,2
1,1,41,2015,9,46,12,0,2,1,0.0,0,0,135,2,0,0,0,0,0,0,0,0,281.0,,0,3,40.0,0,0
1,1,41,2015,9,46,12,0,2,1,0.0,0,0,135,2,0,0,0,0,0,0,0,0,281.0,,0,3,40.0,0,0
1,0,33,2015,9,46,12,0,2,1,0.0,0,0,135,2,0,0,0,0,0,2,3,0,324.0,324.0,0,3,36.0,0,0
1,1,41,2015,9,46,12,0,2,1,0.0,0,0,135,2,0,0,0,0,0,0,0,0,281.0,,0,3,40.0,0,0
1,1,41,2015,9,46,12,0,2,1,0.0,0,0,135,2,0,0,0,0,0,0,0,0,281.0,,0,3,40.0,0,0
1,1,41,2015,9,46,12,0,2,1,0.0,0,0,135,2,0,0,0,0,0,0,0,0,281.0,,0,3,40.0,0,0
1,1,41,2015,9,46,12,0,2,1,0.0,0,0,135,2,0,0,0,0,0,0,0,0,281.0,,0,3,40.0,0,0
1,1,41,2015,9,46,12,0,2,1,0.0,0,0,135,2,0,0,0,0,0,0,0,0,281.0,,0,3,40.0,0,0
1,0,41,2015,9,46,12,0,3,2,0.0,0,0,12,2,0,0,0,0,4,4,1,0,185.0,281.0,0,3,52.2,0,0
1,0,33,2015,9,46,12,0,3,1,0.0,0,0,56,2,0,0,0,0,0,4,2,0,334.0,281.0,0,3,40.0,0,0
1,0,70,2015,9,46,12,0,3,2,0.0,0,0,81,6,3,0,0,0,0,3,0,0,240.0,,0,2,66.0,1,0
1,0,33,2015,9,46,12,0,3,1,0.0,0,0,56,2,0,0,0,0,0,2,2,0,334.0,281.0,0,3,40.0,0,0
1,0,21,2015,9,46,12,0,3,1,0.0,0,0,56,2,0,0,0,0,0,0,1,0,334.0,281.0,0,3,40.0,0,0
1,0,33,2015,9,46,12,0,3,1,0.0,0,0,56,2,0,0,0,0,0,0,3,0,334.0,281.0,0,3,40.0,0,0
1,0,21,2015,9,46,12,0,3,1,0.0,0,0,135,2,0,0,0,0,0,4,0,0,334.0,281.0,0,3,40.0,0,0
1,1,33,2015,9,46,12,0,3,1,0.0,0,0,135,2,0,0,0,0,0,0,1,0,324.0,324.0,0,3,36.0,0,0
1,0,33,2015,9,46,12,0,3,1,0.0,0,0,56,2,0,0,0,0,0,4,4,0,334.0,281.0,0,3,40.0,0,0
1,1,41,2015,9,46,12,0,2,1,0.0,0,0,135,2,0,0,0,0,0,0,0,0,281.0,,0,3,40.0,0,0
1,1,41,2015,9,46,12,0,2,1,0.0,0,0,135,2,0,0,0,0,0,0,0,0,281.0,,0,3,40.0,0,0
1,1,41,2015,9,46,12,0,2,1,0.0,0,0,135,2,0,0,0,0,0,0,0,0,281.0,,0,3,40.0,0,0
1,0,49,2015,9,46,12,0,2,2,0.0,0,0,59,6,3,0,0,0,3,3,0,0,240.0,,0,3,68.0,0,2
1,0,2,2015,9,46,12,0,3,2,0.0,0,0,140,6,3,0,0,0,3,3,0,0,240.0,,0,3,78.0,0,1
1,1,3,2015,9,46,12,0,3,1,0.0,0,0,135,2,0,0,0,0,0,0,1,0,334.0,281.0,0,3,40.0,0,0
1,0,33,2015,9,46,12,0,3,1,0.0,0,0,56,2,0,0,0,0,0,2,1,0,334.0,281.0,0,3,40.0,0,0
1,0,3,2015,9,46,12,0,3,2,2.0,0,0,140,6,3,0,0,0,6,6,1,0,240.0,,0,2,104.0,1,0
1,0,2,2015,9,46,12,0,3,2,0.0,0,0,140,6,3,0,0,0,3,3,0,0,240.0,,0,3,78.0,0,1
1,0,21,2015,9,46,12,0,3,2,0.0,0,0,123,2,0,0,0,0,0,3,2,0,334.0,281.0,0,3,48.0,0,0
1,0,33,2015,9,46,12,0,3,1,0.0,0,0,56,2,0,0,0,0,0,2,2,0,334.0,281.0,0,3,40.0,1,0
1,0,82,2015,9,46,12,1,3,2,0.0,0,0,29,6,3,0,0,0,4,4,0,0,240.0,,0,2,77.1,1,1
1,1,41,2015,9,46,12,1,3,1,0.0,0,0,135,2,0,0,0,0,0,0,1,0,185.0,281.0,0,3,36.0,0,0
1,1,41,2015,9,46,12,1,3,1,0.0,0,0,135,2,0,0,0,0,4,4,1,0,185.0,281.0,0,3,52.2,0,0
1,1,41,2015,9,46,12,1,3,1,0.0,0,0,135,2,0,0,0,0,4,4,1,0,185.0,281.0,0,3,52.2,0,0
1,1,41,2015,9,46,12,1,3,2,0.0,0,0,135,2,0,0,0,0,0,0,1,0,185.0,281.0,0,3,43.2,0,0
1,0,33,2015,9,46,12,0,2,1,0.0,0,0,51,2,0,0,0,0,0,5,4,0,324.0,324.0,0,3,36.0,0,0
1,0,42,2015,9,46,13,0,0,2,0.0,0,0,135,6,3,0,0,0,0,8,1,0,240.0,,0,3,0.0,0,2
1,0,42,2015,9,46,13,0,0,1,0.0,0,0,135,6,3,0,0,0,0,8,0,0,240.0,,0,3,0.0,0,2
1,0,2,2015,9,46,13,0,1,2,0.0,0,0,135,3,1,0,0,0,0,3,0,0,185.0,281.0,0,3,43.2,0,0
1,0,1,2015,9,46,13,0,1,2,0.0,0,0,81,6,3,0,0,0,3,5,0,0,240.0,,0,2,78.0,0,1
1,1,43,2015,9,46,13,0,2,2,0.0,0,0,135,6,3,0,0,0,0,0,0,0,240.0,,0,2,52.2,0,1
1,0,31,2015,9,46,13,0,2,2,0.0,0,0,135,3,1,0,0,0,5,5,0,0,,,0,2,78.0,0,0
1,0,3,2015,9,46,13,0,1,2,0.0,0,0,135,6,3,0,0,0,3,3,0,0,240.0,,0,2,78.0,0,1
1,1,44,2015,9,46,13,0,2,2,1.0,0,0,135,5,3,0,0,0,0,0,0,0,6.0,,0,2,65.25,0,1
1,0,2,2015,9,46,13,0,2,1,0.0,0,0,135,3,1,0,0,0,4,4,0,0,,,0,2,51.0,0,0
1,0,15,2015,9,46,13,0,2,2,0.0,0,0,81,2,0,0,0,0,4,4,0,0,185.0,281.0,0,3,58.2,1,0
1,1,121,2015,9,46,14,2,1,2,0.0,0,0,135,6,3,0,0,0,0,0,0,0,240.0,,0,2,40.93,0,1
1,1,38,2015,9,46,14,2,1,2,0.0,0,0,135,6,3,0,0,0,3,3,0,0,240.0,,0,2,63.47,0,2
1,0,5,2015,9,46,14,2,2,2,0.0,0,0,59,6,3,0,0,0,5,5,0,0,241.0,,0,2,67.99,1,1
1,1,54,2015,9,46,14,2,5,2,0.0,0,0,135,6,3,0,0,0,4,4,0,0,240.0,,0,2,62.83,0,1
1,0,94,2015,9,46,14,2,6,2,0.0,0,0,59,6,3,0,0,0,4,4,0,0,240.0,,0,2,55.1,0,2
1,0,10,2015,9,47,15,2,0,2,0.0,0,0,59,6,3,0,0,0,3,3,0,0,240.0,,0,2,58.0,0,1
1,0,79,2015,9,47,15,2,5,2,0.0,0,2,59,5,3,0,0,0,4,4,0,0,6.0,,0,2,72.5,1,0
1,1,53,2015,9,47,15,3,5,2,0.0,0,2,135,5,3,0,0,0,0,0,1,0,314.0,,0,2,65.23,0,0
1,1,60,2015,9,47,15,4,10,2,0.0,0,0,135,6,3,0,0,0,3,3,0,0,240.0,,0,2,45.64,0,2
1,1,125,2015,9,47,15,2,4,2,0.0,0,0,135,6,3,0,0,0,0,0,0,0,240.0,,0,2,29.16,0,3
1,0,74,2015,9,47,16,0,0,2,0.0,0,0,135,6,3,0,0,0,0,0,0,0,242.0,,0,2,0.0,0,0
1,0,74,2015,9,47,16,0,0,2,0.0,0,0,135,6,3,0,0,0,0,0,0,0,242.0,,0,2,0.0,0,1
1,0,0,2015,9,47,16,0,0,2,1.0,0,0,135,5,3,0,0,0,0,0,0,0,6.0,,0,2,0.0,0,1
1,1,27,2015,9,47,16,1,2,1,0.0,0,0,81,6,3,0,0,0,0,0,0,0,240.0,,0,2,39.0,0,0
1,1,27,2015,9,47,16,1,2,2,0.0,0,0,81,6,3,0,0,0,0,0,1,0,240.0,,0,2,48.0,0,0
1,1,27,2015,9,47,16,1,2,2,0.0,0,0,81,6,3,0,0,0,0,0,1,0,240.0,,0,2,48.0,0,0
1,1,73,2015,9,47,16,1,3,1,0.0,0,0,135,3,1,0,0,0,0,0,0,0,250.0,,0,2,47.4,0,1
1,1,80,2015,9,47,16,1,3,2,0.0,1,0,135,6,3,0,0,0,0,0,0,0,240.0,,0,2,32.4,0,3
1,1,74,2015,9,47,16,1,3,2,0.0,0,0,135,6,3,0,0,0,3,3,0,0,240.0,,0,2,76.0,0,2
1,1,42,2015,9,47,16,3,7,1,0.0,0,0,135,6,3,0,0,0,0,0,0,0,240.0,,0,2,34.51,0,0
1,1,97,2015,9,47,16,6,15,2,0.0,0,0,135,6,3,0,0,0,0,0,0,0,240.0,,0,2,32.4,0,1
1,0,0,2015,9,47,17,0,0,2,0.0,1,0,135,5,3,0,0,0,0,4,0,0,321.0,,0,2,0.0,1,1
1,0,28,2015,9,47,17,0,2,2,0.0,0,0,56,6,3,0,0,0,0,0,0,0,240.0,,0,2,54.0,1,0
1,0,46,2015,9,47,17,0,4,2,0.0,0,0,59,5,3,0,0,0,0,0,1,0,115.0,,0,2,28.1,0,0
1,1,134,2015,9,47,17,2,6,2,0.0,0,2,135,6,3,0,0,0,0,0,0,0,242.0,,0,2,61.2,0,1
1,0,16,2015,9,47,18,0,2,1,0.0,0,0,135,6,3,0,0,0,0,3,0,0,240.0,,0,2,36.0,1,0
1,0,193,2015,9,47,18,0,3,1,0.0,0,0,124,6,3,0,0,0,0,3,0,0,240.0,,0,2,4.0,0,1
1,0,105,2015,9,47,18,2,4,2,0.0,0,4,51,5,3,0,0,0,0,0,0,0,313.0,,65,3,69.0,0,0
1,0,105,2015,9,47,18,2,4,2,0.0,0,4,51,5,3,0,0,0,0,0,0,0,313.0,,65,3,69.0,0,0
1,0,105,2015,9,47,18,2,4,2,0.0,0,4,51,5,3,0,0,0,0,0,0,0,313.0,,65,3,69.0,0,0
1,1,62,2015,9,47,18,2,4,2,0.0,0,2,135,5,3,0,0,0,0,0,0,0,313.0,,0,3,73.0,0,0
1,0,62,2015,9,47,18,2,4,2,0.0,0,4,51,5,3,0,0,0,0,0,0,0,313.0,,0,3,69.0,0,0
1,0,105,2015,9,47,18,2,4,2,0.0,0,4,51,5,3,0,0,0,0,0,0,0,313.0,,65,3,69.0,0,0
1,0,105,2015,9,47,18,2,4,2,0.0,0,4,51,5,3,0,0,0,0,0,0,0,313.0,,65,3,69.0,0,0
1,0,105,2015,9,47,18,2,4,2,0.0,0,4,51,5,3,0,0,0,0,0,0,0,313.0,,65,3,69.0,0,0
1,0,62,2015,9,47,18,2,4,1,0.0,0,4,51,5,3,0,0,0,0,0,0,0,313.0,,0,3,49.0,0,0
1,0,105,2015,9,47,18,2,4,2,0.0,0,4,51,5,3,0,0,0,0,0,0,0,313.0,,65,3,69.0,0,0
1,0,105,2015,9,47,18,2,4,2,0.0,0,4,51,5,3,0,0,0,0,0,0,0,313.0,,65,3,69.0,0,0
1,0,105,2015,9,47,18,2,4,2,0.0,0,4,51,5,3,0,0,0,0,0,0,0,313.0,,65,3,69.0,0,0
1,0,105,2015,9,47,18,2,4,2,0.0,0,4,135,5,3,0,0,0,0,0,1,0,313.0,,65,3,71.0,0,0
1,0,105,2015,9,47,18,2,4,2,0.0,0,4,51,5,3,0,0,0,0,0,0,0,313.0,,65,3,69.0,0,0
1,0,105,2015,9,47,18,2,4,1,0.0,0,4,51,5,3,0,0,0,0,0,0,0,313.0,,65,3,18.5,0,0
1,0,105,2015,9,47,18,2,4,2,0.0,0,4,51,5,3,0,0,0,0,0,0,0,313.0,,65,3,69.0,0,0
1,0,12,2015,9,47,18,2,4,2,0.0,0,4,51,5,3,0,0,0,0,0,0,0,313.0,,0,3,69.0,0,0
1,0,105,2015,9,47,18,2,4,2,0.0,0,4,51,5,3,0,0,0,0,0,0,0,313.0,,65,3,69.0,0,0
1,0,105,2015,9,47,18,2,4,2,0.0,0,4,51,5,3,0,0,0,0,0,0,0,313.0,,65,3,69.0,0,0
1,0,105,2015,9,47,18,2,4,2,0.0,0,4,51,5,3,0,0,0,0,0,0,0,313.0,,65,3,69.0,0,0
1,0,62,2015,9,47,18,2,4,2,0.0,0,4,51,5,3,0,0,0,0,0,0,0,313.0,,0,3,69.0,0,0
1,0,62,2015,9,47,18,2,4,2,0.0,0,4,51,5,3,0,0,0,0,0,0,0,313.0,,0,3,69.0,0,0
1,0,105,2015,9,47,18,2,4,2,0.0,0,4,51,5,3,0,0,0,0,0,0,0,313.0,,65,3,69.0,0,0
1,1,12,2015,9,47,18,2,4,2,0.0,0,1,135,5,3,0,0,0,0,0,0,0,313.0,,0,2,73.0,0,0
1,0,62,2015,9,47,18,2,4,2,0.0,0,4,51,5,3,0,0,0,0,0,0,0,313.0,,0,3,69.0,0,0
1,0,105,2015,9,47,18,2,4,2,0.0,0,4,51,5,3,0,0,0,0,0,0,0,313.0,,65,3,69.0,0,0
1,0,105,2015,9,47,18,2,4,2,0.0,0,4,51,5,3,0,0,0,0,0,0,0,313.0,,65,3,69.0,0,0
1,0,163,2015,9,47,18,2,5,2,0.0,0,0,59,6,3,0,0,0,0,0,0,0,241.0,,0,2,26.33,0,1
1,0,10,2015,9,47,19,0,2,2,1.0,0,0,133,6,3,0,0,0,2,2,0,0,241.0,,0,2,47.12,0,1
1,0,19,2015,9,47,19,0,3,2,0.0,0,0,43,5,3,0,0,0,0,0,0,0,171.0,,0,2,26.1,0,0
1,1,31,2015,9,47,19,0,3,1,0.0,0,0,135,3,1,0,0,0,0,0,0,0,,,0,2,31.0,0,0
1,0,45,2015,9,47,19,0,3,2,0.0,0,2,56,6,3,0,0,0,4,4,1,0,240.0,,0,2,86.0,0,2
1,0,16,2015,9,47,19,1,3,2,2.0,0,0,56,6,3,0,0,0,6,6,0,0,240.0,,0,2,98.0,1,0
1,0,50,2015,9,47,19,1,3,2,0.0,0,2,123,3,1,0,0,0,4,4,0,0,250.0,,0,2,77.6,0,1
1,1,121,2015,9,47,19,1,3,2,0.0,0,0,135,6,3,0,0,0,0,0,0,0,240.0,,0,2,32.4,0,2
1,0,50,2015,9,47,19,1,3,2,0.0,0,2,123,3,1,0,0,0,4,4,0,0,250.0,,0,2,77.6,0,1
1,1,120,2015,9,47,19,4,10,2,0.0,0,2,135,5,3,0,0,0,4,4,0,0,142.0,,0,0,66.32,0,0
1,0,36,2015,9,47,20,0,2,2,0.0,0,1,51,4,3,0,0,0,0,2,0,0,38.0,,0,3,64.0,0,0
1,0,36,2015,9,47,20,0,2,2,0.0,0,1,51,4,3,0,0,0,0,2,0,0,38.0,,0,3,64.0,0,0
1,0,36,2015,9,47,20,0,2,2,0.0,0,1,51,4,3,0,0,0,0,0,0,0,38.0,,0,3,64.0,0,0
1,1,36,2015,9,47,20,0,2,2,0.0,0,1,135,4,3,0,0,0,0,0,0,0,38.0,,0,3,64.0,0,0
1,1,122,2015,9,47,20,0,2,2,0.0,0,0,135,6,3,0,0,0,0,0,0,0,240.0,,0,2,32.4,0,2
1,1,122,2015,9,47,20,0,2,2,0.0,0,0,135,6,3,0,0,0,0,0,0,0,240.0,,0,2,32.4,0,2
1,0,36,2015,9,47,20,0,2,2,0.0,0,1,51,4,3,0,0,0,0,0,0,0,38.0,,0,3,64.0,0,0
1,0,36,2015,9,47,20,0,2,2,0.0,0,1,51,4,3,0,0,0,0,0,0,0,38.0,,0,3,64.0,0,0
1,0,36,2015,9,47,20,0,2,1,0.0,0,1,51,4,3,0,0,0,0,0,1,0,38.0,,0,3,48.0,0,0
1,0,39,2015,9,47,20,0,2,2,0.0,0,0,25,6,3,0,0,0,0,3,0,0,240.0,,0,2,36.45,0,1
1,1,122,2015,9,47,20,0,2,2,0.0,0,0,135,6,3,0,0,0,0,0,0,0,240.0,,0,2,32.4,0,2
1,1,122,2015,9,47,20,0,2,2,0.0,0,0,135,6,3,0,0,0,0,0,0,0,240.0,,0,2,32.4,0,2
1,0,36,2015,9,47,20,0,2,2,0.0,0,1,51,4,3,0,0,0,0,2,0,0,38.0,,0,3,64.0,0,0
1,1,36,2015,9,47,20,0,2,2,0.0,0,1,135,4,3,0,0,0,0,0,0,0,38.0,,0,3,64.0,0,0
1,1,36,2015,9,47,20,0,2,2,0.0,0,1,135,4,3,0,0,0,0,0,0,0,38.0,,0,3,64.0,0,0
1,1,235,2015,9,47,20,0,1,2,0.0,0,0,135,6,3,0,0,0,0,0,1,0,240.0,,0,2,58.32,0,0
1,1,122,2015,9,47,20,0,2,2,0.0,0,0,135,6,3,0,0,0,0,0,0,0,240.0,,0,2,32.4,0,2
1,1,122,2015,9,47,20,0,2,2,0.0,0,0,135,6,3,0,0,0,0,0,0,0,240.0,,0,2,32.4,0,2
1,0,36,2015,9,47,20,0,2,2,0.0,0,1,51,4,3,0,0,0,0,2,0,0,38.0,,0,3,64.0,0,0
1,0,36,2015,9,47,20,0,2,2,0.0,0,1,51,4,3,0,0,0,0,2,0,0,38.0,,0,3,64.0,0,0
1,1,36,2015,9,47,20,0,2,2,0.0,0,1,135,4,3,0,0,0,0,0,0,0,38.0,,0,3,64.0,0,0
1,0,8,2015,9,47,20,0,2,2,0.0,0,0,135,3,1,0,0,0,0,4,1,0,,,0,2,37.0,1,2
1,1,36,2015,9,47,20,0,2,2,0.0,0,1,135,4,3,0,0,0,0,0,0,0,38.0,,0,3,64.0,0,0
1,0,36,2015,9,47,20,0,2,2,0.0,0,1,51,4,3,0,0,0,0,2,0,0,38.0,,0,3,64.0,0,0
1,0,36,2015,9,47,20,0,2,2,0.0,0,1,51,4,3,0,0,0,0,0,0,0,38.0,,0,3,64.0,0,0
1,1,122,2015,9,47,20,0,2,2,0.0,0,0,135,6,3,0,0,0,0,0,0,0,240.0,,0,2,32.4,0,2
1,1,122,2015,9,47,20,0,2,2,0.0,0,0,135,6,3,0,0,0,0,0,0,0,240.0,,0,2,32.4,0,2
1,1,122,2015,9,47,20,0,2,2,0.0,0,0,135,6,3,0,0,0,0,0,0,0,240.0,,0,2,32.4,0,2
1,1,73,2015,9,47,20,0,2,2,0.0,0,0,135,6,3,0,0,0,0,3,1,0,240.0,,0,2,29.16,0,1
1,0,36,2015,9,47,20,0,2,2,0.0,0,1,51,4,3,0,0,0,0,2,0,0,38.0,,0,3,64.0,0,0
1,0,36,2015,9,47,20,0,2,2,0.0,0,1,51,4,3,0,0,0,0,2,0,0,38.0,,0,3,64.0,0,0
1,1,36,2015,9,47,20,0,2,2,0.0,0,1,135,4,3,0,0,0,0,0,0,0,38.0,,0,3,64.0,0,0
1,1,36,2015,9,47,20,0,2,2,0.0,0,1,135,4,3,0,0,0,0,0,0,0,38.0,,0,3,64.0,0,0
1,1,122,2015,9,47,20,0,2,2,0.0,0,0,135,6,3,0,0,0,0,0,0,0,240.0,,0,2,32.4,0,2
1,1,36,2015,9,47,20,0,2,2,0.0,0,1,135,4,3,0,0,0,0,0,0,0,38.0,,0,3,64.0,0,0
1,0,36,2015,9,47,20,0,2,1,0.0,0,1,51,4,3,0,0,0,0,0,0,0,38.0,,0,3,48.0,0,0
1,1,36,2015,9,47,20,0,2,2,0.0,0,1,135,4,3,0,0,0,0,0,0,0,38.0,,0,3,64.0,0,0
1,1,123,2015,9,47,20,1,2,2,0.0,0,2,135,6,3,0,0,0,0,0,0,0,240.0,,0,2,66.0,0,2
1,0,36,2015,9,47,20,1,2,0,0.0,0,3,51,4,3,0,0,0,0,2,0,0,38.0,,0,3,0.0,0,0
1,1,129,2015,9,47,20,1,2,1,0.0,0,2,135,5,3,0,0,0,0,0,1,0,177.0,,0,2,22.5,0,0
1,0,24,2015,9,47,21,0,1,2,0.0,0,0,135,2,0,0,0,0,0,4,0,0,,342.0,0,3,32.0,0,0
1,0,24,2015,9,47,21,0,1,2,0.0,0,0,135,2,0,0,0,0,0,0,0,0,,342.0,0,3,32.0,0,0
1,0,24,2015,9,47,21,0,1,2,0.0,1,0,135,2,0,0,0,0,0,2,1,0,,342.0,0,3,32.0,0,1
1,0,78,2015,9,47,21,0,1,2,0.0,0,0,135,2,0,0,0,0,0,3,0,0,,342.0,0,3,32.0,0,0
1,0,78,2015,9,47,21,0,1,2,0.0,0,0,135,2,0,0,0,0,0,0,0,0,,342.0,0,3,32.0,0,0
1,0,78,2015,9,47,21,0,1,2,0.0,0,0,135,2,0,0,0,0,0,3,0,0,,342.0,0,3,32.0,0,0
1,0,78,2015,9,47,21,0,1,2,0.0,0,0,135,2,0,0,0,0,0,4,0,0,,342.0,0,3,32.0,0,0
1,0,78,2015,9,47,21,0,1,2,0.0,0,0,135,2,0,0,0,0,0,3,0,0,,342.0,0,3,32.0,0,0
1,0,78,2015,9,47,21,0,1,2,0.0,0,0,135,2,0,0,0,0,0,3,0,0,,342.0,0,3,32.0,0,0
1,0,78,2015,9,47,21,0,1,2,0.0,0,0,135,2,0,0,0,0,0,3,0,0,,342.0,0,3,32.0,0,0
1,0,24,2015,9,47,21,0,1,2,1.0,0,0,135,2,0,0,0,0,0,6,1,0,,342.0,0,3,44.0,0,0
1,0,24,2015,9,47,21,0,1,2,0.0,0,0,135,2,0,0,0,0,0,4,0,0,,342.0,0,3,32.0,0,0
1,0,24,2015,9,47,21,0,1,2,0.0,0,0,135,2,0,0,0,0,0,0,0,0,,342.0,0,3,32.0,0,0
1,0,15,2015,9,47,21,0,1,2,2.0,0,0,135,2,0,0,0,0,2,7,2,0,,342.0,0,3,56.0,0,0
1,0,78,2015,9,47,21,0,1,2,0.0,0,0,135,2,0,0,0,0,0,3,0,0,,342.0,0,3,32.0,0,0
1,0,78,2015,9,47,21,0,1,2,0.0,0,0,135,2,0,0,0,0,0,4,0,0,,342.0,0,3,32.0,0,0
1,0,78,2015,9,47,21,0,1,2,0.0,0,0,135,2,0,0,0,0,0,3,0,0,,342.0,0,3,32.0,0,0
1,0,78,2015,9,47,21,0,1,2,0.0,0,0,135,2,0,0,0,0,0,3,0,0,,342.0,0,3,32.0,0,0
1,0,78,2015,9,47,21,0,1,2,0.0,0,0,135,2,0,0,0,0,0,3,0,0,,342.0,0,3,32.0,0,0
1,0,78,2015,9,47,21,0,1,2,0.0,0,0,135,2,0,0,0,0,0,4,0,0,,342.0,0,3,32.0,0,0
1,0,24,2015,9,47,21,0,1,2,0.0,0,0,135,2,0,0,0,0,0,4,0,0,,342.0,0,3,32.0,0,0
1,0,24,2015,9,47,21,0,1,2,0.0,0,0,135,2,0,0,0,0,0,4,0,0,,342.0,0,3,32.0,0,0
1,0,44,2015,9,47,21,0,1,2,0.0,1,2,135,6,3,0,0,0,0,4,1,0,240.0,,0,2,73.5,1,3
1,0,15,2015,9,47,21,0,1,2,2.0,0,0,135,2,0,0,0,0,2,7,3,0,,342.0,0,3,56.0,0,0
1,0,124,2015,9,47,21,0,1,2,0.0,0,2,59,6,3,0,0,0,3,5,0,0,241.0,,0,2,54.05,0,1
1,0,44,2015,9,47,21,0,1,2,0.0,0,2,135,6,3,0,0,0,0,4,3,0,240.0,,0,2,73.5,1,3
1,0,78,2015,9,47,21,0,1,2,0.0,0,0,135,2,0,0,0,0,0,3,0,0,,342.0,0,3,32.0,0,0
1,0,78,2015,9,47,21,0,1,2,0.0,0,0,135,2,0,0,0,0,0,3,0,0,,342.0,0,3,32.0,0,0
1,0,78,2015,9,47,21,0,1,2,0.0,0,0,135,2,0,0,0,0,0,4,0,0,,342.0,0,3,32.0,0,0
1,0,24,2015,9,47,21,0,1,2,0.0,0,0,135,2,0,0,0,0,0,0,0,0,,342.0,0,3,32.0,0,0
1,0,24,2015,9,47,21,0,1,2,0.0,1,0,135,2,0,0,0,0,0,5,1,0,,342.0,0,3,32.0,0,0
1,0,78,2015,9,47,21,0,1,2,0.0,0,0,135,2,0,0,0,0,0,3,0,0,,342.0,0,3,32.0,0,0
1,0,78,2015,9,47,21,0,1,2,0.0,0,0,135,2,0,0,0,0,0,3,0,0,,342.0,0,3,32.0,0,0
1,0,78,2015,9,47,21,0,1,2,0.0,0,0,135,2,0,0,0,0,0,3,0,0,,342.0,0,3,32.0,0,0
1,0,15,2015,9,47,21,0,1,2,1.0,0,0,135,2,0,0,0,0,0,6,1,0,,342.0,0,3,44.0,0,0
1,0,78,2015,9,47,21,0,1,2,0.0,0,0,135,2,0,0,0,0,0,3,0,0,,342.0,0,3,32.0,0,0
1,0,78,2015,9,47,21,0,1,2,0.0,0,0,135,2,0,0,0,0,0,3,0,0,,342.0,0,3,32.0,0,0
1,0,78,2015,9,47,21,0,1,2,0.0,0,0,135,2,0,0,0,0,0,3,0,0,,342.0,0,3,32.0,0,0
1,0,33,2015,9,47,21,0,1,2,0.0,0,2,135,6,3,0,0,0,3,6,1,0,240.0,,0,2,76.0,0,1
1,0,15,2015,9,47,21,0,1,2,2.0,0,0,135,2,0,0,0,0,2,7,2,0,,342.0,0,3,56.0,0,0
1,0,15,2015,9,47,21,0,1,2,0.0,1,0,135,2,0,0,0,0,0,6,3,0,,342.0,0,3,32.0,0,0
1,0,24,2015,9,47,21,0,1,2,0.0,0,0,135,2,0,0,0,0,0,4,0,0,,342.0,0,3,32.0,0,0
1,0,40,2015,9,47,21,0,1,3,0.0,0,2,135,3,1,0,0,0,0,4,2,0,,,0,2,67.5,0,2
1,0,78,2015,9,47,21,0,1,2,0.0,0,0,135,2,0,0,0,0,0,3,0,0,,342.0,0,3,32.0,0,0
1,1,78,2015,9,47,21,0,1,2,0.0,0,0,135,2,0,0,0,0,0,3,0,0,,342.0,0,3,32.0,0,0
1,0,78,2015,9,47,21,0,1,2,0.0,0,0,135,2,0,0,0,0,0,3,0,0,,342.0,0,3,32.0,0,0
1,1,39,2015,9,47,21,0,1,2,0.0,0,2,135,3,1,0,0,0,3,3,0,0,250.0,,0,2,147.1,0,0
1,0,24,2015,9,47,21,0,1,2,0.0,0,0,135,2,0,0,0,0,0,4,0,0,,342.0,0,3,32.0,0,0
1,0,24,2015,9,47,21,0,1,2,1.0,0,0,135,2,0,0,0,0,0,6,2,0,,342.0,0,3,44.0,0,0
1,0,14,2015,9,47,21,2,5,2,0.0,0,0,56,5,3,0,0,0,0,3,1,0,6.0,,0,2,26.0,0,0
1,0,0,2015,9,48,23,0,0,2,0.0,0,0,135,6,3,0,0,0,0,0,0,0,240.0,,0,2,0.0,0,1
1,0,56,2015,9,48,23,0,0,2,0.0,0,0,135,6,3,0,0,0,4,0,0,0,240.0,,0,2,0.0,0,1
1,0,20,2015,9,48,23,1,2,2,0.0,0,0,56,6,3,0,0,0,4,4,0,0,240.0,,0,2,68.53,1,1
1,1,20,2015,9,48,23,1,2,2,0.0,0,0,135,6,3,0,0,0,0,0,0,0,240.0,,0,2,58.0,0,0
1,1,157,2015,9,48,23,1,3,2,0.0,0,0,135,6,3,0,0,0,0,0,0,0,240.0,,0,2,32.4,0,0
1,1,17,2015,9,48,23,1,3,1,0.0,0,0,135,5,3,0,0,0,0,0,0,0,6.0,,0,2,25.0,0,0
1,1,13,2015,9,48,23,2,5,2,0.0,0,0,135,6,3,0,0,0,3,3,0,0,240.0,,0,2,58.0,0,1
1,0,21,2015,9,48,24,0,1,2,0.0,0,0,51,5,3,0,0,0,0,0,0,0,314.0,,0,2,38.4,0,2
1,0,40,2015,9,48,24,0,3,2,0.0,0,0,51,6,3,0,0,0,3,3,0,0,242.0,,0,2,41.4,1,2
1,0,12,2015,9,48,24,0,5,2,0.0,0,2,51,5,3,0,0,0,0,3,0,0,6.0,,0,2,49.4,0,0
1,0,72,2015,9,48,25,0,4,2,0.0,0,0,51,6,3,0,0,0,0,0,0,0,240.0,,0,2,32.4,0,2
1,0,17,2015,9,48,26,0,3,2,0.0,0,0,133,6,3,0,0,0,3,3,0,0,240.0,,0,2,46.4,0,2
1,0,57,2015,9,48,26,0,3,1,0.0,0,0,123,6,3,0,0,0,0,0,0,0,240.0,,0,2,36.0,0,1
1,0,57,2015,9,48,26,0,3,1,0.0,0,0,123,6,3,0,0,0,0,0,0,0,240.0,,0,2,36.0,0,1
1,0,57,2015,9,48,26,0,3,1,0.0,0,0,123,6,3,0,0,0,0,0,0,0,240.0,,0,2,36.0,0,1
1,0,57,2015,9,48,26,0,3,1,0.0,0,0,123,6,3,0,0,0,0,0,0,0,240.0,,0,2,36.0,0,1
1,0,57,2015,9,48,26,0,3,1,0.0,0,0,123,6,3,0,0,0,0,0,0,0,240.0,,0,2,36.0,0,1
1,0,57,2015,9,48,26,0,3,1,0.0,0,0,123,6,3,0,0,0,0,0,0,0,240.0,,0,2,36.0,0,1
1,0,17,2015,9,48,26,0,3,2,0.0,0,0,59,5,3,0,0,0,3,3,0,0,314.0,,0,2,46.4,0,0
1,0,14,2015,9,48,26,0,3,2,0.0,0,0,76,6,3,0,0,0,3,3,0,0,240.0,,0,2,64.0,1,1
1,0,57,2015,9,48,26,0,3,1,0.0,0,0,123,6,3,0,0,0,0,0,0,0,240.0,,0,2,36.0,0,1
1,0,174,2015,9,48,26,2,6,2,0.0,0,0,59,5,3,0,0,0,4,4,0,0,8.0,,0,0,46.5,1,0
1,0,28,2015,9,48,27,0,2,2,0.0,0,0,135,5,3,0,0,0,0,0,0,0,15.0,,0,2,26.1,0,0
1,0,15,2015,9,48,27,0,2,2,0.0,0,0,135,1,0,0,0,0,0,0,1,0,,,0,2,0.0,0,0
1,1,32,2015,9,48,27,0,2,2,0.0,0,0,135,6,3,0,0,0,0,0,0,0,240.0,,0,2,48.0,0,2
1,1,15,2015,9,48,27,0,2,2,0.0,0,0,135,6,3,0,0,0,3,3,0,0,240.0,,0,2,46.4,0,0
1,0,28,2015,9,48,28,0,0,2,0.0,0,0,135,6,3,0,0,0,0,3,0,0,240.0,,0,2,0.0,0,1
1,0,22,2015,9,48,28,0,1,3,0.0,0,1,51,5,3,0,0,0,0,2,0,0,177.0,,0,2,108.15,0,0
1,1,74,2015,9,48,28,0,1,2,0.0,0,0,135,6,3,0,0,0,0,0,0,0,240.0,,0,2,36.45,0,0
1,1,164,2015,9,48,28,2,1,2,0.0,0,0,135,6,3,0,0,0,0,0,0,0,240.0,,0,2,29.16,0,0
1,0,36,2015,9,48,28,2,4,2,0.0,0,0,135,5,3,0,0,0,0,0,0,0,8.0,,0,2,32.1,1,0
1,1,88,2015,9,48,28,2,4,2,0.0,0,0,135,6,3,0,0,0,0,0,0,0,240.0,,0,2,32.4,0,0
1,1,26,2015,9,48,28,2,5,2,2.0,0,0,135,6,3,0,0,0,6,6,0,0,240.0,,0,2,98.0,0,1
1,1,82,2015,9,49,29,2,4,2,0.0,0,0,135,6,3,0,0,0,0,0,1,0,240.0,,0,2,32.4,0,1
1,1,133,2015,9,49,30,1,1,2,0.0,0,0,135,6,3,0,0,0,0,0,1,0,240.0,,0,2,29.16,0,1
1,0,62,2015,9,49,30,1,3,2,0.0,0,2,15,3,1,0,0,0,4,4,0,0,250.0,,0,2,83.6,1,1
1,1,93,2015,9,49,30,1,5,2,0.0,0,0,135,6,3,0,0,0,0,0,0,0,240.0,,0,2,32.4,0,2
1,1,91,2015,9,49,30,3,7,2,0.0,0,2,135,6,3,0,0,0,0,0,1,0,240.0,,0,2,66.0,0,1
1,0,20,2015,2,49,1,0,0,1,0.0,0,0,135,6,3,0,0,0,0,8,0,0,240.0,,0,2,0.0,0,0
1,0,118,2015,2,49,1,0,5,2,0.0,0,0,135,6,3,0,0,0,0,0,0,0,240.0,,0,2,32.4,0,1
1,1,87,2015,2,49,1,2,5,2,0.0,0,0,135,6,3,0,0,0,4,4,0,0,240.0,,0,2,50.4,0,1
1,0,118,2015,2,49,1,2,5,2,0.0,0,0,15,6,3,0,0,0,0,0,0,0,240.0,,0,2,29.16,0,1
1,0,82,2015,2,49,2,0,0,2,0.0,0,0,135,6,3,0,0,0,0,8,0,0,240.0,,0,2,0.0,0,2
1,0,21,2015,2,49,2,0,1,2,0.0,0,0,59,6,3,0,0,0,4,4,0,0,240.0,,0,2,61.2,1,2
1,0,21,2015,2,49,2,0,1,2,0.0,0,0,59,6,3,0,0,0,4,4,0,0,240.0,,0,2,61.2,0,2
1,0,21,2015,2,49,2,0,1,2,0.0,0,0,59,6,3,0,0,0,4,4,0,0,240.0,,0,2,61.2,0,2
1,0,21,2015,2,49,2,0,1,2,0.0,0,0,135,6,3,0,0,0,4,4,0,0,240.0,,0,2,61.2,0,2
1,0,119,2015,2,49,2,8,21,2,0.0,0,2,59,5,3,0,0,0,4,4,0,0,177.0,,0,2,68.2,0,0
1,0,31,2015,2,49,3,0,1,2,0.0,0,0,42,6,3,0,0,0,4,4,0,0,240.0,,0,2,61.2,0,1
1,1,23,2015,2,49,3,0,1,2,0.0,0,0,135,6,3,0,0,0,3,3,0,0,240.0,,0,2,46.4,0,1
1,1,20,2015,2,49,3,0,1,2,0.0,0,0,135,6,3,0,0,0,3,3,0,0,240.0,,0,2,46.4,0,1
1,0,45,2015,2,49,3,0,2,2,0.0,0,0,59,6,3,0,0,0,3,3,0,0,240.0,,0,2,55.95,1,1
1,0,48,2015,2,49,3,2,5,2,0.0,0,0,59,5,3,0,0,0,3,3,0,0,115.0,,0,2,33.3,0,0
1,0,52,2015,2,49,3,2,5,2,0.0,0,2,59,3,1,0,0,0,5,5,0,0,250.0,,0,2,87.53,0,0
1,0,108,2015,2,49,3,2,5,2,0.0,0,2,59,5,3,0,0,0,0,0,0,0,171.0,,0,2,49.5,0,0
1,0,30,2015,2,49,3,4,10,2,0.0,0,0,123,5,3,0,0,0,0,0,0,0,5.0,,0,2,30.0,0,0
1,1,121,2015,2,49,4,0,1,2,0.0,0,0,135,6,3,0,0,0,4,4,0,0,240.0,,0,2,50.4,0,2
1,1,58,2015,2,49,4,0,2,2,0.0,0,0,135,6,3,0,0,0,3,3,0,0,240.0,,0,2,41.4,0,0
1,1,81,2015,2,49,4,0,2,2,0.0,0,0,135,6,3,0,0,0,0,0,0,0,240.0,,0,2,32.4,0,2
1,1,80,2015,2,49,4,0,2,2,0.0,0,0,135,6,3,0,0,0,0,0,1,0,240.0,,0,2,40.5,0,2
1,0,23,2015,2,49,4,0,2,2,0.0,0,0,135,3,1,0,0,0,3,3,0,0,,,0,2,41.4,0,0
1,1,88,2015,2,49,4,1,2,2,0.0,0,0,135,3,1,0,0,0,4,4,0,0,250.0,,0,2,47.6,0,0
1,1,44,2015,2,49,4,2,2,2,0.0,0,0,135,6,3,0,0,0,0,0,0,0,240.0,,0,2,84.0,0,0
1,1,74,2015,2,49,4,2,2,2,0.0,0,2,135,3,1,0,0,0,5,5,0,0,250.0,,0,2,92.1,0,0
1,1,34,2015,2,49,4,2,2,2,0.0,0,0,135,6,3,0,0,0,0,0,1,0,240.0,,0,2,58.0,0,2
1,0,22,2015,2,49,4,2,2,2,0.0,0,0,51,6,3,0,0,0,3,3,0,0,240.0,,0,2,52.4,0,2
1,0,22,2015,2,49,4,2,2,2,0.0,0,2,51,5,3,0,0,0,0,3,0,0,6.0,,0,2,49.4,0,0
1,1,34,2015,2,49,4,2,2,2,0.0,0,0,135,6,3,0,0,0,0,0,1,0,240.0,,0,2,58.0,0,2
1,0,22,2015,2,49,4,2,2,2,0.0,0,0,51,6,3,0,0,0,3,3,0,0,240.0,,0,2,52.4,0,2
1,0,130,2015,2,49,4,2,6,2,0.0,0,0,59,5,3,0,0,0,0,0,1,0,314.0,,0,0,35.7,1,0
1,0,44,2015,2,49,5,0,0,2,0.0,0,0,135,4,3,0,0,0,0,8,1,0,134.0,,0,3,0.0,0,0
1,0,66,2015,2,49,5,1,1,2,0.0,0,1,51,4,3,0,0,0,0,0,0,0,155.0,,0,3,64.0,0,0
1,0,66,2015,2,49,5,1,1,2,0.0,0,1,51,4,3,0,0,0,0,0,0,0,155.0,,0,3,64.0,0,0
1,0,66,2015,2,49,5,1,1,2,0.0,0,1,51,4,3,0,0,0,0,0,0,0,155.0,,0,3,64.0,0,0
1,1,66,2015,2,49,5,1,1,2,0.0,0,1,135,4,3,0,0,0,0,0,0,0,155.0,,0,3,64.0,0,0
1,1,66,2015,2,49,5,1,1,2,0.0,0,1,135,4,3,0,0,0,0,0,0,0,155.0,,0,3,64.0,0,0
1,1,66,2015,2,49,5,1,1,1,0.0,0,1,135,4,3,0,0,0,0,0,0,0,155.0,,0,3,52.0,0,0
1,1,54,2015,2,49,5,1,1,2,0.0,1,0,135,3,1,0,0,0,3,3,1,0,250.0,,0,2,39.1,0,1
1,1,66,2015,2,49,5,1,1,2,0.0,0,1,135,4,3,0,0,0,0,0,0,0,155.0,,0,3,64.0,0,0
1,1,66,2015,2,49,5,1,1,2,0.0,0,1,135,4,3,0,0,0,0,0,0,0,155.0,,0,3,64.0,0,0
1,1,66,2015,2,49,5,1,1,2,0.0,0,1,135,4,3,0,0,0,0,0,0,0,155.0,,0,3,64.0,0,0
1,0,66,2015,2,49,5,1,1,2,0.0,0,1,51,4,3,0,0,0,0,0,0,0,155.0,,0,3,64.0,0,0
1,0,66,2015,2,49,5,1,1,2,0.0,0,1,51,4,3,0,0,0,0,0,3,0,155.0,,0,3,64.0,0,0
1,0,26,2015,2,49,5,1,1,2,0.0,0,0,51,5,3,0,0,0,0,3,2,0,6.0,,0,2,26.0,0,0
1,0,66,2015,2,49,5,1,1,2,0.0,0,1,51,4,3,0,0,0,0,0,0,0,155.0,,0,3,64.0,0,0
1,0,66,2015,2,49,5,1,1,2,0.0,0,1,51,4,3,0,0,0,0,0,0,0,155.0,,0,3,64.0,0,0
1,0,66,2015,2,49,5,1,1,3,0.0,0,1,51,4,3,0,0,0,0,2,1,0,155.0,,0,3,86.4,0,0
1,0,66,2015,2,49,5,1,1,1,0.0,0,1,135,4,3,0,0,0,0,0,0,0,155.0,,0,3,52.0,0,0
1,1,66,2015,2,49,5,1,1,1,0.0,0,1,135,4,3,0,0,0,0,0,0,0,155.0,,0,3,52.0,0,0
1,0,66,2015,2,49,5,1,1,2,0.0,0,1,51,4,3,0,0,0,0,0,0,0,68.0,,0,3,64.0,0,0
1,0,66,2015,2,49,5,1,1,2,0.0,0,1,51,4,3,0,0,0,0,0,0,0,155.0,,0,3,64.0,0,0
1,1,66,2015,2,49,5,1,1,2,0.0,0,1,135,4,3,0,0,0,0,0,0,0,155.0,,0,3,64.0,0,0
1,1,66,2015,2,49,5,1,1,2,0.0,0,1,135,4,3,0,0,0,0,0,0,0,155.0,,0,3,64.0,0,0
1,1,66,2015,2,49,5,1,1,2,0.0,0,1,135,4,3,0,0,0,0,0,0,0,155.0,,0,3,64.0,0,0
1,1,66,2015,2,49,5,1,1,2,0.0,0,1,135,4,3,0,0,0,0,0,0,0,155.0,,0,3,64.0,0,0
1,1,66,2015,2,49,5,1,1,2,0.0,0,1,135,4,3,0,0,0,0,0,0,0,155.0,,0,3,64.0,0,0
1,0,66,2015,2,49,5,1,1,1,0.0,0,1,51,4,3,0,0,0,0,0,1,0,155.0,,0,3,52.0,0,0
1,1,66,2015,2,49,5,1,1,2,0.0,0,1,135,4,3,0,0,0,0,0,0,0,155.0,,0,3,64.0,0,0
1,0,66,2015,2,49,5,1,1,2,0.0,0,1,51,4,3,0,0,0,0,0,0,0,155.0,,0,3,64.0,0,0
1,0,66,2015,2,49,5,1,1,2,0.0,0,1,51,4,3,0,0,0,0,0,0,0,155.0,,0,3,64.0,0,0
1,0,66,2015,2,49,5,1,1,2,0.0,0,1,51,4,3,0,0,0,0,0,0,0,155.0,,0,3,64.0,0,0
1,0,66,2015,2,49,5,1,1,1,0.0,0,1,135,4,3,0,0,0,0,0,0,0,155.0,,0,3,0.0,0,0
1,1,66,2015,2,49,5,1,1,1,0.0,0,1,135,4,3,0,0,0,0,0,0,0,155.0,,0,3,52.0,0,0
1,0,59,2015,2,49,5,2,1,1,0.0,0,2,51,6,3,0,0,0,0,3,1,0,240.0,,0,2,48.4,0,2
1,0,59,2015,2,49,5,2,1,2,0.0,0,2,51,6,3,0,0,0,0,3,2,0,240.0,,0,2,68.45,0,2
1,1,23,2015,2,49,5,2,1,2,0.0,0,0,135,6,3,0,0,0,0,0,0,0,240.0,,0,2,58.0,0,1
1,1,24,2015,2,49,5,2,1,2,0.0,0,0,135,6,3,0,0,0,4,4,0,0,240.0,,0,2,78.0,0,1
1,1,149,2015,2,49,5,2,1,2,0.0,0,1,135,4,3,0,0,0,0,0,0,1,38.0,,0,2,68.0,0,0
1,1,149,2015,2,49,5,2,1,2,0.0,0,1,135,4,3,0,0,0,0,0,0,1,38.0,,0,2,68.0,0,0
1,1,149,2015,2,49,5,2,1,2,0.0,0,1,135,4,3,0,0,0,0,0,0,1,38.0,,0,2,68.0,0,0
1,1,149,2015,2,49,5,2,1,2,0.0,0,1,135,4,3,0,0,0,0,0,0,1,38.0,,0,2,68.0,0,0
1,1,44,2015,2,49,5,2,1,2,0.0,0,0,135,4,3,0,0,0,0,0,0,0,134.0,,0,3,70.0,0,0
1,1,44,2015,2,49,5,2,1,2,0.0,0,0,135,4,3,0,0,0,0,0,0,0,134.0,,0,3,70.0,0,0
1,1,45,2015,2,49,5,2,1,2,0.0,0,4,135,4,3,0,0,0,0,0,0,0,38.0,,0,3,68.0,0,0
1,1,45,2015,2,49,5,2,1,2,0.0,0,4,135,4,3,0,0,0,0,0,0,0,38.0,,0,3,68.0,0,0
1,1,54,2015,2,49,5,2,1,2,0.0,0,0,135,6,3,0,0,0,0,0,0,0,240.0,,0,2,36.45,0,2
1,0,59,2015,2,49,5,2,1,2,0.0,0,2,51,6,3,0,0,0,0,3,2,0,240.0,,0,2,68.45,0,2
1,1,60,2015,2,49,5,2,1,1,0.0,0,0,135,6,3,0,0,0,0,0,0,0,240.0,,0,2,36.0,0,0
1,1,149,2015,2,49,5,2,1,2,0.0,0,1,135,4,3,0,0,0,0,0,0,1,38.0,,0,2,68.0,0,0
1,1,149,2015,2,49,5,2,1,2,0.0,0,1,135,4,3,0,0,0,0,0,0,1,38.0,,0,2,68.0,0,0
1,1,149,2015,2,49,5,2,1,2,0.0,0,1,135,4,3,0,0,0,0,0,0,1,38.0,,0,2,68.0,0,0
1,1,44,2015,2,49,5,2,1,2,0.0,0,0,135,4,3,0,0,0,0,0,0,0,134.0,,0,3,70.0,0,0
1,1,44,2015,2,49,5,2,1,2,0.0,0,0,135,4,3,0,0,0,0,0,0,0,134.0,,0,3,70.0,0,0
1,1,44,2015,2,49,5,2,1,2,0.0,0,0,135,4,3,0,0,0,0,0,0,0,134.0,,0,3,70.0,0,0
1,0,45,2015,2,49,5,2,1,2,0.0,0,4,51,4,3,0,0,0,0,5,4,0,38.0,,0,3,68.0,0,0
1,1,45,2015,2,49,5,2,1,2,0.0,0,4,135,4,3,0,0,0,0,0,0,0,38.0,,0,3,68.0,0,0
1,1,45,2015,2,49,5,2,1,2,0.0,0,4,135,4,3,0,0,0,0,0,0,0,38.0,,0,3,68.0,0,0
1,1,44,2015,2,49,5,2,1,2,0.0,0,0,135,4,3,0,0,0,0,0,0,0,134.0,,0,3,70.0,0,0
1,1,44,2015,2,49,5,2,1,2,0.0,0,0,135,4,3,0,0,0,0,0,0,0,134.0,,0,3,70.0,0,0
1,1,44,2015,2,49,5,2,1,2,0.0,0,0,135,4,3,0,0,0,0,0,0,0,134.0,,0,3,70.0,0,0
1,0,45,2015,2,49,5,2,1,2,0.0,0,4,51,4,3,0,0,0,0,0,0,0,38.0,,0,3,68.0,0,0
1,0,45,2015,2,49,5,2,1,2,0.0,0,4,51,4,3,0,0,0,0,0,0,0,38.0,,0,3,68.0,0,0
1,0,45,2015,2,49,5,2,1,2,0.0,0,4,51,4,3,0,0,0,0,0,0,0,38.0,,0,3,68.0,0,0
1,1,45,2015,2,49,5,2,1,2,0.0,0,4,135,4,3,0,0,0,0,0,0,0,38.0,,0,3,68.0,0,0
1,1,45,2015,2,49,5,2,1,2,0.0,0,4,135,4,3,0,0,0,0,0,0,0,38.0,,0,3,68.0,0,0
1,0,54,2015,2,49,5,2,1,2,0.0,0,2,51,6,3,0,0,0,0,3,1,0,240.0,,0,2,72.5,0,2
1,1,149,2015,2,49,5,2,1,2,0.0,0,1,135,4,3,0,0,0,0,0,0,1,38.0,,0,2,68.0,0,0
1,1,149,2015,2,49,5,2,1,2,0.0,0,1,135,4,3,0,0,0,0,0,0,1,38.0,,0,2,68.0,0,0
1,1,149,2015,2,49,5,2,1,2,0.0,0,1,135,4,3,0,0,0,0,0,0,1,38.0,,0,2,68.0,0,0
1,1,46,2015,2,49,5,2,1,2,0.0,0,0,135,5,3,0,0,0,0,0,0,0,115.0,,0,2,26.1,0,1
1,1,44,2015,2,49,5,2,1,2,0.0,0,0,135,4,3,0,0,0,0,0,0,0,134.0,,0,3,70.0,0,0
1,1,44,2015,2,49,5,2,1,2,0.0,0,0,135,4,3,0,0,0,0,0,0,0,134.0,,0,3,70.0,0,0
1,0,45,2015,2,49,5,2,1,2,0.0,0,4,51,4,3,0,0,0,0,0,0,0,38.0,,0,3,68.0,0,0
1,0,45,2015,2,49,5,2,1,2,0.0,0,4,51,4,3,0,0,0,0,0,0,0,38.0,,0,3,68.0,0,0
1,1,149,2015,2,49,5,2,1,2,0.0,0,1,135,4,3,0,0,0,0,0,0,1,38.0,,0,2,68.0,0,0
1,1,149,2015,2,49,5,2,1,2,0.0,0,1,135,4,3,0,0,0,0,0,0,1,38.0,,0,2,68.0,0,0
1,1,149,2015,2,49,5,2,1,2,0.0,0,1,135,4,3,0,0,0,0,0,0,1,38.0,,0,2,68.0,0,0
1,0,113,2015,2,49,5,2,1,3,0.0,0,0,51,5,3,0,0,0,0,2,1,0,314.0,,0,0,55.92,0,1
1,0,59,2015,2,49,5,2,1,2,0.0,0,2,51,6,3,0,0,0,0,3,2,0,240.0,,0,2,68.45,0,2
1,0,59,2015,2,49,5,2,1,2,0.0,0,2,51,6,3,0,0,0,0,3,2,0,240.0,,0,2,68.45,0,2
1,1,149,2015,2,49,5,2,1,2,0.0,0,1,135,4,3,0,0,0,0,0,0,1,38.0,,0,2,68.0,0,0
1,1,149,2015,2,49,5,2,1,2,0.0,0,1,135,4,3,0,0,0,0,0,0,1,38.0,,0,2,68.0,0,0
1,1,149,2015,2,49,5,2,1,2,0.0,0,1,135,4,3,0,0,0,0,0,0,1,38.0,,0,2,68.0,0,0
1,1,149,2015,2,49,5,2,1,2,0.0,0,1,135,4,3,0,0,0,0,0,0,1,38.0,,0,2,68.0,0,0
1,1,45,2015,2,49,5,2,1,2,0.0,0,4,135,4,3,0,0,0,0,0,0,0,38.0,,0,3,68.0,0,0
1,1,45,2015,2,49,5,2,1,2,0.0,0,4,135,4,3,0,0,0,0,0,0,0,38.0,,0,3,68.0,0,0
1,1,45,2015,2,49,5,2,1,2,0.0,0,4,135,4,3,0,0,0,0,0,0,0,38.0,,0,3,68.0,0,0
1,1,44,2015,2,49,5,2,1,2,0.0,0,0,135,4,3,0,0,0,0,0,0,0,134.0,,0,3,70.0,0,0
1,1,44,2015,2,49,5,2,1,2,0.0,0,0,135,4,3,0,0,0,0,0,0,0,134.0,,0,3,70.0,0,0
1,1,44,2015,2,49,5,2,1,2,0.0,0,0,135,4,3,0,0,0,0,0,0,0,134.0,,0,3,70.0,0,0
1,1,44,2015,2,49,5,2,1,2,0.0,0,0,135,4,3,0,0,0,0,0,0,0,134.0,,0,3,70.0,0,0
1,1,44,2015,2,49,5,2,1,2,0.0,0,0,135,4,3,0,0,0,0,0,0,0,134.0,,0,3,70.0,0,0
1,1,58,2015,2,49,5,2,1,1,0.0,0,0,135,5,3,0,0,0,0,0,0,0,261.0,,0,2,22.5,0,1
1,1,149,2015,2,49,5,2,1,2,0.0,0,1,135,4,3,0,0,0,0,0,0,1,38.0,,0,2,68.0,0,0
1,1,149,2015,2,49,5,2,1,2,0.0,0,1,135,4,3,0,0,0,0,0,0,1,38.0,,0,2,68.0,0,0
1,1,149,2015,2,49,5,2,1,2,0.0,0,1,135,4,3,0,0,0,0,0,0,1,38.0,,0,2,68.0,0,0
1,0,45,2015,2,49,5,2,1,2,0.0,0,4,135,4,3,0,0,0,0,0,0,0,38.0,,0,3,68.0,0,0
1,0,45,2015,2,49,5,2,1,2,0.0,0,4,51,4,3,0,0,0,0,0,0,0,38.0,,0,3,68.0,0,0
1,1,45,2015,2,49,5,2,1,2,0.0,0,4,135,4,3,0,0,0,0,0,0,0,38.0,,0,3,68.0,0,0
1,1,45,2015,2,49,5,2,1,2,0.0,0,4,135,4,3,0,0,0,0,0,0,0,38.0,,0,3,68.0,0,0
1,1,45,2015,2,49,5,2,1,2,0.0,0,4,135,4,3,0,0,0,0,0,0,0,38.0,,0,3,68.0,0,0
1,1,44,2015,2,49,5,2,1,2,0.0,0,0,135,4,3,0,0,0,0,0,0,0,134.0,,0,3,70.0,0,0
1,1,44,2015,2,49,5,2,1,2,0.0,0,0,135,4,3,0,0,0,0,0,0,0,134.0,,0,3,70.0,0,0
1,1,44,2015,2,49,5,2,1,2,0.0,0,0,135,4,3,0,0,0,0,0,0,0,134.0,,0,3,70.0,0,0
1,1,44,2015,2,49,5,2,1,2,0.0,0,0,135,4,3,0,0,0,0,0,0,0,134.0,,0,3,70.0,0,0
1,1,149,2015,2,49,5,2,1,2,0.0,0,1,135,4,3,0,0,0,0,0,0,1,38.0,,0,2,68.0,0,0
1,1,149,2015,2,49,5,2,1,2,0.0,0,1,135,4,3,0,0,0,0,0,0,1,38.0,,0,2,68.0,0,0
1,0,33,2015,2,49,5,2,1,2,0.0,0,2,51,3,1,0,0,0,5,5,0,0,250.0,,0,2,109.0,1,2
1,0,45,2015,2,49,5,2,1,2,0.0,0,4,51,4,3,0,0,0,0,0,0,0,38.0,,0,3,68.0,0,0
1,0,45,2015,2,49,5,2,1,2,0.0,0,4,51,4,3,0,0,0,0,0,0,0,38.0,,0,3,68.0,0,0
1,1,45,2015,2,49,5,2,1,2,0.0,0,4,135,4,3,0,0,0,0,0,0,0,38.0,,0,3,68.0,0,0
1,1,45,2015,2,49,5,2,1,2,0.0,0,4,135,4,3,0,0,0,0,0,0,0,38.0,,0,3,68.0,0,0
1,1,44,2015,2,49,5,2,1,2,0.0,0,0,135,4,3,0,0,0,0,0,0,0,134.0,,0,3,70.0,0,0
1,1,44,2015,2,49,5,2,1,2,0.0,0,0,135,4,3,0,0,0,0,0,0,0,134.0,,0,3,70.0,0,0
1,1,149,2015,2,49,5,2,1,2,0.0,0,1,135,4,3,0,0,0,0,0,0,1,38.0,,0,2,68.0,0,0
1,1,149,2015,2,49,5,2,1,2,0.0,0,1,135,4,3,0,0,0,0,0,0,1,38.0,,0,2,68.0,0,0
1,1,149,2015,2,49,5,2,1,2,0.0,0,1,135,4,3,0,0,0,0,0,0,1,38.0,,0,2,68.0,0,0
1,1,44,2015,2,49,5,2,1,2,0.0,0,0,135,4,3,0,0,0,0,0,0,0,134.0,,0,3,70.0,0,0
1,1,44,2015,2,49,5,2,1,2,0.0,0,0,135,4,3,0,0,0,0,0,0,0,134.0,,0,3,70.0,0,0
1,1,44,2015,2,49,5,2,1,2,0.0,0,0,135,4,3,0,0,0,0,0,0,0,134.0,,0,3,70.0,0,0
1,0,45,2015,2,49,5,2,1,2,0.0,0,4,51,4,3,0,0,0,0,0,0,0,38.0,,0,3,68.0,0,0
1,0,45,2015,2,49,5,2,1,3,0.0,0,4,51,4,3,0,0,0,0,2,1,0,38.0,,0,3,91.8,0,0
1,1,45,2015,2,49,5,2,1,2,0.0,0,4,135,4,3,0,0,0,0,0,0,0,38.0,,0,3,68.0,0,0
1,1,54,2015,2,49,5,2,1,2,0.0,0,0,135,6,3,0,0,0,0,0,0,0,240.0,,0,2,36.45,0,2
1,0,39,2015,2,50,6,2,0,2,0.0,0,2,51,5,3,0,0,0,4,4,0,0,175.0,,0,2,63.72,0,0
1,1,81,2015,2,50,6,2,1,2,0.0,0,0,135,6,3,0,0,0,3,3,0,0,240.0,,0,2,41.4,0,2
1,1,81,2015,2,50,6,2,1,2,0.0,0,0,135,6,3,0,0,0,3,3,0,0,240.0,,0,2,41.4,0,2
1,1,81,2015,2,50,6,2,1,2,0.0,0,0,135,6,3,0,0,0,0,0,0,0,240.0,,0,2,40.5,0,2
1,1,68,2015,2,50,6,2,1,2,0.0,0,0,135,6,3,0,0,0,0,0,0,0,240.0,,0,2,40.5,0,2
1,1,81,2015,2,50,6,2,1,2,0.0,0,0,135,6,3,0,0,0,0,0,0,0,240.0,,0,2,40.5,0,2
1,1,81,2015,2,50,6,2,1,2,0.0,0,0,135,6,3,0,0,0,0,0,0,0,240.0,,0,2,40.5,0,2
1,1,81,2015,2,50,6,2,1,2,0.0,0,0,135,6,3,0,0,0,0,0,0,0,240.0,,0,2,40.5,0,2
1,1,81,2015,2,50,6,2,1,2,0.0,0,0,135,6,3,0,0,0,3,3,0,0,240.0,,0,2,41.4,0,2
1,1,81,2015,2,50,6,2,1,2,0.0,0,0,135,6,3,0,0,0,0,0,0,0,240.0,,0,2,40.5,0,2
1,1,81,2015,2,50,6,2,1,2,0.0,0,0,135,6,3,0,0,0,0,0,0,0,240.0,,0,2,40.5,0,2
1,1,81,2015,2,50,6,2,1,2,0.0,0,0,135,6,3,0,0,0,0,0,0,0,240.0,,0,2,40.5,0,2
1,1,81,2015,2,50,6,2,1,2,0.0,0,0,135,6,3,0,0,0,0,0,0,0,240.0,,0,2,40.5,0,2
1,1,81,2015,2,50,6,2,1,2,0.0,0,0,135,6,3,0,0,0,3,3,0,0,240.0,,0,2,41.4,0,2
1,0,31,2015,2,50,6,2,2,2,0.0,0,0,59,6,3,0,0,0,4,4,0,0,240.0,,0,2,65.7,0,2
1,0,35,2015,2,50,7,1,0,2,0.0,0,0,133,5,3,0,0,0,4,4,0,0,8.0,,0,2,45.0,0,0
1,1,49,2015,2,50,7,1,1,2,0.0,0,0,135,5,3,0,0,0,3,3,0,0,36.0,,0,2,39.96,0,0
1,1,35,2015,2,50,7,2,5,2,0.0,0,0,135,6,3,0,0,0,0,0,0,0,240.0,,0,2,44.49,0,1
1,1,25,2015,2,50,7,2,5,2,0.0,0,0,135,6,3,0,0,0,0,0,0,0,240.0,,0,2,44.49,0,0
1,0,183,2015,2,50,8,8,20,2,0.0,0,0,59,6,3,0,0,0,4,4,0,0,241.0,,0,2,44.5,0,1
1,0,140,2015,2,50,10,0,0,2,0.0,0,2,135,6,3,0,0,0,5,8,0,0,241.0,,0,2,0.0,0,1
1,0,192,2015,2,50,10,0,1,2,0.0,0,0,174,6,3,0,0,0,0,3,2,0,240.0,,0,2,32.4,0,2
1,0,29,2015,2,50,10,0,3,2,0.0,0,0,59,5,3,0,0,0,0,0,0,0,115.0,,0,3,26.1,0,1
1,0,29,2015,2,50,10,0,3,2,0.0,0,0,59,5,3,0,0,0,0,0,0,0,115.0,,0,3,26.1,0,0
1,0,29,2015,2,50,10,0,3,2,0.0,0,0,59,5,3,0,0,0,0,0,0,0,115.0,,0,3,26.1,0,1
1,0,66,2015,2,50,10,2,5,2,0.0,0,2,59,5,3,0,0,0,0,0,0,0,115.0,,0,2,50.93,0,0
1,0,29,2015,2,50,10,0,3,2,0.0,0,0,59,5,3,0,0,0,0,0,0,0,115.0,,0,3,26.1,0,0
1,0,29,2015,2,50,10,0,3,2,0.0,0,0,59,5,3,0,0,0,0,0,0,0,115.0,,0,3,26.1,0,1
1,0,126,2015,2,50,11,2,2,2,0.0,0,0,59,6,3,0,0,0,0,0,0,0,241.0,,0,2,24.95,0,1
1,0,56,2015,2,50,11,2,3,2,0.0,0,0,76,6,3,0,0,0,4,4,0,0,240.0,,0,2,58.7,0,1
1,0,66,2015,2,50,12,2,5,2,0.0,0,2,59,5,3,0,0,0,3,3,0,0,115.0,,0,2,56.7,0,0
1,0,194,2015,2,50,12,2,5,2,0.0,0,0,59,6,3,0,0,0,0,0,0,0,241.0,,0,2,28.33,0,0
1,1,149,2015,2,51,13,6,13,1,0.0,0,0,135,6,3,0,0,0,0,0,0,0,240.0,,0,2,31.12,0,2
1,0,70,2015,2,51,14,1,2,1,0.0,0,0,59,5,3,0,0,0,0,0,0,0,156.0,,0,2,21.37,0,0
1,1,33,2015,2,51,14,1,2,2,0.0,0,0,135,6,3,0,0,0,3,3,0,0,240.0,,0,2,46.4,0,2
1,0,103,2015,2,51,14,1,4,2,0.0,0,0,59,6,3,0,0,0,0,0,0,0,241.0,,0,2,26.95,0,1
1,0,71,2015,2,51,15,0,0,2,0.0,0,0,135,6,3,0,0,0,0,8,1,0,240.0,,0,2,0.0,0,0
1,0,50,2015,2,51,17,0,1,1,0.0,0,0,51,5,3,0,0,0,0,0,1,0,196.0,,0,2,25.0,0,0
1,0,44,2015,2,51,17,0,1,2,0.0,0,0,135,5,3,0,0,0,0,0,0,0,6.0,,0,2,29.0,1,0
1,0,261,2015,2,51,17,2,7,2,0.0,0,0,59,6,3,0,0,0,3,4,0,0,240.0,,0,2,38.7,0,2
1,1,125,2015,2,51,17,2,8,2,0.0,0,0,135,6,3,0,0,0,3,3,0,0,240.0,,0,2,46.16,0,2
1,0,52,2015,2,51,17,2,8,2,0.0,0,0,59,5,3,0,0,0,3,3,0,0,115.0,,0,2,37.3,0,1
1,0,49,2015,2,51,17,6,13,2,0.0,0,0,43,5,3,0,0,0,4,4,0,0,177.0,,0,2,45.33,0,0
1,1,58,2015,2,51,17,6,13,2,0.0,0,0,135,5,3,0,0,0,4,4,0,0,314.0,,0,2,51.99,0,0
1,0,113,2015,2,51,18,0,0,2,0.0,0,0,135,6,3,0,0,0,0,8,0,0,240.0,,0,2,0.0,0,2
1,0,60,2015,2,51,18,0,1,2,0.0,0,0,135,6,3,0,0,0,4,4,1,0,240.0,,0,2,56.7,1,2
1,0,45,2015,2,51,18,2,2,2,0.0,0,0,81,5,3,0,0,0,0,5,1,0,8.0,,0,2,47.0,1,1
1,0,86,2015,2,51,18,2,3,2,0.0,0,0,54,6,3,0,0,0,4,4,1,0,240.0,,0,2,56.4,1,0
1,1,93,2015,2,51,19,0,1,2,0.0,0,1,135,4,1,0,0,0,0,0,0,1,,,0,2,80.0,0,0
1,1,93,2015,2,51,19,0,1,2,0.0,0,1,135,4,1,0,0,0,0,0,0,1,,,0,2,80.0,0,0
1,1,93,2015,2,51,19,0,1,2,0.0,0,1,135,4,1,0,0,0,0,0,0,1,,,0,2,80.0,0,0
1,1,93,2015,2,51,19,0,1,2,0.0,0,1,135,4,1,0,0,0,0,0,0,1,,,0,2,80.0,0,0
1,1,93,2015,2,51,19,0,1,2,0.0,0,1,135,4,1,0,0,0,0,0,0,1,,,0,2,80.0,0,0
1,1,93,2015,2,51,19,0,1,2,0.0,0,1,135,4,1,0,0,0,0,0,0,1,,,0,2,80.0,0,0
1,1,93,2015,2,51,19,0,1,2,0.0,0,1,135,4,1,0,0,0,0,0,0,1,,,0,2,80.0,0,0
1,1,93,2015,2,51,19,0,1,2,0.0,0,1,135,4,1,0,0,0,0,0,0,1,,,0,2,80.0,0,0
1,1,93,2015,2,51,19,0,1,2,0.0,0,1,135,4,1,0,0,0,0,0,0,1,,,0,2,80.0,0,0
1,1,93,2015,2,51,19,0,1,2,0.0,0,1,135,4,1,0,0,0,0,0,0,1,,,0,2,80.0,0,0
1,1,93,2015,2,51,19,0,1,2,0.0,0,1,135,4,1,0,0,0,0,0,0,1,,,0,2,80.0,0,0
1,1,93,2015,2,51,19,0,1,2,0.0,0,1,135,4,1,0,0,0,0,0,0,1,,,0,2,80.0,0,0
1,1,93,2015,2,51,19,0,1,2,0.0,0,1,135,4,1,0,0,0,0,0,0,1,,,0,2,80.0,0,0
1,1,93,2015,2,51,19,0,1,2,0.0,0,1,135,4,1,0,0,0,0,0,0,1,,,0,2,80.0,0,0
1,1,93,2015,2,51,19,0,1,2,0.0,0,1,135,4,1,0,0,0,0,0,0,1,,,0,2,80.0,0,0
1,1,93,2015,2,51,19,0,1,2,0.0,0,1,135,4,1,0,0,0,0,0,0,1,,,0,2,80.0,0,0
1,1,93,2015,2,51,19,0,1,2,0.0,0,1,135,4,1,0,0,0,0,0,0,1,,,0,2,80.0,0,0
1,1,93,2015,2,51,19,0,1,2,0.0,0,1,135,4,1,0,0,0,0,0,0,1,,,0,2,80.0,0,0
1,1,93,2015,2,51,19,0,1,2,0.0,0,1,135,4,1,0,0,0,0,0,0,1,,,0,2,80.0,0,0
1,1,93,2015,2,51,19,0,1,2,0.0,0,1,135,4,1,0,0,0,0,0,0,1,,,0,2,80.0,0,0
1,1,93,2015,2,51,19,0,1,2,0.0,0,1,135,4,1,0,0,0,0,0,0,1,,,0,2,80.0,0,0
1,1,93,2015,2,51,19,0,1,2,0.0,0,1,135,4,1,0,0,0,0,0,0,1,,,0,2,80.0,0,0
1,1,93,2015,2,51,19,0,1,2,0.0,0,1,135,4,1,0,0,0,0,0,0,1,,,0,2,80.0,0,0
1,1,93,2015,2,51,19,0,1,2,0.0,0,1,135,4,1,0,0,0,0,0,0,1,,,0,2,80.0,0,0
1,1,93,2015,2,51,19,0,1,2,0.0,0,1,135,4,1,0,0,0,0,0,0,1,,,0,2,80.0,0,0
1,0,39,2015,2,51,19,2,1,2,0.0,0,0,91,6,3,0,0,0,3,3,1,0,240.0,,0,2,46.4,0,1
1,0,88,2015,2,51,19,2,2,2,0.0,0,0,59,5,3,0,0,0,4,4,0,0,177.0,,0,2,40.5,0,0
1,1,113,2015,2,51,19,2,2,2,0.0,1,0,135,6,3,0,0,0,0,0,1,0,240.0,,0,2,66.0,0,1
1,1,118,2015,2,52,20,4,9,2,0.0,0,0,135,6,3,0,0,0,3,3,0,0,240.0,,0,2,50.33,0,2
1,1,260,2015,2,52,20,4,9,1,0.0,0,0,135,6,3,0,0,0,0,0,0,0,240.0,,0,2,33.58,0,1
1,1,216,2015,2,52,20,4,9,2,0.0,0,0,135,6,3,0,0,0,0,0,0,0,240.0,,0,2,40.29,0,1
1,1,169,2015,2,52,20,4,9,2,0.0,0,0,135,6,3,0,0,0,0,0,0,0,240.0,,0,2,36.26,0,1
1,1,216,2015,2,52,20,4,9,2,0.0,0,0,135,6,3,0,0,0,0,0,0,0,240.0,,0,2,44.77,0,1
1,1,169,2015,2,52,20,4,9,2,0.0,0,0,135,6,3,0,0,0,0,0,0,0,240.0,,0,2,36.26,0,1
1,1,260,2015,2,52,20,4,9,1,0.0,0,0,135,6,3,0,0,0,3,3,0,0,240.0,,0,2,47.54,0,1
1,0,48,2015,2,52,20,2,2,2,0.0,0,0,135,6,3,0,0,0,0,3,0,0,240.0,,0,2,48.0,0,0
1,1,113,2015,2,52,20,2,5,2,0.0,0,0,135,6,3,0,0,0,0,0,1,0,240.0,,0,2,32.4,0,1
1,1,113,2015,2,52,20,2,5,2,0.0,0,0,135,6,3,0,0,0,0,0,0,0,240.0,,0,2,32.4,0,1
1,0,126,2015,2,52,21,1,5,2,0.0,0,2,59,6,3,0,0,0,0,0,0,0,147.0,,0,2,58.52,0,0
1,0,67,2015,2,52,21,1,5,2,0.0,0,2,59,5,3,0,0,0,0,0,0,0,6.0,,0,2,58.5,0,0
1,1,209,2015,2,52,21,2,5,2,0.0,0,2,135,5,3,0,0,0,3,3,0,0,314.0,,0,0,54.0,0,1
1,0,49,2015,2,52,21,3,5,1,0.0,0,0,34,6,3,0,0,0,4,4,0,0,241.0,,0,2,46.27,0,1
1,1,94,2015,2,52,21,3,6,2,0.0,0,0,135,6,3,0,0,0,3,3,0,0,241.0,,0,2,31.88,0,2
1,1,94,2015,2,52,21,3,6,2,0.0,0,0,135,6,3,0,0,0,0,0,0,0,241.0,,0,2,31.18,0,2
1,1,39,2015,2,52,21,3,6,2,0.0,0,0,135,6,3,0,0,0,3,3,0,0,240.0,,0,2,50.77,0,2
1,1,94,2015,2,52,21,3,6,2,0.0,0,0,135,6,3,0,0,0,3,3,0,0,241.0,,0,2,31.88,0,2
1,1,39,2015,2,52,21,3,6,2,0.0,0,0,135,6,3,0,0,0,3,3,0,0,240.0,,0,2,50.77,0,2
1,1,94,2015,2,52,21,3,6,2,0.0,0,0,135,6,3,0,0,0,0,0,0,0,241.0,,0,2,31.18,0,1
1,1,94,2015,2,52,21,3,6,2,2.0,0,0,135,6,3,0,0,0,2,2,0,0,241.0,,0,2,38.81,0,1
1,0,119,2015,2,52,21,2,5,2,0.0,0,0,135,6,3,0,0,0,0,0,0,0,241.0,,0,2,24.95,0,1
1,1,3,2015,2,52,22,0,4,3,1.0,0,0,135,6,3,0,0,0,7,7,0,0,240.0,,0,2,110.75,0,0
1,1,57,2015,2,52,22,0,5,3,0.0,0,0,135,5,3,0,0,0,4,4,0,0,6.0,,0,2,54.68,0,1
1,0,54,2015,2,52,22,0,5,3,0.0,0,0,51,5,3,0,0,0,4,4,0,0,196.0,,0,2,85.0,1,1
1,1,43,2015,2,52,22,1,5,1,0.0,0,0,135,6,3,0,0,0,0,0,0,0,240.0,,0,2,39.0,0,0
1,0,60,2015,2,52,22,2,5,2,0.0,0,0,59,3,1,0,0,0,0,0,0,0,250.0,,0,2,36.0,0,0
1,0,131,2015,2,52,22,2,5,2,0.0,0,2,76,5,3,0,0,0,0,0,1,0,314.0,,0,3,64.14,0,1
1,0,139,2015,2,52,22,0,4,1,0.0,0,0,56,6,3,0,0,0,0,3,0,0,240.0,,0,2,25.11,0,1
1,0,131,2015,2,52,22,2,5,2,0.0,0,2,76,5,3,0,0,0,0,0,0,0,314.0,,0,2,65.57,0,1
1,1,131,2015,2,52,22,2,5,2,0.0,0,2,135,5,3,0,0,0,0,0,0,0,314.0,,0,3,55.0,0,0
1,0,131,2015,2,52,22,2,5,2,0.0,0,2,76,5,3,0,0,0,0,0,0,0,314.0,,0,3,64.14,0,1
1,0,131,2015,2,52,22,2,5,2,0.0,0,2,135,5,3,0,0,0,0,0,0,0,314.0,,0,3,64.14,0,1
1,1,131,2015,2,52,22,2,5,2,0.0,0,2,135,5,3,0,0,0,0,0,0,0,314.0,,0,3,55.0,0,0
1,0,70,2015,2,52,22,2,5,2,0.0,0,0,76,5,3,0,0,0,0,0,0,0,156.0,,0,2,34.79,0,0
1,0,131,2015,2,52,22,2,5,2,0.0,0,2,76,5,3,0,0,0,0,0,0,0,314.0,,0,3,64.14,0,1
1,0,131,2015,2,52,22,2,5,2,0.0,0,2,76,5,3,0,0,0,0,0,0,0,314.0,,0,2,65.57,0,1
1,1,131,2015,2,52,22,2,5,2,0.0,0,2,135,5,3,0,0,0,0,0,0,0,314.0,,0,3,55.0,0,0
1,1,131,2015,2,52,22,2,5,2,0.0,0,2,135,5,3,0,0,0,0,0,0,0,314.0,,0,3,55.0,0,0
1,0,131,2015,2,52,22,2,5,2,0.0,0,2,76,4,3,0,0,0,0,3,0,0,335.0,,0,3,75.57,0,1
1,0,131,2015,2,52,22,2,5,2,0.0,0,2,76,5,3,0,0,0,4,4,1,0,314.0,,0,3,81.29,0,1
1,1,131,2015,2,52,22,2,5,2,0.0,0,2,135,5,3,0,0,0,0,0,0,0,314.0,,0,3,55.0,0,0
1,1,131,2015,2,52,22,2,5,2,0.0,0,2,135,5,3,0,0,0,0,0,0,0,314.0,,0,3,55.0,0,0
1,1,1,2015,2,52,22,2,5,1,0.0,0,2,135,5,3,0,0,0,0,0,1,0,8.0,,0,2,51.0,0,0
1,0,131,2015,2,52,22,2,5,1,0.0,0,2,76,5,3,0,0,0,0,0,1,0,314.0,,0,3,42.57,0,0
1,1,131,2015,2,52,22,2,5,2,0.0,0,2,135,5,3,0,0,0,0,0,0,0,314.0,,0,3,55.0,0,0
1,1,131,2015,2,52,22,2,5,2,0.0,0,2,135,5,3,0,0,0,0,0,0,0,314.0,,0,3,55.0,0,0
1,1,131,2015,2,52,22,2,5,2,0.0,0,2,135,5,3,0,0,0,0,0,0,0,314.0,,0,3,55.0,0,0
1,0,131,2015,2,52,22,2,5,2,0.0,0,2,11,5,3,0,0,0,3,3,1,0,314.0,,0,3,72.14,0,1
1,0,131,2015,2,52,22,2,5,2,0.0,0,2,76,5,3,0,0,0,3,3,1,0,314.0,,0,3,72.14,0,1
1,0,83,2015,2,52,23,0,3,1,0.0,0,0,135,6,3,0,0,0,0,3,1,0,240.0,,0,2,43.57,0,2
1,0,119,2015,2,52,23,0,4,2,0.0,0,2,81,6,3,0,0,0,4,4,1,0,242.0,,0,2,85.2,1,1
1,0,49,2015,2,52,23,0,0,2,0.0,0,2,135,6,3,0,0,0,5,5,1,0,242.0,,0,2,0.0,0,0
1,0,49,2015,2,52,23,0,0,2,1.0,0,2,135,6,3,0,0,0,5,5,1,0,242.0,,0,2,0.0,0,1
1,0,48,2015,2,52,23,1,4,2,0.0,0,0,25,6,3,0,0,0,4,4,0,0,240.0,,0,2,75.2,0,2
1,0,111,2015,2,52,23,2,4,1,0.0,0,0,59,6,3,0,0,0,0,0,1,0,241.0,,0,2,38.29,0,1
1,0,100,2015,2,52,23,2,4,2,0.0,0,0,76,5,3,0,0,0,3,3,0,0,156.0,,0,2,31.64,0,0
1,1,70,2015,2,52,23,2,5,2,0.0,0,0,135,6,3,0,0,0,4,4,0,0,240.0,,0,2,50.4,0,0
1,0,44,2015,2,52,23,2,5,2,0.0,0,2,56,5,3,0,0,0,0,3,1,0,6.0,,0,2,73.4,0,0
1,0,99,2015,2,52,23,2,4,1,0.0,0,0,76,6,3,0,0,0,0,0,0,0,240.0,,0,2,37.67,0,1
1,0,44,2015,2,52,23,2,5,2,0.0,0,0,56,5,3,0,0,0,0,3,0,0,6.0,,0,2,56.0,1,0
1,0,65,2015,2,52,23,2,8,2,0.0,0,0,76,6,3,0,0,0,4,4,0,0,240.0,,0,2,82.17,0,1
1,0,45,2015,2,52,24,0,2,2,0.0,0,0,135,3,1,0,0,0,0,0,0,0,,,0,2,31.0,0,0
1,0,44,2015,2,52,24,0,2,1,0.0,0,0,135,3,1,0,0,0,0,0,0,0,,,0,2,27.0,0,0
1,0,45,2015,2,52,24,0,2,3,0.0,0,0,135,3,1,0,0,0,0,2,0,0,,,0,2,44.0,0,1
1,0,66,2015,2,52,24,0,2,2,0.0,0,0,135,6,3,0,0,0,0,3,0,0,240.0,,0,2,43.2,0,1
1,0,59,2015,2,52,24,0,3,2,0.0,0,0,135,3,1,0,0,0,0,0,1,0,,,0,3,45.0,0,1
1,0,155,2015,2,52,24,0,3,2,0.0,1,0,59,3,1,0,0,0,2,2,0,0,250.0,,0,3,47.6,0,3
1,0,59,2015,2,52,24,0,3,2,0.0,0,0,135,3,1,0,0,0,3,3,1,0,,,0,3,51.0,1,0
1,0,155,2015,2,52,24,0,3,3,0.0,0,0,59,3,1,0,0,0,6,6,0,0,250.0,,0,3,73.1,0,2
1,0,44,2015,2,52,24,0,3,2,0.0,0,2,51,5,3,0,0,0,0,0,0,0,196.0,,0,2,58.0,0,1
1,1,113,2015,2,52,24,2,4,2,2.0,1,0,135,3,1,0,0,0,6,6,0,0,,,0,2,73.1,0,1
1,0,86,2015,2,52,24,2,5,2,0.0,0,0,59,5,3,0,0,0,0,0,1,0,171.0,,0,2,34.33,0,1
1,0,127,2015,2,52,24,2,5,2,2.0,0,0,133,6,3,0,0,0,6,6,0,0,240.0,,0,3,94.36,0,1
1,0,131,2015,2,52,24,2,5,2,2.0,0,0,133,6,3,0,0,0,6,6,0,0,240.0,,0,2,90.07,0,0
1,0,119,2015,2,52,24,2,5,2,0.0,0,0,59,5,3,0,0,0,0,0,0,0,171.0,,0,2,29.96,0,0
1,0,127,2015,2,52,24,2,5,2,0.0,0,0,133,6,3,0,0,0,0,3,1,0,240.0,,0,3,37.29,0,1
1,0,79,2015,2,52,24,2,5,2,0.0,0,2,59,5,3,0,0,0,0,0,0,0,156.0,,0,2,57.29,0,2
1,1,113,2015,2,52,24,2,6,2,0.0,0,0,135,6,3,0,0,0,0,0,0,0,240.0,,0,2,40.95,0,1
1,0,57,2015,2,52,24,2,6,2,0.0,0,0,29,6,3,0,0,0,3,3,0,0,240.0,,0,2,68.55,1,0
1,1,87,2015,2,52,24,2,7,2,2.0,0,0,135,6,3,0,0,0,6,6,0,0,240.0,,0,2,93.3,0,1
1,1,110,2015,2,52,24,2,7,1,0.0,0,0,135,6,3,0,0,0,0,0,0,0,240.0,,0,2,35.64,0,0
1,1,99,2015,2,52,24,4,10,2,0.0,0,0,135,3,1,0,0,0,2,2,0,0,250.0,,0,2,61.39,0,0
1,0,178,2015,2,52,24,0,3,2,0.0,0,0,135,6,3,0,0,0,0,3,0,0,240.0,,0,2,29.16,0,0
1,0,51,2015,2,52,24,1,3,2,0.0,0,0,99,6,3,0,0,0,0,0,0,0,240.0,,0,2,89.25,0,0
1,1,0,2015,2,52,25,0,1,2,0.0,0,0,135,6,3,0,0,0,0,0,0,1,240.0,,0,2,55.0,0,0
1,1,0,2015,2,52,25,0,1,2,0.0,0,0,135,6,3,0,0,0,4,5,0,1,240.0,,0,2,75.0,0,0
1,1,0,2015,2,52,25,0,1,2,0.0,0,0,135,6,3,0,0,0,0,0,0,1,240.0,,0,2,55.0,0,0
1,1,0,2015,2,52,25,0,1,2,0.0,0,0,135,6,3,0,0,0,4,5,0,1,240.0,,0,2,75.0,0,0
1,1,0,2015,2,52,25,0,1,2,0.0,0,0,135,6,3,0,0,0,4,5,0,1,240.0,,0,2,75.0,0,0
1,1,0,2015,2,52,25,0,1,2,0.0,0,0,135,6,3,0,0,0,0,0,0,1,240.0,,0,2,55.0,0,0
1,1,0,2015,2,52,25,0,1,2,0.0,0,0,135,6,3,0,0,0,0,0,0,1,240.0,,0,2,55.0,0,0
1,1,0,2015,2,52,25,0,1,2,0.0,0,0,135,6,3,0,0,0,0,0,0,1,240.0,,0,2,55.0,0,0
1,1,0,2015,2,52,25,0,1,2,0.0,0,0,135,6,3,0,0,0,0,0,0,1,240.0,,0,2,55.0,0,0
1,1,0,2015,2,52,25,0,1,2,0.0,0,0,135,6,3,0,0,0,0,0,0,1,240.0,,0,2,55.0,0,0
1,1,0,2015,2,52,25,0,1,2,0.0,0,0,135,6,3,0,0,0,4,5,0,1,240.0,,0,2,75.0,0,0
1,1,0,2015,2,52,25,0,1,3,1.0,0,0,135,6,3,0,0,0,7,7,1,1,240.0,,0,2,115.0,0,0
1,1,0,2015,2,52,25,0,1,2,0.0,0,0,135,6,3,0,0,0,0,0,0,1,240.0,,0,2,55.0,0,0
1,1,0,2015,2,52,25,0,1,2,0.0,0,0,135,6,3,0,0,0,0,0,0,1,240.0,,0,2,55.0,0,0
1,1,0,2015,2,52,25,0,1,2,0.0,0,0,135,6,3,0,0,0,0,0,0,1,240.0,,0,2,55.0,0,0
1,1,0,2015,2,52,25,0,1,2,0.0,0,0,135,6,3,0,0,0,0,0,0,1,240.0,,0,2,55.0,0,0
1,1,0,2015,2,52,25,0,1,2,0.0,0,0,135,6,3,0,0,0,0,0,0,1,240.0,,0,2,55.0,0,0
1,0,55,2015,2,52,25,1,2,2,0.0,0,0,51,5,3,0,0,0,0,0,0,0,6.0,,0,2,26.1,0,3
1,1,56,2015,2,52,25,1,2,1,0.0,0,0,135,6,3,0,0,0,0,0,0,0,240.0,,0,2,39.0,0,2
1,1,56,2015,2,52,25,1,2,1,0.0,0,0,135,6,3,0,0,0,0,0,0,0,240.0,,0,2,39.0,0,2
1,1,56,2015,2,52,25,1,2,1,0.0,0,0,135,6,3,0,0,0,0,0,0,0,240.0,,0,2,39.0,0,2
1,0,55,2015,2,52,25,1,2,1,0.0,0,0,51,5,3,0,0,0,0,0,0,0,6.0,,0,2,22.5,0,3
1,0,55,2015,2,52,25,1,2,2,0.0,0,0,51,5,3,0,0,0,0,0,0,0,6.0,,0,2,26.1,0,3
1,0,45,2015,2,52,25,2,3,2,0.0,0,0,51,5,3,0,0,0,0,0,0,0,196.0,,0,2,30.0,0,0
1,1,130,2015,2,52,26,2,2,2,0.0,0,0,135,6,3,0,0,0,0,0,0,0,240.0,,0,2,29.16,0,2
1,0,93,2015,2,52,26,2,3,2,0.0,1,0,135,6,3,0,0,0,0,0,1,0,240.0,,0,2,48.42,0,1
1,0,112,2015,2,52,26,2,4,2,2.0,0,0,51,6,3,0,0,0,6,6,0,0,240.0,,0,2,92.55,0,1
1,1,107,2015,2,52,26,2,4,2,2.0,0,0,135,3,1,0,0,0,2,2,0,0,250.0,,0,2,63.68,0,0
1,0,114,2015,2,52,26,2,4,2,0.0,0,0,59,5,3,0,0,0,3,3,1,0,156.0,,0,0,41.33,0,1
1,1,238,2015,2,52,26,2,5,2,0.0,0,0,135,6,3,0,0,0,4,4,1,0,240.0,,0,2,79.86,0,0
1,1,89,2015,2,52,26,2,3,1,0.0,0,0,135,6,3,0,0,0,0,0,0,0,240.0,,0,2,43.2,0,1
1,1,215,2015,2,52,26,2,5,2,0.0,0,0,135,6,3,0,0,0,0,0,0,0,240.0,,0,2,47.06,0,0
1,1,59,2015,2,52,26,2,6,2,0.0,0,0,135,6,3,0,0,0,0,0,1,0,240.0,,0,2,65.18,0,1
1,0,129,2015,2,52,26,4,6,2,0.0,0,0,51,6,3,0,0,0,4,4,0,0,240.0,,0,2,71.88,1,0
1,0,62,2015,2,53,27,2,0,2,0.0,0,0,38,6,3,0,0,0,0,0,0,0,241.0,,0,2,33.26,0,0
1,1,31,2015,2,53,27,2,0,1,0.0,0,2,135,3,1,0,0,0,0,0,1,0,250.0,,0,2,80.0,0,0
1,0,62,2015,2,53,27,2,0,2,0.0,0,0,38,6,3,0,0,0,0,0,0,0,241.0,,0,2,39.26,1,1
1,1,27,2015,2,53,27,2,2,2,0.0,0,0,135,3,1,0,0,0,5,5,0,0,250.0,,0,2,75.0,0,1
1,1,83,2015,2,53,27,2,3,2,0.0,0,0,135,6,3,0,0,0,4,4,0,0,240.0,,0,2,71.28,0,0
1,1,133,2015,2,53,28,1,1,2,0.0,0,0,135,6,3,0,0,0,0,0,0,0,240.0,,0,2,29.16,0,1
1,1,49,2015,2,53,28,1,1,1,0.0,0,0,135,6,3,0,0,0,0,3,0,0,240.0,,0,2,39.0,0,2
1,1,3,2015,2,53,28,1,1,2,0.0,0,0,135,6,3,0,0,0,0,0,0,0,240.0,,0,2,55.0,0,0
1,1,49,2015,2,53,28,1,1,2,0.0,0,0,135,6,3,0,0,0,0,3,0,0,240.0,,0,2,48.0,0,2
1,1,49,2015,2,53,28,1,1,1,0.0,0,0,135,6,3,0,0,0,0,0,0,0,240.0,,0,2,39.0,0,2
1,1,126,2015,2,53,28,1,2,2,0.0,0,0,135,6,3,0,0,0,0,0,0,0,240.0,,0,2,39.42,0,1
1,1,77,2015,2,53,28,1,3,3,1.0,0,0,135,6,3,0,0,0,7,7,0,0,240.0,,0,2,108.0,0,0
1,0,90,2015,2,53,28,1,4,2,0.0,0,0,56,3,1,0,0,0,4,4,0,0,,,0,2,125.51,1,0
1,1,105,2015,2,53,28,1,4,2,2.0,0,0,135,6,3,0,0,0,7,7,0,0,240.0,,0,2,106.92,0,0
1,0,81,2015,2,53,28,1,5,2,0.0,0,0,59,5,3,0,0,0,0,0,1,0,36.0,,0,3,49.92,0,0
1,0,81,2015,2,53,28,1,5,2,0.0,0,0,59,5,3,0,0,0,0,0,1,0,36.0,,0,3,51.92,0,0
1,0,118,2015,2,53,28,2,5,1,2.0,0,0,59,6,3,0,0,0,6,6,0,0,240.0,,0,2,99.51,0,1
1,1,76,2015,2,53,28,3,8,1,0.0,0,0,135,6,3,0,0,0,0,0,0,0,240.0,,0,2,46.64,0,1
1,0,101,2015,2,53,28,4,10,2,0.0,0,2,59,5,3,0,0,0,4,4,0,0,115.0,,0,2,72.63,0,1
1,1,66,2015,2,53,28,1,3,2,0.0,0,0,135,3,1,0,0,0,3,3,0,0,,,0,2,73.5,0,0
1,0,49,2015,2,53,28,1,3,2,0.0,0,0,135,6,3,0,0,0,3,3,0,0,240.0,,0,2,89.5,1,2
1,0,53,2015,2,53,28,1,3,2,0.0,0,0,56,6,3,0,0,0,4,4,0,0,240.0,,0,2,81.9,0,1
1,1,75,2015,2,53,29,0,4,2,0.0,0,0,135,6,3,0,0,0,0,0,0,0,240.0,,0,2,66.83,0,1
1,0,94,2015,2,53,29,2,7,2,0.0,0,0,135,6,3,0,0,0,4,4,0,0,241.0,,0,2,73.7,0,1
1,1,160,2015,2,53,29,2,8,2,0.0,0,0,135,6,3,0,0,0,3,3,1,0,240.0,,0,2,62.88,0,2
1,0,76,2015,2,53,30,0,3,2,1.0,0,2,135,3,1,0,0,0,0,3,0,0,,,0,2,204.33,1,1
1,0,165,2015,2,53,30,0,4,2,0.0,0,4,135,4,3,0,0,0,0,0,0,0,308.0,,122,3,136.5,0,0
1,0,165,2015,2,53,30,0,4,2,0.0,0,4,135,4,3,0,0,0,0,0,0,0,308.0,,122,3,136.5,0,0
1,0,165,2015,2,53,30,0,4,2,0.0,0,4,135,4,3,0,0,0,0,2,0,0,308.0,,122,3,136.5,0,0
1,0,165,2015,2,53,30,0,4,2,0.0,0,4,135,4,3,0,0,0,0,3,0,0,308.0,,122,3,136.5,0,0
1,0,65,2015,2,53,30,0,4,2,0.0,0,0,135,6,3,0,0,0,4,4,0,0,240.0,,0,2,102.6,0,2
1,0,165,2015,2,53,30,0,4,2,0.0,0,4,135,4,3,0,0,0,0,2,0,0,308.0,,122,3,136.5,0,0
1,0,165,2015,2,53,30,0,4,2,0.0,0,4,135,4,3,0,0,0,0,2,0,0,308.0,,122,3,136.5,0,0
1,0,165,2015,2,53,30,0,4,1,0.0,0,2,135,4,3,0,0,0,0,0,1,0,308.0,,122,3,84.5,0,0
1,1,165,2015,2,53,30,0,4,1,0.0,0,2,135,4,3,0,0,0,0,0,0,0,308.0,,122,3,0.0,0,0
1,0,165,2015,2,53,30,0,4,1,0.0,0,2,135,4,3,0,0,0,0,0,0,0,308.0,,122,3,0.0,0,0
1,0,165,2015,2,53,30,0,4,2,0.0,0,4,135,4,3,0,0,0,0,0,0,0,308.0,,122,3,136.5,0,0
1,0,165,2015,2,53,30,0,4,2,0.0,0,4,135,4,3,0,0,0,0,0,0,0,308.0,,122,3,136.5,0,0
1,0,165,2015,2,53,30,0,4,2,0.0,0,4,135,4,3,0,0,0,0,0,0,0,308.0,,122,3,136.5,0,0
1,0,165,2015,2,53,30,0,4,2,0.0,0,4,135,4,3,0,0,0,0,0,1,0,308.0,,122,3,136.5,0,0
1,0,165,2015,2,53,30,0,4,2,0.0,0,4,135,4,3,0,0,0,0,4,0,0,308.0,,122,3,136.5,0,0
1,0,165,2015,2,53,30,0,4,2,0.0,0,4,135,4,3,0,0,0,0,0,0,0,308.0,,122,3,136.5,0,0
1,0,165,2015,2,53,30,0,4,1,0.0,0,4,135,4,3,0,0,0,0,0,1,0,308.0,,122,3,0.0,0,0
1,0,165,2015,2,53,30,0,4,2,0.0,0,4,135,4,3,0,0,0,0,0,0,0,308.0,,122,3,136.5,0,0
1,0,165,2015,2,53,30,0,4,2,0.0,0,4,135,4,3,0,0,0,0,0,2,0,308.0,,122,3,136.5,0,0
1,1,54,2015,2,53,30,0,4,2,0.0,0,0,135,6,3,0,0,0,3,3,0,0,240.0,,0,2,107.75,0,2
1,0,165,2015,2,53,30,0,4,2,0.0,0,4,135,4,3,0,0,0,0,0,0,0,308.0,,122,3,136.5,0,0
1,0,165,2015,2,53,30,0,4,2,0.0,0,4,135,4,3,0,0,0,0,0,0,0,308.0,,122,3,136.5,0,0
1,0,165,2015,2,53,30,0,4,2,0.0,0,4,135,4,3,0,0,0,0,0,0,0,308.0,,122,3,136.5,0,0
1,0,165,2015,2,53,30,0,4,1,0.0,0,4,135,4,3,0,0,0,0,0,0,0,308.0,,122,3,0.0,0,0
1,0,165,2015,2,53,30,0,4,2,0.0,0,4,135,4,3,0,0,0,0,2,0,0,308.0,,122,3,136.5,0,0
1,0,165,2015,2,53,30,0,4,1,0.0,0,2,135,4,3,0,0,0,0,0,1,0,308.0,,122,3,84.5,0,0
1,0,165,2015,2,53,30,0,4,1,0.0,0,2,135,4,3,0,0,0,0,0,1,0,308.0,,122,3,84.5,0,0
1,0,165,2015,2,53,30,0,4,1,0.0,0,2,135,4,3,0,0,0,0,0,0,0,308.0,,122,3,0.0,0,0
1,0,165,2015,2,53,30,0,4,2,0.0,0,4,135,4,3,0,0,0,0,0,0,0,308.0,,122,3,138.5,0,0
1,0,165,2015,2,53,30,0,4,2,0.0,0,4,135,4,3,0,0,0,0,0,0,0,308.0,,122,3,136.5,0,0
1,0,165,2015,2,53,30,0,4,2,0.0,0,4,135,4,3,0,0,0,0,0,0,0,308.0,,122,3,136.5,0,0
1,0,165,2015,2,53,30,0,4,2,0.0,0,4,135,4,3,0,0,0,0,2,0,0,308.0,,122,3,136.5,0,0
1,0,165,2015,2,53,30,0,4,3,0.0,0,4,135,4,3,0,0,0,0,2,1,0,308.0,,122,3,192.25,0,0
1,0,165,2015,2,53,30,0,4,2,0.0,0,4,135,4,3,0,0,0,0,0,0,0,308.0,,122,3,136.5,0,0
1,0,65,2015,2,53,30,0,4,2,0.0,0,0,135,6,3,0,0,0,4,4,0,0,240.0,,0,2,102.6,0,2
1,1,9,2015,2,53,30,1,4,2,0.0,0,0,135,3,1,0,0,0,0,0,0,0,,,0,2,129.2,0,0
1,0,165,2015,2,53,30,1,4,0,0.0,0,3,135,4,3,0,0,0,0,0,1,0,308.0,,122,3,0.0,0,0
1,1,9,2015,2,53,30,1,4,2,0.0,0,0,135,3,1,0,0,0,0,0,0,0,,,0,2,129.2,0,0
1,0,53,2015,2,53,30,0,3,2,2.0,0,0,135,5,3,0,0,0,2,2,0,0,5.0,,0,2,221.2,1,0
1,0,165,2015,2,53,30,0,4,2,0.0,0,4,135,4,3,0,0,0,0,0,0,0,308.0,,122,3,136.5,0,0
1,0,165,2015,2,53,30,0,4,2,0.0,0,4,135,4,3,0,0,0,0,0,0,0,308.0,,122,3,136.5,0,0
1,0,165,2015,2,53,30,0,4,2,0.0,0,4,135,4,3,0,0,0,0,0,0,0,308.0,,122,3,136.5,0,0
1,0,165,2015,2,53,30,0,4,2,0.0,0,4,135,4,3,0,0,0,0,4,0,0,308.0,,122,3,136.5,0,0
1,0,165,2015,2,53,30,0,4,2,0.0,0,4,135,4,3,0,0,0,0,2,1,0,308.0,,122,3,136.5,0,0
1,1,165,2015,2,53,30,0,4,1,0.0,0,2,135,4,3,0,0,0,0,0,0,0,308.0,,122,3,0.0,0,0
1,0,165,2015,2,53,30,0,4,2,0.0,0,4,135,4,3,0,0,0,0,0,0,0,308.0,,122,3,136.5,0,0
1,0,165,2015,2,53,30,0,4,2,0.0,0,4,135,4,3,0,0,0,0,0,0,0,308.0,,122,3,136.5,0,0
1,0,165,2015,2,53,30,0,4,1,0.0,0,4,135,4,3,0,0,0,0,0,0,0,308.0,,122,3,0.0,0,0
1,0,165,2015,2,53,30,0,4,2,0.0,0,4,135,4,3,0,0,0,0,0,0,0,308.0,,122,3,136.5,0,0
1,0,165,2015,2,53,30,0,4,2,0.0,0,4,135,4,3,0,0,0,0,2,0,0,308.0,,122,3,136.5,0,0
1,0,165,2015,2,53,30,0,4,2,0.0,0,4,135,4,3,0,0,0,0,3,0,0,308.0,,122,3,136.5,0,0
1,0,165,2015,2,53,30,0,4,2,0.0,0,4,135,4,3,0,0,0,0,0,0,0,308.0,,122,3,136.5,0,0
1,0,165,2015,2,53,30,0,4,2,0.0,0,4,135,4,3,0,0,0,0,0,0,0,308.0,,122,3,136.5,0,0
1,0,165,2015,2,53,30,0,4,1,0.0,0,4,135,4,3,0,0,0,0,0,3,0,308.0,,122,3,94.25,0,0
1,0,165,2015,2,53,30,0,4,1,0.0,0,4,135,4,3,0,0,0,0,1,0,0,308.0,,122,3,0.0,0,0
1,0,165,2015,2,53,30,0,4,2,0.0,0,4,135,4,3,0,0,0,0,2,0,0,308.0,,122,2,136.5,0,0
1,0,165,2015,2,53,30,0,4,2,0.0,0,4,135,4,3,0,0,0,0,3,0,0,308.0,,122,3,136.5,0,0
1,0,165,2015,2,53,30,0,4,1,0.0,0,2,135,4,3,0,0,0,0,0,5,0,308.0,,122,3,84.5,0,0
1,0,165,2015,2,53,30,0,4,1,0.0,0,2,135,4,3,0,0,0,0,0,1,0,308.0,,122,3,84.5,0,0
1,1,55,2015,2,53,30,0,4,3,1.0,0,0,135,6,3,0,0,0,7,7,0,0,240.0,,0,2,146.5,0,2
1,0,165,2015,2,53,30,2,4,0,0.0,0,3,135,4,3,0,0,0,0,2,1,0,308.0,,122,3,0.0,0,0
1,1,41,2015,2,53,30,2,5,2,0.0,0,0,135,6,3,0,0,0,3,3,0,0,240.0,,0,2,86.29,0,1
1,1,85,2015,2,53,31,0,1,3,0.0,0,0,135,6,3,0,0,0,7,7,1,0,240.0,,0,2,144.0,0,0
1,1,43,2015,2,53,31,0,1,2,0.0,0,0,135,3,1,0,0,0,3,3,0,0,,,0,2,80.0,0,0
1,0,52,2015,2,53,31,0,1,2,0.0,0,2,135,3,1,0,0,0,4,5,1,0,,,0,2,332.0,1,1
1,1,66,2015,2,53,31,0,2,2,0.0,0,2,135,3,1,0,0,0,5,5,0,0,250.0,,0,2,270.0,0,0
1,0,86,2015,2,53,31,0,2,2,0.0,0,0,135,3,1,0,0,0,0,0,3,0,250.0,,0,2,73.35,0,1
1,1,114,2015,2,53,31,0,2,2,0.0,0,0,135,3,1,0,0,0,4,4,0,0,250.0,,0,2,95.85,0,0
1,0,90,2015,2,53,31,0,2,2,0.0,0,0,135,6,3,0,0,0,0,0,0,0,240.0,,0,2,66.02,0,0
1,0,161,2015,2,53,31,0,2,2,1.0,0,2,135,6,3,0,0,0,6,6,1,0,240.0,,0,2,136.1,0,0
1,1,161,2015,2,53,31,0,2,2,1.0,0,0,135,6,3,0,0,0,6,6,0,0,240.0,,0,2,148.1,0,1
1,0,86,2015,2,53,31,0,2,3,0.0,0,0,135,3,1,0,0,0,0,3,1,0,250.0,,0,2,103.35,0,2
1,0,69,2015,2,53,31,0,3,2,0.0,0,0,135,3,1,0,0,0,3,3,0,0,,,0,2,154.98,0,2
1,1,62,2015,2,53,31,0,3,2,0.0,0,0,135,6,3,0,0,0,4,4,0,0,240.0,,0,2,102.6,0,0
1,0,141,2015,2,53,31,0,3,2,1.0,0,0,135,5,3,0,0,0,3,3,1,0,314.0,,0,2,92.43,0,1
1,0,72,2015,2,53,31,0,3,2,1.0,0,0,135,6,3,0,0,0,0,0,0,0,240.0,,0,2,95.07,0,1
1,1,101,2015,2,53,31,0,3,2,0.0,0,0,135,6,3,0,0,0,4,4,0,0,240.0,,0,2,93.6,0,0
1,1,66,2015,2,53,31,0,3,2,0.0,0,0,135,6,3,0,0,0,3,3,0,0,240.0,,0,2,93.6,0,1
1,1,69,2015,2,53,31,0,3,2,0.0,0,0,135,6,3,0,0,0,3,3,0,0,240.0,,0,2,93.6,0,1
1,1,55,2015,2,53,31,0,3,3,1.0,0,0,135,3,1,0,0,0,2,2,0,0,,,0,2,276.6,0,0
1,1,45,2015,2,53,31,0,3,2,0.0,0,0,135,6,3,0,0,0,3,3,0,0,240.0,,0,2,109.0,0,1
1,0,69,2015,2,53,31,0,3,2,0.0,0,0,135,3,1,0,0,0,3,3,0,0,,,0,2,160.98,0,2
1,1,49,2015,2,53,31,0,3,2,0.0,0,0,135,5,3,0,0,0,3,3,0,0,5.0,,0,2,145.87,0,1
1,0,79,2015,2,53,31,0,3,2,0.0,0,0,135,3,1,0,0,0,4,4,0,0,,,0,2,169.48,1,0
1,0,69,2015,2,53,31,0,3,2,1.0,0,0,135,3,1,0,0,0,3,3,0,0,,,0,2,199.73,0,3
1,0,70,2015,2,53,31,0,3,2,0.0,0,0,135,3,1,0,0,0,3,3,0,0,,,0,2,154.98,0,0
1,0,92,2015,2,53,31,2,5,2,0.0,0,2,59,5,3,0,0,0,0,0,0,0,156.0,,0,3,59.18,0,2
1,0,92,2015,2,53,31,2,5,2,0.0,0,2,59,5,3,0,0,0,0,0,0,0,156.0,,0,3,59.18,0,2
1,0,92,2015,2,53,31,2,5,2,0.0,0,2,59,5,3,0,0,0,0,0,0,0,156.0,,0,3,59.18,0,2
1,1,92,2015,2,53,31,2,6,2,0.0,0,0,135,6,3,0,0,0,4,4,1,0,240.0,,0,2,66.6,0,0
1,0,109,2016,4,1,1,0,1,2,0.0,0,0,140,6,3,0,0,0,0,3,0,0,240.0,,0,3,59.94,0,1
1,0,109,2016,4,1,1,0,1,2,2.0,0,0,140,6,3,0,0,0,7,7,0,0,240.0,,0,3,116.1,1,1
1,1,2,2016,4,1,1,0,1,2,0.0,0,0,135,6,3,0,0,0,3,3,0,0,240.0,,0,2,89.0,0,1
1,0,88,2016,4,1,1,0,2,2,0.0,0,2,6,6,3,0,0,0,0,3,0,0,241.0,,0,2,73.46,0,2
1,1,20,2016,4,1,1,0,2,2,2.0,0,0,135,6,3,0,0,0,6,6,0,0,240.0,,0,2,119.0,0,0
1,1,76,2016,4,1,1,1,2,2,0.0,0,0,135,6,3,0,0,0,0,0,0,0,240.0,,0,2,57.9,0,1
1,0,88,2016,4,1,1,0,2,2,1.0,0,2,6,6,3,0,0,0,0,3,0,0,241.0,,0,2,90.17,0,2
1,1,113,2016,4,1,2,0,1,2,0.0,0,2,135,4,1,0,0,0,0,0,0,1,305.0,,0,2,72.0,0,0
1,1,113,2016,4,1,2,0,1,2,0.0,0,2,135,4,1,0,0,0,0,0,0,1,305.0,,0,2,72.0,0,0
1,1,113,2016,4,1,2,0,1,2,0.0,0,2,135,4,1,0,0,0,0,0,0,1,305.0,,0,2,72.0,0,0
1,1,113,2016,4,1,2,0,1,2,0.0,0,2,135,4,1,0,0,0,0,0,0,1,305.0,,0,2,72.0,0,0
1,1,113,2016,4,1,2,0,1,2,0.0,0,2,135,4,1,0,0,0,0,0,0,1,305.0,,0,2,72.0,0,0
1,1,113,2016,4,1,2,0,1,2,0.0,0,2,135,4,1,0,0,0,0,0,0,1,305.0,,0,2,72.0,0,0
1,1,113,2016,4,1,2,0,1,2,0.0,0,2,135,4,1,0,0,0,0,0,0,1,305.0,,0,2,72.0,0,0
1,1,113,2016,4,1,2,0,1,2,0.0,0,2,135,4,1,0,0,0,0,0,0,1,305.0,,0,2,72.0,0,0
1,1,113,2016,4,1,2,0,1,2,0.0,0,2,135,4,1,0,0,0,0,0,0,1,305.0,,0,2,72.0,0,0
1,1,113,2016,4,1,2,0,1,2,0.0,0,2,135,4,1,0,0,0,0,0,0,1,305.0,,0,2,72.0,0,0
1,1,113,2016,4,1,2,0,1,2,0.0,0,2,135,4,1,0,0,0,0,0,0,1,305.0,,0,2,72.0,0,0
1,1,113,2016,4,1,2,0,1,2,0.0,0,2,135,4,1,0,0,0,0,0,0,1,305.0,,0,2,72.0,0,0
1,1,113,2016,4,1,2,0,1,2,0.0,0,2,135,4,1,0,0,0,0,0,0,1,305.0,,0,2,72.0,0,0
1,1,113,2016,4,1,2,0,1,2,0.0,0,2,135,4,1,0,0,0,0,0,0,1,305.0,,0,2,72.0,0,0
1,1,113,2016,4,1,2,0,1,2,0.0,0,2,135,4,1,0,0,0,0,0,0,1,305.0,,0,2,72.0,0,0
1,1,113,2016,4,1,2,0,1,2,0.0,0,2,135,4,1,0,0,0,0,0,0,1,305.0,,0,2,72.0,0,0
1,1,113,2016,4,1,2,0,1,2,0.0,0,2,135,4,1,0,0,0,0,0,0,1,305.0,,0,2,72.0,0,0
1,1,113,2016,4,1,2,0,1,2,0.0,0,2,135,4,1,0,0,0,0,0,0,1,305.0,,0,2,72.0,0,0
1,1,113,2016,4,1,2,0,1,2,0.0,0,2,135,4,1,0,0,0,0,0,0,1,305.0,,0,2,72.0,0,0
1,1,113,2016,4,1,2,0,1,2,0.0,0,2,135,4,1,0,0,0,0,0,0,1,305.0,,0,2,72.0,0,0
1,1,113,2016,4,1,2,0,1,2,0.0,0,2,135,4,1,0,0,0,0,0,0,1,305.0,,0,2,72.0,0,0
1,1,113,2016,4,1,2,0,1,2,0.0,0,2,135,4,1,0,0,0,0,0,0,1,305.0,,0,2,72.0,0,0
1,1,113,2016,4,1,2,0,1,2,0.0,0,2,135,4,1,0,0,0,0,0,0,1,305.0,,0,2,72.0,0,0
1,1,113,2016,4,1,2,0,1,2,0.0,0,2,135,4,1,0,0,0,0,0,0,1,305.0,,0,2,72.0,0,0
1,1,113,2016,4,1,2,0,1,2,0.0,0,2,135,4,1,0,0,0,0,0,0,1,305.0,,0,2,72.0,0,0
1,0,110,2016,4,1,2,2,5,2,0.0,0,0,56,6,3,0,0,0,3,4,0,0,240.0,,0,2,46.93,0,3
1,1,103,2016,4,2,3,2,3,2,0.0,0,0,135,6,3,0,0,0,0,0,0,0,240.0,,0,2,36.45,0,1
1,1,22,2016,4,2,3,2,4,2,0.0,0,0,135,6,3,0,0,0,4,4,0,0,240.0,,0,2,96.0,0,2
1,1,0,2016,4,2,4,1,1,2,0.0,0,0,135,6,3,0,0,0,0,0,0,0,306.0,,0,2,32.3,0,0
1,1,3,2016,4,2,4,1,2,2,0.0,0,0,135,6,3,0,0,0,4,4,0,0,240.0,,0,2,52.8,0,1
1,1,5,2016,4,2,4,1,3,2,0.0,0,2,135,4,0,0,0,0,0,0,0,0,,174.0,0,3,68.0,0,0
1,1,5,2016,4,2,4,1,3,1,0.0,0,2,135,4,0,0,0,0,0,0,0,0,,174.0,0,3,61.0,0,0
1,1,5,2016,4,2,4,1,3,2,0.0,0,2,135,4,0,0,0,0,0,0,0,0,,174.0,0,3,68.0,0,0
1,1,5,2016,4,2,4,1,3,2,0.0,0,2,135,4,0,0,0,0,0,0,0,0,,174.0,0,3,68.0,0,0
1,1,5,2016,4,2,4,1,3,2,0.0,0,2,135,4,0,0,0,0,0,0,0,0,,174.0,0,3,68.0,0,0
1,1,20,2016,4,2,4,1,4,2,0.0,0,0,135,6,3,0,0,0,4,4,0,0,242.0,,0,2,54.4,0,1
1,1,62,2016,4,2,4,1,4,2,0.0,0,0,135,6,3,0,0,0,4,4,0,0,240.0,,0,2,61.2,0,1
1,1,189,2016,4,2,5,0,5,1,0.0,0,0,135,6,3,0,0,0,0,0,0,0,240.0,,0,2,25.11,0,2
1,1,132,2016,4,2,5,0,3,2,0.0,0,0,135,6,3,0,0,0,0,0,0,0,240.0,,0,2,29.16,0,1
1,1,13,2016,4,2,5,8,20,2,0.0,0,4,135,5,3,0,0,0,0,0,0,0,332.0,,0,2,65.0,0,0
1,0,86,2016,4,2,6,0,1,2,0.0,0,2,59,6,3,0,0,0,0,0,0,0,240.0,,0,2,79.5,1,1
1,0,187,2016,4,2,6,0,4,2,0.0,0,0,43,6,3,0,0,0,3,3,0,0,240.0,,0,2,41.4,0,1
1,0,85,2016,4,2,6,0,4,2,0.0,0,0,25,6,3,0,0,0,3,3,2,0,240.0,,0,2,47.4,1,1
1,1,93,2016,4,2,6,2,6,2,0.0,0,0,135,3,1,0,0,0,4,4,0,0,250.0,,0,2,47.6,0,1
1,1,93,2016,4,2,6,2,6,2,0.0,0,0,135,3,1,0,0,0,6,6,0,0,250.0,,0,2,73.1,0,1
1,1,0,2016,4,2,7,0,1,2,0.0,0,0,135,6,3,0,0,0,0,0,0,0,240.0,,0,2,48.0,0,2
1,1,143,2016,4,2,7,1,3,2,0.0,0,0,135,6,3,0,0,0,0,0,0,0,240.0,,0,2,38.4,0,2
1,1,223,2016,4,2,7,2,5,2,0.0,0,0,135,5,3,0,0,0,0,0,0,0,171.0,,0,2,107.0,0,0
1,1,117,2016,4,2,7,2,5,1,0.0,0,2,135,5,3,0,0,0,0,0,0,0,156.0,,0,2,33.08,0,2
1,1,13,2016,4,2,8,0,2,2,0.0,0,0,135,6,3,0,0,0,0,0,0,0,240.0,,0,2,48.0,0,0
1,1,24,2016,4,2,8,0,2,2,0.0,0,0,135,6,3,0,0,0,0,0,1,0,240.0,,0,2,48.0,0,1
1,1,2,2016,4,2,8,0,2,2,0.0,0,0,135,6,3,0,0,0,0,3,0,0,240.0,,0,2,48.0,0,0
1,0,59,2016,4,2,8,0,2,2,0.0,0,0,135,5,3,0,0,0,0,0,0,0,8.0,,0,2,29.0,0,0
1,1,6,2016,4,2,8,0,2,2,0.0,0,0,135,6,3,0,0,0,4,4,0,0,240.0,,0,2,96.0,0,0
1,1,11,2016,4,2,8,1,2,2,0.0,0,0,135,5,3,0,0,0,0,0,0,0,314.0,,0,2,29.0,0,1
1,1,19,2016,4,2,8,1,2,2,0.0,0,0,135,6,3,0,0,0,4,4,0,0,240.0,,0,2,52.8,0,0
1,1,19,2016,4,2,8,1,2,2,0.0,0,0,135,6,3,0,0,0,0,0,0,0,240.0,,0,2,52.8,0,0
1,0,74,2016,4,2,8,2,2,2,0.0,0,0,76,5,3,0,0,0,3,3,0,0,115.0,,0,2,33.3,0,0
1,0,169,2016,4,2,8,2,3,2,0.0,0,0,59,6,3,0,0,0,4,4,0,0,240.0,,0,2,50.4,0,1
1,1,200,2016,4,2,8,8,20,2,0.0,0,0,135,6,3,0,0,0,4,4,0,0,240.0,,0,2,50.4,0,0
1,1,1,2016,4,2,9,0,1,1,0.0,0,0,135,6,3,0,0,0,0,0,0,0,240.0,,0,2,39.0,0,1
1,1,28,2016,4,2,9,0,1,2,0.0,0,0,135,6,3,0,0,0,3,3,0,0,240.0,,0,2,56.0,0,1
1,1,1,2016,4,2,9,0,1,1,0.0,0,0,135,6,3,0,0,0,0,0,0,0,240.0,,0,2,39.0,0,1
1,1,28,2016,4,2,9,0,1,2,0.0,0,0,135,6,3,0,0,0,3,3,0,0,240.0,,0,2,56.0,0,1
1,1,110,2016,4,2,9,2,1,2,0.0,0,0,135,6,3,0,0,0,0,0,0,0,240.0,,0,2,36.45,0,0
1,1,15,2016,4,2,9,2,5,2,0.0,0,0,135,6,3,0,0,0,0,0,0,0,242.0,,0,2,48.0,0,0
1,1,103,2016,4,2,9,2,6,2,2.0,0,0,135,6,3,0,0,0,6,6,0,0,240.0,,0,2,77.4,0,1
1,0,87,2016,4,2,9,4,10,2,0.0,0,0,43,5,3,0,0,0,0,0,0,0,171.0,,0,2,26.1,0,0
1,1,177,2016,4,3,10,2,4,1,0.0,0,0,135,6,3,0,0,0,0,0,0,0,240.0,,0,2,25.11,0,1
1,1,6,2016,4,3,10,2,3,2,0.0,0,0,135,6,3,0,0,0,0,0,0,0,240.0,,0,2,48.0,0,1
1,1,8,2016,4,3,12,0,2,2,0.0,0,0,135,3,1,0,0,0,0,3,0,0,,,0,2,43.0,0,0
1,1,99,2016,4,3,12,2,10,2,0.0,0,0,135,6,3,0,0,0,3,3,0,0,242.0,,0,2,41.4,0,0
1,1,99,2016,4,3,12,2,10,2,0.0,0,0,135,6,3,0,0,0,3,3,0,0,242.0,,0,2,41.4,0,1
1,0,172,2016,4,3,12,8,20,2,0.0,0,0,59,5,3,0,0,0,0,0,0,0,314.0,,0,0,25.92,0,1
1,1,284,2016,4,3,12,8,20,2,0.0,0,0,135,5,3,0,0,0,0,0,0,0,171.0,,0,2,26.1,0,0
1,1,122,2016,4,3,12,12,30,2,0.0,0,0,135,5,3,0,0,0,0,0,0,0,8.0,,0,2,22.11,0,0
1,0,0,2016,4,3,13,0,0,2,0.0,0,0,135,6,3,0,0,0,3,8,0,0,242.0,,0,2,0.0,0,1
1,1,15,2016,4,3,13,0,4,1,0.0,0,0,135,6,3,0,0,0,0,0,0,0,240.0,,0,2,39.0,0,2
1,1,15,2016,4,3,13,0,4,1,0.0,0,0,135,6,3,0,0,0,0,0,0,0,240.0,,0,2,39.0,0,2
1,1,15,2016,4,3,13,0,4,1,0.0,0,0,135,6,3,0,0,0,0,0,0,0,240.0,,0,2,39.0,0,2
1,0,23,2016,4,3,14,0,1,2,0.0,0,0,169,3,1,0,0,0,4,4,0,0,,,0,2,48.0,0,0
1,1,0,2016,4,3,15,0,1,2,0.0,0,0,135,3,1,0,0,0,0,3,0,0,,,0,3,44.0,0,0
1,1,34,2016,4,3,15,0,2,2,0.0,0,0,135,6,3,0,0,0,3,3,0,0,240.0,,0,2,44.8,0,1
1,1,1,2016,4,3,16,0,1,2,0.0,0,0,135,6,3,0,0,0,4,4,0,0,240.0,,0,2,59.0,0,1
1,1,7,2016,4,3,16,2,5,2,0.0,0,2,135,6,3,0,0,0,3,3,0,0,241.0,,0,2,57.6,0,0
1,1,172,2016,4,4,17,3,5,2,0.0,0,2,135,6,3,0,0,0,0,0,0,0,240.0,,0,2,59.4,0,1
1,1,172,2016,4,4,17,3,5,2,0.0,0,0,135,6,3,0,0,0,0,0,0,0,240.0,,0,2,29.16,0,1
1,1,12,2016,4,4,18,1,0,1,0.0,0,0,135,1,3,0,0,0,5,5,0,0,15.0,,0,2,0.0,0,0
1,1,31,2016,4,4,18,1,2,2,0.0,0,0,135,6,3,0,0,0,3,3,0,0,240.0,,0,2,44.8,0,1
1,1,3,2016,4,4,19,0,1,1,0.0,0,0,135,6,3,0,0,0,0,0,0,0,240.0,,0,2,39.0,0,0
1,1,3,2016,4,4,21,0,1,1,0.0,0,0,135,2,0,0,0,0,0,4,0,0,,47.0,0,2,30.0,0,0
1,1,34,2016,4,4,21,0,3,2,0.0,0,0,135,6,3,0,0,0,3,3,0,0,240.0,,0,2,44.8,0,1
1,1,26,2016,4,4,21,0,3,2,0.0,0,0,135,6,3,0,0,0,3,3,0,0,240.0,,0,2,44.8,0,1
1,1,3,2016,4,4,22,0,1,1,0.0,0,0,135,5,3,0,0,0,0,3,0,0,330.0,,0,3,38.0,0,2
1,0,101,2016,4,4,22,0,2,2,0.0,0,2,59,6,3,0,0,0,4,4,0,0,241.0,,0,2,66.98,1,0
1,1,3,2016,4,4,22,0,1,2,0.0,0,0,135,5,3,0,0,0,0,3,0,0,330.0,,0,3,43.0,0,2
1,1,3,2016,4,4,22,0,2,2,0.0,0,0,135,3,1,0,0,0,4,4,0,0,,,0,2,52.8,0,1
1,1,13,2016,4,4,22,2,4,2,0.0,0,0,135,6,3,0,0,0,3,3,0,0,240.0,,0,2,44.8,0,2
1,1,11,2016,4,4,23,0,1,2,0.0,0,0,135,6,3,0,0,0,0,3,0,0,240.0,,0,2,48.0,0,0
1,1,1,2016,4,4,23,0,1,2,0.0,0,2,135,6,3,0,0,0,4,5,0,0,240.0,,0,2,96.0,0,1
1,1,173,2016,4,5,25,1,0,2,0.0,0,2,135,6,3,0,0,0,0,0,0,0,240.0,,0,2,59.4,0,1
1,1,14,2016,4,5,25,1,2,2,0.0,0,0,135,3,1,0,0,0,4,4,0,0,,,0,2,61.0,0,2
1,0,160,2016,4,5,25,1,3,2,0.0,0,0,59,6,3,0,0,0,4,4,0,0,241.0,,0,2,36.86,0,1
1,0,154,2016,4,5,26,0,1,2,0.0,0,0,91,6,3,0,0,0,0,3,0,0,240.0,,0,2,35.16,1,2
1,1,4,2016,4,5,26,0,1,1,0.0,0,0,135,2,0,0,0,0,0,0,0,0,,,0,2,38.0,0,0
1,0,214,2016,4,5,26,12,30,2,0.0,0,0,59,5,3,0,0,0,3,3,0,0,8.0,,0,2,31.45,0,0
1,0,154,2016,4,5,26,0,1,2,0.0,0,0,91,6,3,0,0,0,0,3,0,0,240.0,,0,2,29.16,0,2
1,1,5,2016,4,5,27,0,1,1,0.0,0,0,135,2,0,0,0,0,0,3,0,0,,373.0,0,2,39.0,0,0
1,1,16,2016,4,5,27,0,2,2,0.0,0,0,135,6,3,0,0,0,0,0,0,0,240.0,,0,2,48.0,0,1
1,1,2,2016,4,5,28,0,1,1,0.0,0,0,135,2,0,0,0,0,0,0,0,0,126.0,,0,2,30.0,0,0
1,1,80,2016,4,5,28,0,2,2,0.0,0,0,135,6,3,0,0,0,0,0,0,0,240.0,,0,2,48.0,0,1
1,1,33,2016,4,5,28,0,3,1,0.0,0,0,135,6,3,0,0,0,0,0,0,0,240.0,,0,2,39.0,0,0
1,1,33,2016,4,5,28,0,3,1,0.0,0,0,135,6,3,0,0,0,0,0,0,0,240.0,,0,2,39.0,0,0
1,1,185,2016,4,5,28,2,3,2,0.0,1,0,135,6,3,0,0,0,0,0,0,0,240.0,,0,2,32.4,0,3
1,0,1,2016,4,5,29,0,1,2,0.0,0,0,135,3,1,0,0,0,6,6,0,0,,,0,2,75.0,1,0
1,1,48,2016,4,5,29,0,2,2,0.0,0,2,135,5,3,0,0,0,0,0,0,0,171.0,,0,2,55.0,0,0
1,1,157,2016,4,5,29,2,5,2,0.0,0,2,135,6,3,0,0,0,5,5,0,0,242.0,,0,2,88.2,0,1
1,1,15,2016,4,5,30,0,1,2,0.0,0,0,135,6,3,0,0,0,0,0,0,0,240.0,,0,2,48.0,0,1
1,1,22,2016,4,6,31,2,2,2,0.0,0,0,135,6,3,0,0,0,4,4,0,0,240.0,,0,2,52.8,0,2
1,1,3,2016,3,6,1,1,0,1,0.0,0,0,135,2,0,0,0,0,0,3,0,0,,286.0,0,3,39.0,0,0
1,1,3,2016,3,6,1,1,0,1,0.0,0,0,135,2,0,0,0,0,0,3,0,0,,286.0,0,3,39.0,0,0
1,0,0,2016,3,6,1,1,0,1,0.0,0,0,135,2,0,0,0,0,0,3,0,0,,,0,2,39.0,0,1
1,1,13,2016,3,6,1,1,0,2,0.0,0,0,135,3,1,0,0,0,4,4,1,0,250.0,,0,2,67.0,0,0
1,1,11,2016,3,6,1,1,3,1,0.0,0,0,135,2,0,0,0,0,0,3,0,0,94.0,,0,2,27.0,0,0
1,1,28,2016,3,6,1,1,3,2,0.0,0,0,135,6,3,0,0,0,3,3,0,0,240.0,,0,2,46.4,0,2
1,0,101,2016,3,6,1,2,5,2,0.0,0,0,59,6,3,0,0,0,0,0,0,0,240.0,,0,2,43.2,0,1
1,1,202,2016,3,6,2,0,3,1,0.0,0,0,135,6,3,0,0,0,0,0,1,0,240.0,,0,2,27.9,0,1
1,1,133,2016,3,6,2,5,15,2,0.0,0,0,135,5,3,0,0,0,0,0,0,0,171.0,,0,2,24.94,0,0
1,1,4,2016,3,6,3,0,2,2,0.0,0,0,135,6,3,0,0,0,4,4,0,0,240.0,,0,2,68.0,0,1
1,0,116,2016,3,6,3,0,4,2,0.0,0,0,59,3,1,0,0,0,5,5,0,0,250.0,,0,2,56.1,0,1
1,1,100,2016,3,6,3,0,4,2,0.0,0,0,135,3,1,0,0,0,5,5,0,0,250.0,,0,2,56.1,0,0
1,0,97,2016,3,6,3,0,4,2,0.0,0,0,59,5,3,0,0,0,5,5,0,0,36.0,,0,2,50.54,0,0
1,1,39,2016,3,6,3,2,5,2,0.0,0,2,135,5,3,0,0,0,0,0,0,0,6.0,,0,2,55.0,0,0
1,1,46,2016,3,6,3,7,19,1,0.0,0,0,135,3,1,0,0,0,0,0,0,0,,,0,3,30.0,0,1
1,1,46,2016,3,6,3,7,19,2,0.0,0,0,135,3,1,0,0,0,0,0,1,0,,,0,3,38.0,0,1
1,1,20,2016,3,6,4,0,1,1,0.0,0,0,135,6,3,0,0,0,0,0,0,0,240.0,,0,2,39.0,0,1
1,1,142,2016,3,6,4,0,3,2,0.0,0,0,135,6,3,0,0,0,4,4,0,0,240.0,,0,2,50.4,0,1
1,1,17,2016,3,6,4,0,3,2,0.0,0,0,135,6,3,0,0,0,0,0,0,0,240.0,,0,2,54.67,0,1
1,1,26,2016,3,6,4,1,3,2,1.0,0,0,135,6,3,0,0,0,6,6,0,0,240.0,,0,2,87.0,0,1
1,1,83,2016,3,6,4,1,3,2,2.0,0,0,135,6,3,0,0,0,6,6,0,0,240.0,,0,2,98.0,0,0
1,1,99,2016,3,6,4,4,8,2,0.0,0,0,135,6,3,0,0,0,0,0,0,0,240.0,,0,2,38.88,0,1
1,1,13,2016,3,6,5,0,2,2,0.0,0,0,135,6,3,0,0,0,0,0,0,0,240.0,,0,2,53.0,0,1
1,1,2,2016,3,6,5,0,2,2,1.0,0,0,135,5,3,0,0,0,0,2,0,0,177.0,,0,2,36.25,0,1
1,1,18,2016,3,6,5,1,2,2,1.0,0,0,135,6,3,0,0,0,0,3,1,0,240.0,,0,2,69.67,0,2
1,0,88,2016,3,6,5,2,2,2,0.0,0,0,51,5,3,0,0,0,0,3,0,0,6.0,,0,3,26.0,1,0
1,0,88,2016,3,6,5,2,2,2,0.0,0,0,51,5,3,0,0,0,0,3,0,0,6.0,,0,3,26.0,0,0
1,1,18,2016,3,6,5,2,5,2,0.0,0,0,135,6,3,0,0,0,0,0,0,0,240.0,,0,2,56.57,0,2
1,1,18,2016,3,6,5,2,5,2,0.0,0,0,135,6,3,0,0,0,0,0,0,0,240.0,,0,2,56.57,0,2
1,0,211,2016,3,6,5,2,6,2,0.0,0,2,59,5,3,0,0,0,4,4,1,0,314.0,,0,2,72.55,0,0
1,1,29,2016,3,6,6,2,1,2,0.0,0,0,135,6,3,0,0,0,0,0,0,0,240.0,,0,2,48.0,0,1
1,1,72,2016,3,6,6,2,1,2,0.0,0,2,135,4,1,0,0,0,3,3,0,0,,,0,3,73.33,0,0
1,1,72,2016,3,6,6,2,1,2,0.0,0,2,135,4,1,0,0,0,3,3,0,0,,,0,3,73.33,0,0
1,1,72,2016,3,6,6,2,1,2,0.0,0,2,135,4,1,0,0,0,3,3,0,0,,,0,3,73.33,0,0
1,1,72,2016,3,6,6,2,1,2,0.0,0,2,135,4,1,0,0,0,3,3,0,0,,,0,3,73.33,0,0
1,1,72,2016,3,6,6,2,1,2,0.0,0,2,135,4,1,0,0,0,3,3,0,0,,,0,3,73.33,0,0
1,1,72,2016,3,6,6,2,1,2,0.0,0,2,135,4,1,0,0,0,3,3,0,0,,,0,3,73.33,0,0
1,1,12,2016,3,6,6,2,1,2,2.0,0,0,135,6,3,0,0,0,2,2,0,0,242.0,,0,2,78.0,0,1
1,1,72,2016,3,6,6,2,1,2,0.0,0,2,135,4,1,0,0,0,3,3,0,0,,,0,3,73.33,0,0
1,1,72,2016,3,6,6,2,1,2,0.0,0,2,135,4,1,0,0,0,3,3,0,0,,,0,3,73.33,0,0
1,1,72,2016,3,6,6,2,1,2,0.0,0,2,135,4,1,0,0,0,3,3,0,0,,,0,3,73.33,0,0
1,1,72,2016,3,6,6,2,1,2,0.0,0,2,135,4,1,0,0,0,3,3,0,0,,,0,3,73.33,0,0
1,1,22,2016,3,6,6,2,1,3,1.0,0,0,135,6,3,0,0,0,7,7,0,0,240.0,,0,2,118.0,0,0
1,1,72,2016,3,6,6,2,1,2,0.0,0,2,135,4,1,0,0,0,3,3,0,0,,,0,3,73.33,0,0
1,1,72,2016,3,6,6,2,1,2,0.0,0,2,135,4,1,0,0,0,3,3,0,0,,,0,3,73.33,0,0
1,1,72,2016,3,6,6,2,1,2,0.0,0,2,135,4,1,0,0,0,3,3,0,0,,,0,3,73.33,0,0
1,1,72,2016,3,6,6,2,1,2,0.0,0,2,135,4,1,0,0,0,3,3,0,0,,,0,3,73.33,0,0
1,1,72,2016,3,6,6,2,1,2,0.0,0,2,135,4,1,0,0,0,3,3,0,0,,,0,3,73.33,0,0
1,1,72,2016,3,6,6,2,1,2,0.0,0,2,135,4,1,0,0,0,3,3,0,0,,,0,3,73.33,0,0
1,1,72,2016,3,6,6,2,1,2,0.0,0,2,135,4,1,0,0,0,3,3,0,0,,,0,3,73.33,0,0
1,1,72,2016,3,6,6,2,1,2,0.0,0,2,135,4,1,0,0,0,3,3,0,0,,,0,3,73.33,0,0
1,1,72,2016,3,6,6,2,1,2,0.0,0,2,135,4,1,0,0,0,3,3,0,0,,,0,3,73.33,0,0
1,1,72,2016,3,6,6,2,1,2,0.0,0,2,135,4,1,0,0,0,3,3,0,0,,,0,3,73.33,0,0
1,1,72,2016,3,6,6,2,1,2,0.0,0,2,135,4,1,0,0,0,3,3,0,0,,,0,3,73.33,0,0
1,1,72,2016,3,6,6,2,1,2,0.0,0,2,135,4,1,0,0,0,3,3,0,0,,,0,3,73.33,0,0
1,1,72,2016,3,6,6,2,1,2,0.0,0,2,135,4,1,0,0,0,3,3,0,0,,,0,3,73.33,0,0
1,1,155,2016,3,6,6,2,2,2,0.0,0,2,135,6,3,0,0,0,0,0,1,0,240.0,,0,2,59.4,0,0
1,0,94,2016,3,6,6,2,2,2,0.0,0,0,76,5,3,0,0,0,0,0,0,0,115.0,,0,2,28.1,0,2
1,0,94,2016,3,6,6,2,2,2,0.0,0,0,76,5,3,0,0,0,0,0,0,0,115.0,,0,2,28.1,0,1
1,1,81,2016,3,6,6,2,5,2,0.0,0,2,135,6,3,0,0,0,0,0,0,0,240.0,,0,2,70.2,0,1
1,0,168,2016,3,6,6,2,5,2,0.0,0,0,46,6,3,0,0,0,4,4,0,0,241.0,,0,2,36.86,0,1
1,1,120,2016,3,6,6,4,6,2,0.0,0,0,135,6,3,0,0,0,4,4,0,0,240.0,,0,2,50.4,0,1
1,1,8,2016,3,6,6,4,10,1,0.0,0,0,135,5,3,0,0,0,0,0,0,0,6.0,,0,2,25.0,0,0
1,1,4,2016,3,7,7,2,1,1,0.0,0,0,135,3,1,0,0,0,0,0,0,0,250.0,,0,2,39.0,0,0
1,1,111,2016,3,7,8,1,0,2,0.0,0,0,135,6,3,0,0,0,3,3,0,0,240.0,,0,2,41.4,0,0
1,0,143,2016,3,7,8,1,1,2,0.0,0,0,31,6,3,0,0,0,3,3,0,0,240.0,,0,2,41.4,0,1
1,0,143,2016,3,7,8,1,1,2,0.0,0,0,31,6,3,0,0,0,3,3,0,0,240.0,,0,2,41.4,0,1
1,1,102,2016,3,7,8,1,2,2,0.0,0,2,135,4,3,0,0,0,0,0,0,0,332.0,,0,3,50.0,0,0
1,1,102,2016,3,7,8,1,2,2,0.0,0,2,135,4,3,0,0,0,0,0,0,0,332.0,,0,3,50.0,0,0
1,1,102,2016,3,7,8,1,2,2,0.0,0,2,135,4,3,0,0,0,0,0,0,0,332.0,,0,3,50.0,0,0
1,1,102,2016,3,7,8,1,2,2,0.0,0,2,135,4,3,0,0,0,0,0,0,0,332.0,,0,3,50.0,0,0
1,1,102,2016,3,7,8,1,2,2,0.0,0,2,135,4,3,0,0,0,0,0,0,0,332.0,,0,3,50.0,0,0
1,1,102,2016,3,7,8,1,2,2,0.0,0,2,135,4,3,0,0,0,0,0,0,0,332.0,,0,3,50.0,0,0
1,1,5,2016,3,7,8,1,3,2,2.0,0,0,135,6,3,0,0,0,6,6,0,0,240.0,,0,2,98.0,0,1
1,0,117,2016,3,7,8,1,3,2,0.0,0,0,76,6,3,0,0,0,3,3,0,0,240.0,,0,2,43.4,0,2
1,0,152,2016,3,7,8,1,3,2,0.0,0,0,76,6,3,0,0,0,3,6,1,0,241.0,,0,2,67.88,1,2
1,1,32,2016,3,7,8,1,4,2,0.0,0,0,135,6,3,0,0,0,4,4,0,0,240.0,,0,2,53.44,0,1
1,0,103,2016,3,7,9,0,2,2,0.0,0,2,56,4,3,0,0,0,0,0,0,0,332.0,,0,3,50.0,0,1
1,1,103,2016,3,7,9,0,2,2,0.0,0,2,135,4,3,0,0,0,0,0,0,0,332.0,,0,3,50.0,0,0
1,0,103,2016,3,7,9,0,2,2,0.0,0,2,56,4,3,0,0,0,0,0,0,0,332.0,,0,3,50.0,0,0
1,0,103,2016,3,7,9,0,2,2,0.0,0,2,56,4,3,0,0,0,0,0,0,0,332.0,,0,3,50.0,0,0
1,1,103,2016,3,7,9,0,2,2,0.0,0,2,135,4,3,0,0,0,0,0,0,0,332.0,,0,3,50.0,0,0
1,1,103,2016,3,7,9,0,2,2,0.0,0,2,135,4,3,0,0,0,0,0,0,0,332.0,,0,3,50.0,0,0
1,1,103,2016,3,7,9,0,2,2,0.0,0,2,135,4,3,0,0,0,0,0,0,0,332.0,,0,3,50.0,0,0
1,1,103,2016,3,7,9,0,2,2,0.0,0,2,135,4,3,0,0,0,0,0,0,0,332.0,,0,3,50.0,0,0
1,1,103,2016,3,7,9,0,2,2,0.0,0,2,135,4,3,0,0,0,0,0,0,0,332.0,,0,3,50.0,0,0
1,1,103,2016,3,7,9,0,2,2,0.0,0,2,135,4,3,0,0,0,0,0,0,0,332.0,,0,3,50.0,0,0
1,0,103,2016,3,7,9,0,2,2,0.0,0,2,56,4,3,0,0,0,0,0,0,0,332.0,,0,3,50.0,0,0
1,0,103,2016,3,7,9,0,2,2,0.0,0,2,56,4,3,0,0,0,0,0,0,0,332.0,,0,3,50.0,0,0
1,0,103,2016,3,7,9,0,2,2,0.0,0,2,135,4,3,0,0,0,0,0,0,0,332.0,,0,2,50.0,0,1
1,0,103,2016,3,7,9,0,2,2,0.0,0,2,56,4,3,0,0,0,0,0,0,0,332.0,,0,3,50.0,0,0
1,0,103,2016,3,7,9,0,2,2,0.0,0,2,56,4,3,0,0,0,0,0,0,0,332.0,,0,3,50.0,0,0
1,1,103,2016,3,7,9,0,2,2,0.0,0,2,135,4,3,0,0,0,0,0,0,0,332.0,,0,3,50.0,0,0
1,1,103,2016,3,7,9,0,2,2,0.0,0,2,135,4,3,0,0,0,0,0,0,0,332.0,,0,3,50.0,0,0
1,0,103,2016,3,7,9,0,2,2,0.0,0,2,56,4,3,0,0,0,0,0,0,0,332.0,,0,3,50.0,0,0
1,0,103,2016,3,7,9,0,2,2,0.0,0,2,56,4,3,0,0,0,0,0,0,0,332.0,,0,3,52.0,0,1
1,1,312,2016,3,7,9,4,10,2,0.0,0,0,135,5,3,0,0,0,0,0,0,0,171.0,,0,2,26.1,0,0
1,0,2,2016,3,7,10,0,1,1,0.0,0,0,135,5,3,0,0,0,0,3,0,0,,371.0,0,2,30.0,0,2
1,0,103,2016,3,7,10,0,2,2,0.0,0,0,123,6,3,0,0,0,4,4,0,0,240.0,,0,2,61.2,1,0
1,0,103,2016,3,7,10,0,3,2,0.0,0,0,123,6,3,0,0,0,4,4,0,0,240.0,,0,2,67.2,1,1
1,1,39,2016,3,7,10,1,4,2,0.0,0,2,135,5,3,0,0,0,0,0,0,0,6.0,,0,2,55.0,0,0
1,1,39,2016,3,7,10,1,4,2,0.0,0,2,135,5,3,0,0,0,0,0,0,0,6.0,,0,2,55.0,0,1
1,0,103,2016,3,7,10,2,4,1,0.0,0,0,123,6,3,0,0,0,0,3,0,0,240.0,,0,2,35.1,0,0
1,1,7,2016,3,7,11,0,1,2,0.0,0,0,135,5,3,0,0,0,0,0,0,0,196.0,,0,2,30.0,0,0
1,1,64,2016,3,7,11,1,3,2,0.0,0,0,135,4,3,0,0,0,0,0,0,1,15.0,,0,2,29.0,0,0
1,1,64,2016,3,7,11,1,3,2,0.0,0,0,135,4,3,0,0,0,0,0,0,1,15.0,,0,2,29.0,0,0
1,1,64,2016,3,7,11,1,3,2,0.0,0,0,135,4,3,0,0,0,0,0,0,1,15.0,,0,2,29.0,0,0
1,1,64,2016,3,7,11,1,3,1,0.0,0,0,135,4,3,0,0,0,0,0,0,0,15.0,,0,2,0.0,0,0
1,1,64,2016,3,7,11,1,3,2,0.0,0,0,135,4,3,0,0,0,0,0,0,1,15.0,,0,2,29.0,0,0
1,1,64,2016,3,7,11,1,3,2,0.0,0,0,135,4,3,0,0,0,0,0,0,1,15.0,,0,2,29.0,0,0
1,1,64,2016,3,7,11,1,3,1,0.0,0,0,135,4,3,0,0,0,0,0,0,1,15.0,,0,2,25.0,0,0
1,1,27,2016,3,7,11,0,3,3,1.0,0,0,135,6,3,0,0,0,7,7,1,0,240.0,,0,2,118.0,0,1
1,1,64,2016,3,7,11,1,3,2,0.0,0,0,135,4,3,0,0,0,0,0,0,1,15.0,,0,2,29.0,0,0
1,1,64,2016,3,7,11,1,3,2,0.0,0,0,135,4,3,0,0,0,0,0,0,1,15.0,,0,2,29.0,0,0
1,1,64,2016,3,7,11,1,3,2,0.0,0,0,135,4,3,0,0,0,0,0,0,1,15.0,,0,2,29.0,0,0
1,1,64,2016,3,7,11,1,3,2,0.0,0,0,135,4,3,0,0,0,0,0,0,1,15.0,,0,2,29.0,0,0
